INFO:    Environment variable SINGULARITY_DISABLE_CACHE is set, but APPTAINER_DISABLE_CACHE is preferred
Resolved 133 packages in 63ms
   Building mss @ file:///workspace
Downloading pyarrow (40.1MiB)
      Built mss @ file:///workspace
 Downloading pyarrow
Prepared 2 packages in 704ms
Installed 2 packages in 7.44s
 + mss==0.2.0 (from file:///workspace)
 + pyarrow==19.0.1
run_start config=config/simulation_abx.yml days=1460 hospitals=15 susceptible=9925 seed_carriers=75 micro_steps_per_day=12 micro_workers=350 seed=42
day=001 susceptible=9919 carriers=0103 avg_resistant_fraction=0.3445
day=002 susceptible=9830 carriers=0160 avg_resistant_fraction=0.2634
day=003 susceptible=9566 carriers=0243 avg_resistant_fraction=0.2179
day=004 susceptible=8897 carriers=0339 avg_resistant_fraction=0.1711
day=005 susceptible=7817 carriers=0466 avg_resistant_fraction=0.1336
day=006 susceptible=6472 carriers=0636 avg_resistant_fraction=0.1241
day=007 susceptible=5046 carriers=0866 avg_resistant_fraction=0.1110
day=008 susceptible=3698 carriers=1144 avg_resistant_fraction=0.0969
day=009 susceptible=2601 carriers=1452 avg_resistant_fraction=0.0884
day=010 susceptible=1720 carriers=1768 avg_resistant_fraction=0.0810
day=011 susceptible=1097 carriers=2005 avg_resistant_fraction=0.0741
day=012 susceptible=0693 carriers=2185 avg_resistant_fraction=0.0708
day=013 susceptible=0455 carriers=2299 avg_resistant_fraction=0.0685
day=014 susceptible=0313 carriers=2392 avg_resistant_fraction=0.0684
day=015 susceptible=0247 carriers=2437 avg_resistant_fraction=0.0678
day=016 susceptible=0196 carriers=2474 avg_resistant_fraction=0.0686
day=017 susceptible=0168 carriers=2517 avg_resistant_fraction=0.0677
day=018 susceptible=0157 carriers=2549 avg_resistant_fraction=0.0678
day=019 susceptible=0161 carriers=2575 avg_resistant_fraction=0.0710
day=020 susceptible=0161 carriers=2594 avg_resistant_fraction=0.0694
day=021 susceptible=0144 carriers=2617 avg_resistant_fraction=0.0697
day=022 susceptible=0149 carriers=2636 avg_resistant_fraction=0.0715
day=023 susceptible=0140 carriers=2666 avg_resistant_fraction=0.0710
day=024 susceptible=0135 carriers=2697 avg_resistant_fraction=0.0721
day=025 susceptible=0135 carriers=2717 avg_resistant_fraction=0.0710
day=026 susceptible=0134 carriers=2746 avg_resistant_fraction=0.0713
day=027 susceptible=0134 carriers=2757 avg_resistant_fraction=0.0712
day=028 susceptible=0125 carriers=2786 avg_resistant_fraction=0.0722
day=029 susceptible=0127 carriers=2801 avg_resistant_fraction=0.0720
day=030 susceptible=0125 carriers=2824 avg_resistant_fraction=0.0724
day=031 susceptible=0129 carriers=2841 avg_resistant_fraction=0.0732
day=032 susceptible=0136 carriers=2850 avg_resistant_fraction=0.0744
day=033 susceptible=0148 carriers=2867 avg_resistant_fraction=0.0756
day=034 susceptible=0143 carriers=2884 avg_resistant_fraction=0.0761
day=035 susceptible=0136 carriers=2912 avg_resistant_fraction=0.0760
day=036 susceptible=0127 carriers=2932 avg_resistant_fraction=0.0769
day=037 susceptible=0119 carriers=2952 avg_resistant_fraction=0.0771
day=038 susceptible=0127 carriers=2963 avg_resistant_fraction=0.0781
day=039 susceptible=0125 carriers=2975 avg_resistant_fraction=0.0794
day=040 susceptible=0121 carriers=2989 avg_resistant_fraction=0.0800
day=041 susceptible=0126 carriers=3013 avg_resistant_fraction=0.0811
day=042 susceptible=0134 carriers=3034 avg_resistant_fraction=0.0819
day=043 susceptible=0122 carriers=3064 avg_resistant_fraction=0.0820
day=044 susceptible=0123 carriers=3089 avg_resistant_fraction=0.0830
day=045 susceptible=0126 carriers=3111 avg_resistant_fraction=0.0849
day=046 susceptible=0128 carriers=3134 avg_resistant_fraction=0.0856
day=047 susceptible=0126 carriers=3152 avg_resistant_fraction=0.0861
day=048 susceptible=0117 carriers=3178 avg_resistant_fraction=0.0875
day=049 susceptible=0118 carriers=3201 avg_resistant_fraction=0.0886
day=050 susceptible=0115 carriers=3222 avg_resistant_fraction=0.0898
day=051 susceptible=0130 carriers=3238 avg_resistant_fraction=0.0901
day=052 susceptible=0133 carriers=3256 avg_resistant_fraction=0.0912
day=053 susceptible=0144 carriers=3265 avg_resistant_fraction=0.0916
day=054 susceptible=0142 carriers=3291 avg_resistant_fraction=0.0924
day=055 susceptible=0149 carriers=3302 avg_resistant_fraction=0.0953
day=056 susceptible=0140 carriers=3330 avg_resistant_fraction=0.0964
day=057 susceptible=0137 carriers=3352 avg_resistant_fraction=0.0990
day=058 susceptible=0126 carriers=3371 avg_resistant_fraction=0.0993
day=059 susceptible=0127 carriers=3386 avg_resistant_fraction=0.1002
day=060 susceptible=0133 carriers=3403 avg_resistant_fraction=0.1012
day=061 susceptible=0129 carriers=3431 avg_resistant_fraction=0.1026
day=062 susceptible=0134 carriers=3447 avg_resistant_fraction=0.1035
day=063 susceptible=0139 carriers=3476 avg_resistant_fraction=0.1054
day=064 susceptible=0133 carriers=3507 avg_resistant_fraction=0.1075
day=065 susceptible=0132 carriers=3527 avg_resistant_fraction=0.1090
day=066 susceptible=0125 carriers=3554 avg_resistant_fraction=0.1104
day=067 susceptible=0135 carriers=3570 avg_resistant_fraction=0.1124
day=068 susceptible=0142 carriers=3586 avg_resistant_fraction=0.1159
day=069 susceptible=0141 carriers=3615 avg_resistant_fraction=0.1172
day=070 susceptible=0133 carriers=3650 avg_resistant_fraction=0.1178
day=071 susceptible=0130 carriers=3669 avg_resistant_fraction=0.1199
day=072 susceptible=0119 carriers=3700 avg_resistant_fraction=0.1208
day=073 susceptible=0108 carriers=3730 avg_resistant_fraction=0.1234
day=074 susceptible=0120 carriers=3741 avg_resistant_fraction=0.1248
day=075 susceptible=0128 carriers=3763 avg_resistant_fraction=0.1271
day=076 susceptible=0126 carriers=3784 avg_resistant_fraction=0.1287
day=077 susceptible=0121 carriers=3818 avg_resistant_fraction=0.1307
day=078 susceptible=0110 carriers=3844 avg_resistant_fraction=0.1323
day=079 susceptible=0104 carriers=3869 avg_resistant_fraction=0.1346
day=080 susceptible=0103 carriers=3887 avg_resistant_fraction=0.1380
day=081 susceptible=0123 carriers=3895 avg_resistant_fraction=0.1405
day=082 susceptible=0129 carriers=3910 avg_resistant_fraction=0.1426
day=083 susceptible=0118 carriers=3929 avg_resistant_fraction=0.1450
day=084 susceptible=0129 carriers=3944 avg_resistant_fraction=0.1456
day=085 susceptible=0124 carriers=3974 avg_resistant_fraction=0.1477
day=086 susceptible=0141 carriers=3984 avg_resistant_fraction=0.1497
day=087 susceptible=0163 carriers=3997 avg_resistant_fraction=0.1508
day=088 susceptible=0158 carriers=4020 avg_resistant_fraction=0.1523
day=089 susceptible=0159 carriers=4049 avg_resistant_fraction=0.1548
day=090 susceptible=0148 carriers=4068 avg_resistant_fraction=0.1570
day=091 susceptible=0141 carriers=4100 avg_resistant_fraction=0.1594
day=092 susceptible=0143 carriers=4123 avg_resistant_fraction=0.1609
day=093 susceptible=0135 carriers=4152 avg_resistant_fraction=0.1631
day=094 susceptible=0126 carriers=4172 avg_resistant_fraction=0.1648
day=095 susceptible=0133 carriers=4185 avg_resistant_fraction=0.1664
day=096 susceptible=0114 carriers=4210 avg_resistant_fraction=0.1696
day=097 susceptible=0109 carriers=4237 avg_resistant_fraction=0.1704
day=098 susceptible=0107 carriers=4259 avg_resistant_fraction=0.1716
day=099 susceptible=0117 carriers=4286 avg_resistant_fraction=0.1740
day=100 susceptible=0119 carriers=4311 avg_resistant_fraction=0.1757
day=101 susceptible=0125 carriers=4330 avg_resistant_fraction=0.1784
day=102 susceptible=0126 carriers=4346 avg_resistant_fraction=0.1804
day=103 susceptible=0120 carriers=4375 avg_resistant_fraction=0.1808
day=104 susceptible=0129 carriers=4391 avg_resistant_fraction=0.1828
day=105 susceptible=0133 carriers=4418 avg_resistant_fraction=0.1835
day=106 susceptible=0131 carriers=4432 avg_resistant_fraction=0.1839
day=107 susceptible=0141 carriers=4443 avg_resistant_fraction=0.1862
day=108 susceptible=0152 carriers=4463 avg_resistant_fraction=0.1896
day=109 susceptible=0159 carriers=4474 avg_resistant_fraction=0.1908
day=110 susceptible=0148 carriers=4498 avg_resistant_fraction=0.1940
day=111 susceptible=0134 carriers=4532 avg_resistant_fraction=0.1964
day=112 susceptible=0134 carriers=4550 avg_resistant_fraction=0.1983
day=113 susceptible=0123 carriers=4573 avg_resistant_fraction=0.2011
day=114 susceptible=0134 carriers=4588 avg_resistant_fraction=0.2017
day=115 susceptible=0128 carriers=4623 avg_resistant_fraction=0.2029
day=116 susceptible=0120 carriers=4639 avg_resistant_fraction=0.2051
day=117 susceptible=0112 carriers=4663 avg_resistant_fraction=0.2068
day=118 susceptible=0115 carriers=4677 avg_resistant_fraction=0.2091
day=119 susceptible=0119 carriers=4691 avg_resistant_fraction=0.2111
day=120 susceptible=0129 carriers=4707 avg_resistant_fraction=0.2136
day=121 susceptible=0124 carriers=4724 avg_resistant_fraction=0.2156
day=122 susceptible=0122 carriers=4744 avg_resistant_fraction=0.2175
day=123 susceptible=0109 carriers=4772 avg_resistant_fraction=0.2192
day=124 susceptible=0115 carriers=4788 avg_resistant_fraction=0.2217
day=125 susceptible=0109 carriers=4805 avg_resistant_fraction=0.2232
day=126 susceptible=0117 carriers=4838 avg_resistant_fraction=0.2252
day=127 susceptible=0129 carriers=4842 avg_resistant_fraction=0.2293
day=128 susceptible=0123 carriers=4867 avg_resistant_fraction=0.2304
day=129 susceptible=0113 carriers=4890 avg_resistant_fraction=0.2326
day=130 susceptible=0111 carriers=4914 avg_resistant_fraction=0.2355
day=131 susceptible=0113 carriers=4936 avg_resistant_fraction=0.2369
day=132 susceptible=0103 carriers=4964 avg_resistant_fraction=0.2386
day=133 susceptible=0098 carriers=4992 avg_resistant_fraction=0.2401
day=134 susceptible=0102 carriers=5006 avg_resistant_fraction=0.2419
day=135 susceptible=0101 carriers=5023 avg_resistant_fraction=0.2445
day=136 susceptible=0112 carriers=5030 avg_resistant_fraction=0.2470
day=137 susceptible=0121 carriers=5037 avg_resistant_fraction=0.2494
day=138 susceptible=0122 carriers=5053 avg_resistant_fraction=0.2527
day=139 susceptible=0132 carriers=5071 avg_resistant_fraction=0.2564
day=140 susceptible=0129 carriers=5097 avg_resistant_fraction=0.2591
day=141 susceptible=0113 carriers=5122 avg_resistant_fraction=0.2621
day=142 susceptible=0124 carriers=5139 avg_resistant_fraction=0.2643
day=143 susceptible=0123 carriers=5156 avg_resistant_fraction=0.2673
day=144 susceptible=0123 carriers=5178 avg_resistant_fraction=0.2695
day=145 susceptible=0126 carriers=5196 avg_resistant_fraction=0.2723
day=146 susceptible=0123 carriers=5217 avg_resistant_fraction=0.2760
day=147 susceptible=0128 carriers=5232 avg_resistant_fraction=0.2796
day=148 susceptible=0130 carriers=5257 avg_resistant_fraction=0.2824
day=149 susceptible=0123 carriers=5281 avg_resistant_fraction=0.2844
day=150 susceptible=0120 carriers=5307 avg_resistant_fraction=0.2870
day=151 susceptible=0118 carriers=5327 avg_resistant_fraction=0.2884
day=152 susceptible=0130 carriers=5342 avg_resistant_fraction=0.2903
day=153 susceptible=0142 carriers=5352 avg_resistant_fraction=0.2928
day=154 susceptible=0124 carriers=5381 avg_resistant_fraction=0.2939
day=155 susceptible=0134 carriers=5383 avg_resistant_fraction=0.2963
day=156 susceptible=0140 carriers=5403 avg_resistant_fraction=0.2991
day=157 susceptible=0139 carriers=5421 avg_resistant_fraction=0.3026
day=158 susceptible=0141 carriers=5435 avg_resistant_fraction=0.3050
day=159 susceptible=0139 carriers=5454 avg_resistant_fraction=0.3081
day=160 susceptible=0127 carriers=5477 avg_resistant_fraction=0.3108
day=161 susceptible=0125 carriers=5503 avg_resistant_fraction=0.3129
day=162 susceptible=0111 carriers=5526 avg_resistant_fraction=0.3153
day=163 susceptible=0115 carriers=5535 avg_resistant_fraction=0.3176
day=164 susceptible=0117 carriers=5558 avg_resistant_fraction=0.3201
day=165 susceptible=0121 carriers=5575 avg_resistant_fraction=0.3239
day=166 susceptible=0127 carriers=5590 avg_resistant_fraction=0.3254
day=167 susceptible=0125 carriers=5606 avg_resistant_fraction=0.3275
day=168 susceptible=0126 carriers=5631 avg_resistant_fraction=0.3307
day=169 susceptible=0128 carriers=5651 avg_resistant_fraction=0.3331
day=170 susceptible=0130 carriers=5675 avg_resistant_fraction=0.3351
day=171 susceptible=0123 carriers=5699 avg_resistant_fraction=0.3379
day=172 susceptible=0120 carriers=5723 avg_resistant_fraction=0.3420
day=173 susceptible=0137 carriers=5730 avg_resistant_fraction=0.3444
day=174 susceptible=0140 carriers=5750 avg_resistant_fraction=0.3466
day=175 susceptible=0141 carriers=5782 avg_resistant_fraction=0.3500
day=176 susceptible=0132 carriers=5809 avg_resistant_fraction=0.3519
day=177 susceptible=0137 carriers=5828 avg_resistant_fraction=0.3542
day=178 susceptible=0131 carriers=5855 avg_resistant_fraction=0.3568
day=179 susceptible=0125 carriers=5878 avg_resistant_fraction=0.3591
day=180 susceptible=0123 carriers=5905 avg_resistant_fraction=0.3604
day=181 susceptible=0141 carriers=5920 avg_resistant_fraction=0.3634
day=182 susceptible=0132 carriers=5953 avg_resistant_fraction=0.3654
day=183 susceptible=0124 carriers=5976 avg_resistant_fraction=0.3667
day=184 susceptible=0133 carriers=5995 avg_resistant_fraction=0.3692
day=185 susceptible=0140 carriers=6008 avg_resistant_fraction=0.3714
day=186 susceptible=0133 carriers=6032 avg_resistant_fraction=0.3745
day=187 susceptible=0132 carriers=6055 avg_resistant_fraction=0.3757
day=188 susceptible=0136 carriers=6071 avg_resistant_fraction=0.3784
day=189 susceptible=0135 carriers=6078 avg_resistant_fraction=0.3820
day=190 susceptible=0123 carriers=6100 avg_resistant_fraction=0.3843
day=191 susceptible=0126 carriers=6118 avg_resistant_fraction=0.3864
day=192 susceptible=0127 carriers=6133 avg_resistant_fraction=0.3884
day=193 susceptible=0125 carriers=6156 avg_resistant_fraction=0.3915
day=194 susceptible=0128 carriers=6175 avg_resistant_fraction=0.3933
day=195 susceptible=0144 carriers=6180 avg_resistant_fraction=0.3970
day=196 susceptible=0147 carriers=6208 avg_resistant_fraction=0.4000
day=197 susceptible=0147 carriers=6231 avg_resistant_fraction=0.4022
day=198 susceptible=0148 carriers=6247 avg_resistant_fraction=0.4046
day=199 susceptible=0139 carriers=6272 avg_resistant_fraction=0.4065
day=200 susceptible=0135 carriers=6293 avg_resistant_fraction=0.4088
day=201 susceptible=0143 carriers=6311 avg_resistant_fraction=0.4114
day=202 susceptible=0135 carriers=6336 avg_resistant_fraction=0.4136
day=203 susceptible=0127 carriers=6358 avg_resistant_fraction=0.4164
day=204 susceptible=0128 carriers=6378 avg_resistant_fraction=0.4194
day=205 susceptible=0120 carriers=6402 avg_resistant_fraction=0.4212
day=206 susceptible=0137 carriers=6411 avg_resistant_fraction=0.4240
day=207 susceptible=0129 carriers=6435 avg_resistant_fraction=0.4263
day=208 susceptible=0126 carriers=6460 avg_resistant_fraction=0.4295
day=209 susceptible=0122 carriers=6472 avg_resistant_fraction=0.4328
day=210 susceptible=0120 carriers=6486 avg_resistant_fraction=0.4356
day=211 susceptible=0116 carriers=6513 avg_resistant_fraction=0.4383
day=212 susceptible=0124 carriers=6535 avg_resistant_fraction=0.4402
day=213 susceptible=0120 carriers=6564 avg_resistant_fraction=0.4422
day=214 susceptible=0120 carriers=6587 avg_resistant_fraction=0.4437
day=215 susceptible=0125 carriers=6597 avg_resistant_fraction=0.4462
day=216 susceptible=0130 carriers=6610 avg_resistant_fraction=0.4484
day=217 susceptible=0123 carriers=6633 avg_resistant_fraction=0.4515
day=218 susceptible=0122 carriers=6659 avg_resistant_fraction=0.4541
day=219 susceptible=0133 carriers=6671 avg_resistant_fraction=0.4561
day=220 susceptible=0133 carriers=6695 avg_resistant_fraction=0.4578
day=221 susceptible=0125 carriers=6711 avg_resistant_fraction=0.4593
day=222 susceptible=0131 carriers=6726 avg_resistant_fraction=0.4617
day=223 susceptible=0149 carriers=6743 avg_resistant_fraction=0.4638
day=224 susceptible=0138 carriers=6775 avg_resistant_fraction=0.4660
day=225 susceptible=0128 carriers=6795 avg_resistant_fraction=0.4687
day=226 susceptible=0129 carriers=6819 avg_resistant_fraction=0.4710
day=227 susceptible=0134 carriers=6842 avg_resistant_fraction=0.4746
day=228 susceptible=0130 carriers=6857 avg_resistant_fraction=0.4768
day=229 susceptible=0135 carriers=6870 avg_resistant_fraction=0.4800
day=230 susceptible=0142 carriers=6892 avg_resistant_fraction=0.4821
day=231 susceptible=0143 carriers=6921 avg_resistant_fraction=0.4854
day=232 susceptible=0151 carriers=6940 avg_resistant_fraction=0.4868
day=233 susceptible=0151 carriers=6960 avg_resistant_fraction=0.4891
day=234 susceptible=0140 carriers=6996 avg_resistant_fraction=0.4909
day=235 susceptible=0125 carriers=7024 avg_resistant_fraction=0.4933
day=236 susceptible=0132 carriers=7049 avg_resistant_fraction=0.4948
day=237 susceptible=0137 carriers=7062 avg_resistant_fraction=0.4975
day=238 susceptible=0130 carriers=7094 avg_resistant_fraction=0.5000
day=239 susceptible=0128 carriers=7112 avg_resistant_fraction=0.5020
day=240 susceptible=0126 carriers=7125 avg_resistant_fraction=0.5049
day=241 susceptible=0113 carriers=7156 avg_resistant_fraction=0.5070
day=242 susceptible=0112 carriers=7175 avg_resistant_fraction=0.5082
day=243 susceptible=0109 carriers=7188 avg_resistant_fraction=0.5119
day=244 susceptible=0125 carriers=7200 avg_resistant_fraction=0.5135
day=245 susceptible=0134 carriers=7217 avg_resistant_fraction=0.5161
day=246 susceptible=0135 carriers=7233 avg_resistant_fraction=0.5183
day=247 susceptible=0136 carriers=7262 avg_resistant_fraction=0.5221
day=248 susceptible=0138 carriers=7283 avg_resistant_fraction=0.5247
day=249 susceptible=0139 carriers=7302 avg_resistant_fraction=0.5273
day=250 susceptible=0135 carriers=7329 avg_resistant_fraction=0.5295
day=251 susceptible=0123 carriers=7356 avg_resistant_fraction=0.5320
day=252 susceptible=0114 carriers=7373 avg_resistant_fraction=0.5349
day=253 susceptible=0127 carriers=7384 avg_resistant_fraction=0.5386
day=254 susceptible=0123 carriers=7408 avg_resistant_fraction=0.5414
day=255 susceptible=0128 carriers=7427 avg_resistant_fraction=0.5444
day=256 susceptible=0124 carriers=7435 avg_resistant_fraction=0.5461
day=257 susceptible=0142 carriers=7451 avg_resistant_fraction=0.5493
day=258 susceptible=0155 carriers=7455 avg_resistant_fraction=0.5525
day=259 susceptible=0151 carriers=7476 avg_resistant_fraction=0.5539
day=260 susceptible=0127 carriers=7509 avg_resistant_fraction=0.5562
day=261 susceptible=0136 carriers=7517 avg_resistant_fraction=0.5582
day=262 susceptible=0127 carriers=7550 avg_resistant_fraction=0.5602
day=263 susceptible=0134 carriers=7568 avg_resistant_fraction=0.5617
day=264 susceptible=0141 carriers=7581 avg_resistant_fraction=0.5645
day=265 susceptible=0130 carriers=7613 avg_resistant_fraction=0.5664
day=266 susceptible=0142 carriers=7627 avg_resistant_fraction=0.5681
day=267 susceptible=0137 carriers=7663 avg_resistant_fraction=0.5698
day=268 susceptible=0126 carriers=7691 avg_resistant_fraction=0.5722
day=269 susceptible=0119 carriers=7714 avg_resistant_fraction=0.5739
day=270 susceptible=0135 carriers=7727 avg_resistant_fraction=0.5758
day=271 susceptible=0149 carriers=7737 avg_resistant_fraction=0.5779
day=272 susceptible=0137 carriers=7764 avg_resistant_fraction=0.5809
day=273 susceptible=0133 carriers=7782 avg_resistant_fraction=0.5836
day=274 susceptible=0140 carriers=7792 avg_resistant_fraction=0.5849
day=275 susceptible=0140 carriers=7819 avg_resistant_fraction=0.5872
day=276 susceptible=0119 carriers=7851 avg_resistant_fraction=0.5893
day=277 susceptible=0123 carriers=7871 avg_resistant_fraction=0.5922
day=278 susceptible=0116 carriers=7902 avg_resistant_fraction=0.5940
day=279 susceptible=0121 carriers=7916 avg_resistant_fraction=0.5963
day=280 susceptible=0115 carriers=7945 avg_resistant_fraction=0.5983
day=281 susceptible=0114 carriers=7963 avg_resistant_fraction=0.6001
day=282 susceptible=0110 carriers=7989 avg_resistant_fraction=0.6020
day=283 susceptible=0115 carriers=8002 avg_resistant_fraction=0.6036
day=284 susceptible=0120 carriers=8018 avg_resistant_fraction=0.6060
day=285 susceptible=0122 carriers=8032 avg_resistant_fraction=0.6073
day=286 susceptible=0113 carriers=8053 avg_resistant_fraction=0.6092
day=287 susceptible=0121 carriers=8064 avg_resistant_fraction=0.6113
day=288 susceptible=0134 carriers=8072 avg_resistant_fraction=0.6127
day=289 susceptible=0145 carriers=8092 avg_resistant_fraction=0.6157
day=290 susceptible=0143 carriers=8117 avg_resistant_fraction=0.6171
day=291 susceptible=0132 carriers=8142 avg_resistant_fraction=0.6196
day=292 susceptible=0124 carriers=8162 avg_resistant_fraction=0.6221
day=293 susceptible=0128 carriers=8177 avg_resistant_fraction=0.6231
day=294 susceptible=0114 carriers=8200 avg_resistant_fraction=0.6251
day=295 susceptible=0116 carriers=8221 avg_resistant_fraction=0.6278
day=296 susceptible=0131 carriers=8235 avg_resistant_fraction=0.6298
day=297 susceptible=0136 carriers=8251 avg_resistant_fraction=0.6308
day=298 susceptible=0128 carriers=8275 avg_resistant_fraction=0.6330
day=299 susceptible=0124 carriers=8295 avg_resistant_fraction=0.6349
day=300 susceptible=0130 carriers=8319 avg_resistant_fraction=0.6367
day=301 susceptible=0118 carriers=8342 avg_resistant_fraction=0.6374
day=302 susceptible=0128 carriers=8359 avg_resistant_fraction=0.6395
day=303 susceptible=0133 carriers=8378 avg_resistant_fraction=0.6407
day=304 susceptible=0139 carriers=8396 avg_resistant_fraction=0.6413
day=305 susceptible=0139 carriers=8420 avg_resistant_fraction=0.6424
day=306 susceptible=0141 carriers=8438 avg_resistant_fraction=0.6437
day=307 susceptible=0139 carriers=8462 avg_resistant_fraction=0.6463
day=308 susceptible=0151 carriers=8472 avg_resistant_fraction=0.6472
day=309 susceptible=0135 carriers=8502 avg_resistant_fraction=0.6489
day=310 susceptible=0133 carriers=8529 avg_resistant_fraction=0.6497
day=311 susceptible=0122 carriers=8554 avg_resistant_fraction=0.6510
day=312 susceptible=0118 carriers=8584 avg_resistant_fraction=0.6518
day=313 susceptible=0121 carriers=8593 avg_resistant_fraction=0.6535
day=314 susceptible=0120 carriers=8619 avg_resistant_fraction=0.6555
day=315 susceptible=0135 carriers=8633 avg_resistant_fraction=0.6567
day=316 susceptible=0123 carriers=8667 avg_resistant_fraction=0.6583
day=317 susceptible=0121 carriers=8689 avg_resistant_fraction=0.6600
day=318 susceptible=0122 carriers=8704 avg_resistant_fraction=0.6610
day=319 susceptible=0122 carriers=8717 avg_resistant_fraction=0.6629
day=320 susceptible=0122 carriers=8735 avg_resistant_fraction=0.6648
day=321 susceptible=0129 carriers=8750 avg_resistant_fraction=0.6670
day=322 susceptible=0123 carriers=8773 avg_resistant_fraction=0.6691
day=323 susceptible=0131 carriers=8787 avg_resistant_fraction=0.6705
day=324 susceptible=0122 carriers=8810 avg_resistant_fraction=0.6719
day=325 susceptible=0124 carriers=8827 avg_resistant_fraction=0.6738
day=326 susceptible=0129 carriers=8845 avg_resistant_fraction=0.6765
day=327 susceptible=0124 carriers=8866 avg_resistant_fraction=0.6787
day=328 susceptible=0134 carriers=8887 avg_resistant_fraction=0.6807
day=329 susceptible=0113 carriers=8930 avg_resistant_fraction=0.6819
day=330 susceptible=0120 carriers=8942 avg_resistant_fraction=0.6841
day=331 susceptible=0128 carriers=8954 avg_resistant_fraction=0.6852
day=332 susceptible=0143 carriers=8969 avg_resistant_fraction=0.6874
day=333 susceptible=0149 carriers=8985 avg_resistant_fraction=0.6894
day=334 susceptible=0142 carriers=9022 avg_resistant_fraction=0.6909
day=335 susceptible=0130 carriers=9059 avg_resistant_fraction=0.6911
day=336 susceptible=0135 carriers=9072 avg_resistant_fraction=0.6924
day=337 susceptible=0141 carriers=9083 avg_resistant_fraction=0.6944
day=338 susceptible=0151 carriers=9100 avg_resistant_fraction=0.6956
day=339 susceptible=0147 carriers=9120 avg_resistant_fraction=0.6971
day=340 susceptible=0145 carriers=9135 avg_resistant_fraction=0.6982
day=341 susceptible=0135 carriers=9154 avg_resistant_fraction=0.7006
day=342 susceptible=0138 carriers=9170 avg_resistant_fraction=0.7025
day=343 susceptible=0124 carriers=9199 avg_resistant_fraction=0.7045
day=344 susceptible=0115 carriers=9223 avg_resistant_fraction=0.7062
day=345 susceptible=0108 carriers=9246 avg_resistant_fraction=0.7078
day=346 susceptible=0109 carriers=9254 avg_resistant_fraction=0.7097
day=347 susceptible=0112 carriers=9273 avg_resistant_fraction=0.7112
day=348 susceptible=0109 carriers=9300 avg_resistant_fraction=0.7127
day=349 susceptible=0129 carriers=9305 avg_resistant_fraction=0.7151
day=350 susceptible=0130 carriers=9324 avg_resistant_fraction=0.7166
day=351 susceptible=0127 carriers=9341 avg_resistant_fraction=0.7173
day=352 susceptible=0132 carriers=9367 avg_resistant_fraction=0.7184
day=353 susceptible=0127 carriers=9392 avg_resistant_fraction=0.7190
day=354 susceptible=0126 carriers=9414 avg_resistant_fraction=0.7204
day=355 susceptible=0130 carriers=9434 avg_resistant_fraction=0.7221
day=356 susceptible=0137 carriers=9446 avg_resistant_fraction=0.7231
day=357 susceptible=0142 carriers=9462 avg_resistant_fraction=0.7243
day=358 susceptible=0133 carriers=9490 avg_resistant_fraction=0.7266
day=359 susceptible=0135 carriers=9516 avg_resistant_fraction=0.7277
day=360 susceptible=0130 carriers=9535 avg_resistant_fraction=0.7287
day=361 susceptible=0132 carriers=9549 avg_resistant_fraction=0.7309
day=362 susceptible=0140 carriers=9566 avg_resistant_fraction=0.7330
day=363 susceptible=0117 carriers=9598 avg_resistant_fraction=0.7345
day=364 susceptible=0120 carriers=9617 avg_resistant_fraction=0.7356
day=365 susceptible=0133 carriers=9620 avg_resistant_fraction=0.7370
day=366 susceptible=0126 carriers=9645 avg_resistant_fraction=0.7382
day=367 susceptible=0123 carriers=9659 avg_resistant_fraction=0.7393
day=368 susceptible=0135 carriers=9672 avg_resistant_fraction=0.7407
day=369 susceptible=0133 carriers=9693 avg_resistant_fraction=0.7415
day=370 susceptible=0131 carriers=9722 avg_resistant_fraction=0.7427
day=371 susceptible=0136 carriers=9748 avg_resistant_fraction=0.7430
day=372 susceptible=0153 carriers=9755 avg_resistant_fraction=0.7438
day=373 susceptible=0148 carriers=9781 avg_resistant_fraction=0.7450
day=374 susceptible=0115 carriers=9824 avg_resistant_fraction=0.7458
day=375 susceptible=0122 carriers=9839 avg_resistant_fraction=0.7471
day=376 susceptible=0117 carriers=9862 avg_resistant_fraction=0.7482
day=377 susceptible=0114 carriers=9885 avg_resistant_fraction=0.7497
day=378 susceptible=0116 carriers=9905 avg_resistant_fraction=0.7502
day=379 susceptible=0113 carriers=9926 avg_resistant_fraction=0.7512
day=380 susceptible=0117 carriers=9937 avg_resistant_fraction=0.7525
day=381 susceptible=0133 carriers=9944 avg_resistant_fraction=0.7539
day=382 susceptible=0142 carriers=9954 avg_resistant_fraction=0.7552
day=383 susceptible=0144 carriers=9979 avg_resistant_fraction=0.7566
day=384 susceptible=0142 carriers=10009 avg_resistant_fraction=0.7580
day=385 susceptible=0152 carriers=10029 avg_resistant_fraction=0.7592
day=386 susceptible=0148 carriers=10053 avg_resistant_fraction=0.7603
day=387 susceptible=0147 carriers=10068 avg_resistant_fraction=0.7614
day=388 susceptible=0149 carriers=10089 avg_resistant_fraction=0.7630
day=389 susceptible=0150 carriers=10114 avg_resistant_fraction=0.7642
day=390 susceptible=0149 carriers=10141 avg_resistant_fraction=0.7652
day=391 susceptible=0145 carriers=10170 avg_resistant_fraction=0.7666
day=392 susceptible=0133 carriers=10202 avg_resistant_fraction=0.7675
day=393 susceptible=0146 carriers=10222 avg_resistant_fraction=0.7675
day=394 susceptible=0141 carriers=10239 avg_resistant_fraction=0.7683
day=395 susceptible=0139 carriers=10268 avg_resistant_fraction=0.7692
day=396 susceptible=0136 carriers=10288 avg_resistant_fraction=0.7704
day=397 susceptible=0138 carriers=10306 avg_resistant_fraction=0.7717
day=398 susceptible=0134 carriers=10337 avg_resistant_fraction=0.7723
day=399 susceptible=0129 carriers=10357 avg_resistant_fraction=0.7722
day=400 susceptible=0132 carriers=10368 avg_resistant_fraction=0.7727
day=401 susceptible=0137 carriers=10379 avg_resistant_fraction=0.7739
day=402 susceptible=0122 carriers=10405 avg_resistant_fraction=0.7753
day=403 susceptible=0123 carriers=10424 avg_resistant_fraction=0.7759
day=404 susceptible=0126 carriers=10434 avg_resistant_fraction=0.7774
day=405 susceptible=0127 carriers=10451 avg_resistant_fraction=0.7779
day=406 susceptible=0121 carriers=10475 avg_resistant_fraction=0.7784
day=407 susceptible=0141 carriers=10489 avg_resistant_fraction=0.7799
day=408 susceptible=0143 carriers=10505 avg_resistant_fraction=0.7808
day=409 susceptible=0146 carriers=10535 avg_resistant_fraction=0.7816
day=410 susceptible=0142 carriers=10559 avg_resistant_fraction=0.7826
day=411 susceptible=0132 carriers=10585 avg_resistant_fraction=0.7834
day=412 susceptible=0127 carriers=10613 avg_resistant_fraction=0.7846
day=413 susceptible=0128 carriers=10628 avg_resistant_fraction=0.7856
day=414 susceptible=0125 carriers=10653 avg_resistant_fraction=0.7862
day=415 susceptible=0139 carriers=10682 avg_resistant_fraction=0.7877
day=416 susceptible=0153 carriers=10698 avg_resistant_fraction=0.7888
day=417 susceptible=0148 carriers=10718 avg_resistant_fraction=0.7900
day=418 susceptible=0131 carriers=10747 avg_resistant_fraction=0.7909
day=419 susceptible=0142 carriers=10761 avg_resistant_fraction=0.7914
day=420 susceptible=0132 carriers=10788 avg_resistant_fraction=0.7930
day=421 susceptible=0134 carriers=10809 avg_resistant_fraction=0.7939
day=422 susceptible=0127 carriers=10827 avg_resistant_fraction=0.7949
day=423 susceptible=0136 carriers=10848 avg_resistant_fraction=0.7960
day=424 susceptible=0119 carriers=10876 avg_resistant_fraction=0.7967
day=425 susceptible=0116 carriers=10900 avg_resistant_fraction=0.7980
day=426 susceptible=0132 carriers=10915 avg_resistant_fraction=0.7990
day=427 susceptible=0148 carriers=10934 avg_resistant_fraction=0.8008
day=428 susceptible=0142 carriers=10959 avg_resistant_fraction=0.8020
day=429 susceptible=0143 carriers=10978 avg_resistant_fraction=0.8029
day=430 susceptible=0145 carriers=11002 avg_resistant_fraction=0.8037
day=431 susceptible=0132 carriers=11030 avg_resistant_fraction=0.8049
day=432 susceptible=0139 carriers=11050 avg_resistant_fraction=0.8057
day=433 susceptible=0145 carriers=11058 avg_resistant_fraction=0.8067
day=434 susceptible=0142 carriers=11090 avg_resistant_fraction=0.8075
day=435 susceptible=0138 carriers=11112 avg_resistant_fraction=0.8083
day=436 susceptible=0139 carriers=11132 avg_resistant_fraction=0.8091
day=437 susceptible=0144 carriers=11141 avg_resistant_fraction=0.8101
day=438 susceptible=0150 carriers=11144 avg_resistant_fraction=0.8111
day=439 susceptible=0147 carriers=11162 avg_resistant_fraction=0.8118
day=440 susceptible=0149 carriers=11180 avg_resistant_fraction=0.8121
day=441 susceptible=0146 carriers=11200 avg_resistant_fraction=0.8127
day=442 susceptible=0126 carriers=11230 avg_resistant_fraction=0.8136
day=443 susceptible=0117 carriers=11247 avg_resistant_fraction=0.8145
day=444 susceptible=0121 carriers=11262 avg_resistant_fraction=0.8148
day=445 susceptible=0130 carriers=11277 avg_resistant_fraction=0.8156
day=446 susceptible=0134 carriers=11294 avg_resistant_fraction=0.8164
day=447 susceptible=0135 carriers=11309 avg_resistant_fraction=0.8171
day=448 susceptible=0126 carriers=11327 avg_resistant_fraction=0.8177
day=449 susceptible=0137 carriers=11333 avg_resistant_fraction=0.8187
day=450 susceptible=0138 carriers=11349 avg_resistant_fraction=0.8191
day=451 susceptible=0142 carriers=11376 avg_resistant_fraction=0.8199
day=452 susceptible=0124 carriers=11414 avg_resistant_fraction=0.8202
day=453 susceptible=0127 carriers=11419 avg_resistant_fraction=0.8210
day=454 susceptible=0120 carriers=11442 avg_resistant_fraction=0.8218
day=455 susceptible=0119 carriers=11461 avg_resistant_fraction=0.8224
day=456 susceptible=0119 carriers=11481 avg_resistant_fraction=0.8231
day=457 susceptible=0114 carriers=11495 avg_resistant_fraction=0.8240
day=458 susceptible=0124 carriers=11501 avg_resistant_fraction=0.8250
day=459 susceptible=0123 carriers=11521 avg_resistant_fraction=0.8259
day=460 susceptible=0119 carriers=11543 avg_resistant_fraction=0.8270
day=461 susceptible=0114 carriers=11562 avg_resistant_fraction=0.8280
day=462 susceptible=0115 carriers=11585 avg_resistant_fraction=0.8283
day=463 susceptible=0126 carriers=11598 avg_resistant_fraction=0.8291
day=464 susceptible=0112 carriers=11624 avg_resistant_fraction=0.8296
day=465 susceptible=0103 carriers=11639 avg_resistant_fraction=0.8300
day=466 susceptible=0106 carriers=11652 avg_resistant_fraction=0.8308
day=467 susceptible=0117 carriers=11654 avg_resistant_fraction=0.8314
day=468 susceptible=0121 carriers=11678 avg_resistant_fraction=0.8321
day=469 susceptible=0127 carriers=11691 avg_resistant_fraction=0.8328
day=470 susceptible=0119 carriers=11717 avg_resistant_fraction=0.8334
day=471 susceptible=0130 carriers=11733 avg_resistant_fraction=0.8346
day=472 susceptible=0132 carriers=11753 avg_resistant_fraction=0.8354
day=473 susceptible=0125 carriers=11768 avg_resistant_fraction=0.8359
day=474 susceptible=0130 carriers=11785 avg_resistant_fraction=0.8372
day=475 susceptible=0118 carriers=11817 avg_resistant_fraction=0.8374
day=476 susceptible=0106 carriers=11838 avg_resistant_fraction=0.8382
day=477 susceptible=0104 carriers=11847 avg_resistant_fraction=0.8393
day=478 susceptible=0099 carriers=11873 avg_resistant_fraction=0.8400
day=479 susceptible=0111 carriers=11884 avg_resistant_fraction=0.8404
day=480 susceptible=0099 carriers=11901 avg_resistant_fraction=0.8409
day=481 susceptible=0083 carriers=11917 avg_resistant_fraction=0.8413
day=482 susceptible=0073 carriers=11927 avg_resistant_fraction=0.8419
day=483 susceptible=0081 carriers=11919 avg_resistant_fraction=0.8431
day=484 susceptible=0078 carriers=11922 avg_resistant_fraction=0.8437
day=485 susceptible=0074 carriers=11926 avg_resistant_fraction=0.8452
day=486 susceptible=0076 carriers=11924 avg_resistant_fraction=0.8460
day=487 susceptible=0070 carriers=11930 avg_resistant_fraction=0.8470
day=488 susceptible=0069 carriers=11931 avg_resistant_fraction=0.8480
day=489 susceptible=0073 carriers=11927 avg_resistant_fraction=0.8492
day=490 susceptible=0068 carriers=11932 avg_resistant_fraction=0.8504
day=491 susceptible=0075 carriers=11925 avg_resistant_fraction=0.8515
day=492 susceptible=0069 carriers=11931 avg_resistant_fraction=0.8526
day=493 susceptible=0068 carriers=11932 avg_resistant_fraction=0.8534
day=494 susceptible=0067 carriers=11933 avg_resistant_fraction=0.8544
day=495 susceptible=0070 carriers=11930 avg_resistant_fraction=0.8552
day=496 susceptible=0057 carriers=11943 avg_resistant_fraction=0.8562
day=497 susceptible=0059 carriers=11941 avg_resistant_fraction=0.8571
day=498 susceptible=0066 carriers=11934 avg_resistant_fraction=0.8576
day=499 susceptible=0062 carriers=11938 avg_resistant_fraction=0.8581
day=500 susceptible=0078 carriers=11922 avg_resistant_fraction=0.8591
day=501 susceptible=0076 carriers=11924 avg_resistant_fraction=0.8596
day=502 susceptible=0077 carriers=11923 avg_resistant_fraction=0.8602
day=503 susceptible=0076 carriers=11924 avg_resistant_fraction=0.8614
day=504 susceptible=0073 carriers=11927 avg_resistant_fraction=0.8621
day=505 susceptible=0070 carriers=11930 avg_resistant_fraction=0.8630
day=506 susceptible=0067 carriers=11933 avg_resistant_fraction=0.8639
day=507 susceptible=0067 carriers=11933 avg_resistant_fraction=0.8645
day=508 susceptible=0074 carriers=11926 avg_resistant_fraction=0.8653
day=509 susceptible=0059 carriers=11941 avg_resistant_fraction=0.8658
day=510 susceptible=0072 carriers=11928 avg_resistant_fraction=0.8671
day=511 susceptible=0075 carriers=11925 avg_resistant_fraction=0.8687
day=512 susceptible=0070 carriers=11930 avg_resistant_fraction=0.8695
day=513 susceptible=0068 carriers=11932 avg_resistant_fraction=0.8703
day=514 susceptible=0069 carriers=11931 avg_resistant_fraction=0.8711
day=515 susceptible=0063 carriers=11937 avg_resistant_fraction=0.8719
day=516 susceptible=0068 carriers=11932 avg_resistant_fraction=0.8730
day=517 susceptible=0067 carriers=11933 avg_resistant_fraction=0.8738
day=518 susceptible=0068 carriers=11932 avg_resistant_fraction=0.8751
day=519 susceptible=0071 carriers=11929 avg_resistant_fraction=0.8760
day=520 susceptible=0077 carriers=11923 avg_resistant_fraction=0.8765
day=521 susceptible=0075 carriers=11925 avg_resistant_fraction=0.8771
day=522 susceptible=0075 carriers=11925 avg_resistant_fraction=0.8780
day=523 susceptible=0072 carriers=11928 avg_resistant_fraction=0.8786
day=524 susceptible=0079 carriers=11921 avg_resistant_fraction=0.8794
day=525 susceptible=0076 carriers=11924 avg_resistant_fraction=0.8806
day=526 susceptible=0081 carriers=11919 avg_resistant_fraction=0.8813
day=527 susceptible=0071 carriers=11929 avg_resistant_fraction=0.8819
day=528 susceptible=0073 carriers=11927 avg_resistant_fraction=0.8822
day=529 susceptible=0079 carriers=11921 avg_resistant_fraction=0.8828
day=530 susceptible=0074 carriers=11926 avg_resistant_fraction=0.8833
day=531 susceptible=0069 carriers=11931 avg_resistant_fraction=0.8838
day=532 susceptible=0073 carriers=11927 avg_resistant_fraction=0.8846
day=533 susceptible=0079 carriers=11921 avg_resistant_fraction=0.8853
day=534 susceptible=0070 carriers=11930 avg_resistant_fraction=0.8859
day=535 susceptible=0070 carriers=11930 avg_resistant_fraction=0.8863
day=536 susceptible=0067 carriers=11933 avg_resistant_fraction=0.8868
day=537 susceptible=0060 carriers=11940 avg_resistant_fraction=0.8874
day=538 susceptible=0060 carriers=11940 avg_resistant_fraction=0.8881
day=539 susceptible=0060 carriers=11940 avg_resistant_fraction=0.8886
day=540 susceptible=0057 carriers=11943 avg_resistant_fraction=0.8893
day=541 susceptible=0056 carriers=11944 avg_resistant_fraction=0.8898
day=542 susceptible=0054 carriers=11946 avg_resistant_fraction=0.8904
day=543 susceptible=0047 carriers=11953 avg_resistant_fraction=0.8914
day=544 susceptible=0049 carriers=11951 avg_resistant_fraction=0.8921
day=545 susceptible=0045 carriers=11955 avg_resistant_fraction=0.8926
day=546 susceptible=0056 carriers=11944 avg_resistant_fraction=0.8934
day=547 susceptible=0056 carriers=11944 avg_resistant_fraction=0.8940
day=548 susceptible=0057 carriers=11943 avg_resistant_fraction=0.8948
day=549 susceptible=0059 carriers=11941 avg_resistant_fraction=0.8954
day=550 susceptible=0054 carriers=11946 avg_resistant_fraction=0.8959
day=551 susceptible=0054 carriers=11946 avg_resistant_fraction=0.8971
day=552 susceptible=0062 carriers=11938 avg_resistant_fraction=0.8975
day=553 susceptible=0070 carriers=11930 avg_resistant_fraction=0.8985
day=554 susceptible=0070 carriers=11930 avg_resistant_fraction=0.8993
day=555 susceptible=0068 carriers=11932 avg_resistant_fraction=0.8994
day=556 susceptible=0069 carriers=11931 avg_resistant_fraction=0.9003
day=557 susceptible=0064 carriers=11936 avg_resistant_fraction=0.9010
day=558 susceptible=0072 carriers=11928 avg_resistant_fraction=0.9016
day=559 susceptible=0066 carriers=11934 avg_resistant_fraction=0.9023
day=560 susceptible=0064 carriers=11936 avg_resistant_fraction=0.9028
day=561 susceptible=0071 carriers=11929 avg_resistant_fraction=0.9032
day=562 susceptible=0072 carriers=11928 avg_resistant_fraction=0.9041
day=563 susceptible=0063 carriers=11937 avg_resistant_fraction=0.9048
day=564 susceptible=0076 carriers=11924 avg_resistant_fraction=0.9060
day=565 susceptible=0075 carriers=11925 avg_resistant_fraction=0.9067
day=566 susceptible=0079 carriers=11921 avg_resistant_fraction=0.9075
day=567 susceptible=0077 carriers=11923 avg_resistant_fraction=0.9083
day=568 susceptible=0073 carriers=11927 avg_resistant_fraction=0.9089
day=569 susceptible=0075 carriers=11925 avg_resistant_fraction=0.9092
day=570 susceptible=0072 carriers=11928 avg_resistant_fraction=0.9099
day=571 susceptible=0062 carriers=11938 avg_resistant_fraction=0.9102
day=572 susceptible=0054 carriers=11946 avg_resistant_fraction=0.9105
day=573 susceptible=0053 carriers=11947 avg_resistant_fraction=0.9108
day=574 susceptible=0053 carriers=11947 avg_resistant_fraction=0.9112
day=575 susceptible=0053 carriers=11947 avg_resistant_fraction=0.9120
day=576 susceptible=0059 carriers=11941 avg_resistant_fraction=0.9125
day=577 susceptible=0064 carriers=11936 avg_resistant_fraction=0.9132
day=578 susceptible=0062 carriers=11938 avg_resistant_fraction=0.9140
day=579 susceptible=0066 carriers=11934 avg_resistant_fraction=0.9146
day=580 susceptible=0069 carriers=11931 avg_resistant_fraction=0.9149
day=581 susceptible=0075 carriers=11925 avg_resistant_fraction=0.9156
day=582 susceptible=0076 carriers=11924 avg_resistant_fraction=0.9160
day=583 susceptible=0065 carriers=11935 avg_resistant_fraction=0.9164
day=584 susceptible=0064 carriers=11936 avg_resistant_fraction=0.9168
day=585 susceptible=0063 carriers=11937 avg_resistant_fraction=0.9175
day=586 susceptible=0060 carriers=11940 avg_resistant_fraction=0.9181
day=587 susceptible=0063 carriers=11937 avg_resistant_fraction=0.9184
day=588 susceptible=0065 carriers=11935 avg_resistant_fraction=0.9187
day=589 susceptible=0064 carriers=11936 avg_resistant_fraction=0.9194
day=590 susceptible=0060 carriers=11940 avg_resistant_fraction=0.9199
day=591 susceptible=0059 carriers=11941 avg_resistant_fraction=0.9200
day=592 susceptible=0057 carriers=11943 avg_resistant_fraction=0.9208
day=593 susceptible=0053 carriers=11947 avg_resistant_fraction=0.9211
day=594 susceptible=0047 carriers=11953 avg_resistant_fraction=0.9215
day=595 susceptible=0055 carriers=11945 avg_resistant_fraction=0.9222
day=596 susceptible=0057 carriers=11943 avg_resistant_fraction=0.9227
day=597 susceptible=0055 carriers=11945 avg_resistant_fraction=0.9233
day=598 susceptible=0058 carriers=11942 avg_resistant_fraction=0.9236
day=599 susceptible=0056 carriers=11944 avg_resistant_fraction=0.9240
day=600 susceptible=0054 carriers=11946 avg_resistant_fraction=0.9245
day=601 susceptible=0054 carriers=11946 avg_resistant_fraction=0.9253
day=602 susceptible=0060 carriers=11940 avg_resistant_fraction=0.9259
day=603 susceptible=0069 carriers=11931 avg_resistant_fraction=0.9261
day=604 susceptible=0070 carriers=11930 avg_resistant_fraction=0.9266
day=605 susceptible=0068 carriers=11932 avg_resistant_fraction=0.9272
day=606 susceptible=0061 carriers=11939 avg_resistant_fraction=0.9274
day=607 susceptible=0058 carriers=11942 avg_resistant_fraction=0.9277
day=608 susceptible=0061 carriers=11939 avg_resistant_fraction=0.9279
day=609 susceptible=0061 carriers=11939 avg_resistant_fraction=0.9284
day=610 susceptible=0059 carriers=11941 avg_resistant_fraction=0.9289
day=611 susceptible=0061 carriers=11939 avg_resistant_fraction=0.9294
day=612 susceptible=0064 carriers=11936 avg_resistant_fraction=0.9304
day=613 susceptible=0058 carriers=11942 avg_resistant_fraction=0.9310
day=614 susceptible=0062 carriers=11938 avg_resistant_fraction=0.9314
day=615 susceptible=0068 carriers=11932 avg_resistant_fraction=0.9319
day=616 susceptible=0072 carriers=11928 avg_resistant_fraction=0.9325
day=617 susceptible=0068 carriers=11932 avg_resistant_fraction=0.9327
day=618 susceptible=0071 carriers=11929 avg_resistant_fraction=0.9334
day=619 susceptible=0076 carriers=11924 avg_resistant_fraction=0.9341
day=620 susceptible=0074 carriers=11926 avg_resistant_fraction=0.9345
day=621 susceptible=0069 carriers=11931 avg_resistant_fraction=0.9347
day=622 susceptible=0070 carriers=11930 avg_resistant_fraction=0.9353
day=623 susceptible=0074 carriers=11926 avg_resistant_fraction=0.9354
day=624 susceptible=0066 carriers=11934 avg_resistant_fraction=0.9356
day=625 susceptible=0060 carriers=11940 avg_resistant_fraction=0.9362
day=626 susceptible=0061 carriers=11939 avg_resistant_fraction=0.9367
day=627 susceptible=0061 carriers=11939 avg_resistant_fraction=0.9372
day=628 susceptible=0056 carriers=11944 avg_resistant_fraction=0.9374
day=629 susceptible=0054 carriers=11946 avg_resistant_fraction=0.9377
day=630 susceptible=0053 carriers=11947 avg_resistant_fraction=0.9383
day=631 susceptible=0067 carriers=11933 avg_resistant_fraction=0.9389
day=632 susceptible=0065 carriers=11935 avg_resistant_fraction=0.9397
day=633 susceptible=0059 carriers=11941 avg_resistant_fraction=0.9399
day=634 susceptible=0062 carriers=11938 avg_resistant_fraction=0.9403
day=635 susceptible=0067 carriers=11933 avg_resistant_fraction=0.9407
day=636 susceptible=0067 carriers=11933 avg_resistant_fraction=0.9411
day=637 susceptible=0069 carriers=11931 avg_resistant_fraction=0.9416
day=638 susceptible=0075 carriers=11925 avg_resistant_fraction=0.9422
day=639 susceptible=0071 carriers=11929 avg_resistant_fraction=0.9427
day=640 susceptible=0064 carriers=11936 avg_resistant_fraction=0.9432
day=641 susceptible=0059 carriers=11941 avg_resistant_fraction=0.9434
day=642 susceptible=0060 carriers=11940 avg_resistant_fraction=0.9441
day=643 susceptible=0064 carriers=11936 avg_resistant_fraction=0.9443
day=644 susceptible=0068 carriers=11932 avg_resistant_fraction=0.9447
day=645 susceptible=0078 carriers=11922 avg_resistant_fraction=0.9450
day=646 susceptible=0073 carriers=11927 avg_resistant_fraction=0.9452
day=647 susceptible=0069 carriers=11931 avg_resistant_fraction=0.9457
day=648 susceptible=0070 carriers=11930 avg_resistant_fraction=0.9460
day=649 susceptible=0071 carriers=11929 avg_resistant_fraction=0.9463
day=650 susceptible=0080 carriers=11920 avg_resistant_fraction=0.9467
day=651 susceptible=0080 carriers=11920 avg_resistant_fraction=0.9471
day=652 susceptible=0075 carriers=11925 avg_resistant_fraction=0.9473
day=653 susceptible=0076 carriers=11924 avg_resistant_fraction=0.9477
day=654 susceptible=0068 carriers=11932 avg_resistant_fraction=0.9478
day=655 susceptible=0060 carriers=11940 avg_resistant_fraction=0.9480
day=656 susceptible=0054 carriers=11946 avg_resistant_fraction=0.9487
day=657 susceptible=0061 carriers=11939 avg_resistant_fraction=0.9491
day=658 susceptible=0066 carriers=11934 avg_resistant_fraction=0.9497
day=659 susceptible=0064 carriers=11936 avg_resistant_fraction=0.9501
day=660 susceptible=0061 carriers=11939 avg_resistant_fraction=0.9504
day=661 susceptible=0058 carriers=11942 avg_resistant_fraction=0.9507
day=662 susceptible=0050 carriers=11950 avg_resistant_fraction=0.9508
day=663 susceptible=0058 carriers=11942 avg_resistant_fraction=0.9510
day=664 susceptible=0060 carriers=11940 avg_resistant_fraction=0.9515
day=665 susceptible=0058 carriers=11942 avg_resistant_fraction=0.9517
day=666 susceptible=0064 carriers=11936 avg_resistant_fraction=0.9522
day=667 susceptible=0063 carriers=11937 avg_resistant_fraction=0.9525
day=668 susceptible=0057 carriers=11943 avg_resistant_fraction=0.9523
day=669 susceptible=0054 carriers=11946 avg_resistant_fraction=0.9527
day=670 susceptible=0059 carriers=11941 avg_resistant_fraction=0.9529
day=671 susceptible=0058 carriers=11942 avg_resistant_fraction=0.9530
day=672 susceptible=0055 carriers=11945 avg_resistant_fraction=0.9536
day=673 susceptible=0047 carriers=11953 avg_resistant_fraction=0.9539
day=674 susceptible=0055 carriers=11945 avg_resistant_fraction=0.9539
day=675 susceptible=0051 carriers=11949 avg_resistant_fraction=0.9540
day=676 susceptible=0051 carriers=11949 avg_resistant_fraction=0.9538
day=677 susceptible=0052 carriers=11948 avg_resistant_fraction=0.9540
day=678 susceptible=0061 carriers=11939 avg_resistant_fraction=0.9544
day=679 susceptible=0065 carriers=11935 avg_resistant_fraction=0.9549
day=680 susceptible=0063 carriers=11937 avg_resistant_fraction=0.9554
day=681 susceptible=0064 carriers=11936 avg_resistant_fraction=0.9557
day=682 susceptible=0061 carriers=11939 avg_resistant_fraction=0.9561
day=683 susceptible=0053 carriers=11947 avg_resistant_fraction=0.9565
day=684 susceptible=0062 carriers=11938 avg_resistant_fraction=0.9569
day=685 susceptible=0071 carriers=11929 avg_resistant_fraction=0.9573
day=686 susceptible=0064 carriers=11936 avg_resistant_fraction=0.9574
day=687 susceptible=0067 carriers=11933 avg_resistant_fraction=0.9575
day=688 susceptible=0062 carriers=11938 avg_resistant_fraction=0.9573
day=689 susceptible=0063 carriers=11937 avg_resistant_fraction=0.9576
day=690 susceptible=0059 carriers=11941 avg_resistant_fraction=0.9581
day=691 susceptible=0061 carriers=11939 avg_resistant_fraction=0.9584
day=692 susceptible=0057 carriers=11943 avg_resistant_fraction=0.9585
day=693 susceptible=0059 carriers=11941 avg_resistant_fraction=0.9587
day=694 susceptible=0060 carriers=11940 avg_resistant_fraction=0.9587
day=695 susceptible=0061 carriers=11939 avg_resistant_fraction=0.9590
day=696 susceptible=0063 carriers=11937 avg_resistant_fraction=0.9593
day=697 susceptible=0061 carriers=11939 avg_resistant_fraction=0.9592
day=698 susceptible=0057 carriers=11943 avg_resistant_fraction=0.9594
day=699 susceptible=0058 carriers=11942 avg_resistant_fraction=0.9599
day=700 susceptible=0059 carriers=11941 avg_resistant_fraction=0.9600
day=701 susceptible=0062 carriers=11938 avg_resistant_fraction=0.9603
day=702 susceptible=0063 carriers=11937 avg_resistant_fraction=0.9605
day=703 susceptible=0066 carriers=11934 avg_resistant_fraction=0.9608
day=704 susceptible=0063 carriers=11937 avg_resistant_fraction=0.9612
day=705 susceptible=0068 carriers=11932 avg_resistant_fraction=0.9613
day=706 susceptible=0069 carriers=11931 avg_resistant_fraction=0.9615
day=707 susceptible=0070 carriers=11930 avg_resistant_fraction=0.9618
day=708 susceptible=0068 carriers=11932 avg_resistant_fraction=0.9622
day=709 susceptible=0066 carriers=11934 avg_resistant_fraction=0.9624
day=710 susceptible=0067 carriers=11933 avg_resistant_fraction=0.9625
day=711 susceptible=0062 carriers=11938 avg_resistant_fraction=0.9628
day=712 susceptible=0069 carriers=11931 avg_resistant_fraction=0.9631
day=713 susceptible=0071 carriers=11929 avg_resistant_fraction=0.9633
day=714 susceptible=0062 carriers=11938 avg_resistant_fraction=0.9633
day=715 susceptible=0063 carriers=11937 avg_resistant_fraction=0.9636
day=716 susceptible=0064 carriers=11936 avg_resistant_fraction=0.9638
day=717 susceptible=0055 carriers=11945 avg_resistant_fraction=0.9640
day=718 susceptible=0061 carriers=11939 avg_resistant_fraction=0.9641
day=719 susceptible=0056 carriers=11944 avg_resistant_fraction=0.9644
day=720 susceptible=0058 carriers=11942 avg_resistant_fraction=0.9644
day=721 susceptible=0054 carriers=11946 avg_resistant_fraction=0.9644
day=722 susceptible=0059 carriers=11941 avg_resistant_fraction=0.9646
day=723 susceptible=0061 carriers=11939 avg_resistant_fraction=0.9649
day=724 susceptible=0062 carriers=11938 avg_resistant_fraction=0.9648
day=725 susceptible=0064 carriers=11936 avg_resistant_fraction=0.9649
day=726 susceptible=0061 carriers=11939 avg_resistant_fraction=0.9651
day=727 susceptible=0064 carriers=11936 avg_resistant_fraction=0.9652
day=728 susceptible=0066 carriers=11934 avg_resistant_fraction=0.9654
day=729 susceptible=0067 carriers=11933 avg_resistant_fraction=0.9654
day=730 susceptible=0062 carriers=11938 avg_resistant_fraction=0.9656
day=731 susceptible=0057 carriers=11943 avg_resistant_fraction=0.9658
day=732 susceptible=0060 carriers=11940 avg_resistant_fraction=0.9660
day=733 susceptible=0057 carriers=11943 avg_resistant_fraction=0.9658
day=734 susceptible=0058 carriers=11942 avg_resistant_fraction=0.9660
day=735 susceptible=0054 carriers=11946 avg_resistant_fraction=0.9663
day=736 susceptible=0045 carriers=11955 avg_resistant_fraction=0.9667
day=737 susceptible=0045 carriers=11955 avg_resistant_fraction=0.9666
day=738 susceptible=0048 carriers=11952 avg_resistant_fraction=0.9668
day=739 susceptible=0052 carriers=11948 avg_resistant_fraction=0.9672
day=740 susceptible=0055 carriers=11945 avg_resistant_fraction=0.9673
day=741 susceptible=0065 carriers=11935 avg_resistant_fraction=0.9673
day=742 susceptible=0062 carriers=11938 avg_resistant_fraction=0.9676
day=743 susceptible=0065 carriers=11935 avg_resistant_fraction=0.9678
day=744 susceptible=0067 carriers=11933 avg_resistant_fraction=0.9679
day=745 susceptible=0069 carriers=11931 avg_resistant_fraction=0.9679
day=746 susceptible=0072 carriers=11928 avg_resistant_fraction=0.9680
day=747 susceptible=0058 carriers=11942 avg_resistant_fraction=0.9682
day=748 susceptible=0063 carriers=11937 avg_resistant_fraction=0.9686
day=749 susceptible=0060 carriers=11940 avg_resistant_fraction=0.9687
day=750 susceptible=0061 carriers=11939 avg_resistant_fraction=0.9688
day=751 susceptible=0055 carriers=11945 avg_resistant_fraction=0.9688
day=752 susceptible=0060 carriers=11940 avg_resistant_fraction=0.9691
day=753 susceptible=0050 carriers=11950 avg_resistant_fraction=0.9693
day=754 susceptible=0054 carriers=11946 avg_resistant_fraction=0.9697
day=755 susceptible=0051 carriers=11949 avg_resistant_fraction=0.9701
day=756 susceptible=0058 carriers=11942 avg_resistant_fraction=0.9705
day=757 susceptible=0059 carriers=11941 avg_resistant_fraction=0.9703
day=758 susceptible=0057 carriers=11943 avg_resistant_fraction=0.9708
day=759 susceptible=0054 carriers=11946 avg_resistant_fraction=0.9711
day=760 susceptible=0056 carriers=11944 avg_resistant_fraction=0.9713
day=761 susceptible=0058 carriers=11942 avg_resistant_fraction=0.9714
day=762 susceptible=0060 carriers=11940 avg_resistant_fraction=0.9714
day=763 susceptible=0061 carriers=11939 avg_resistant_fraction=0.9716
day=764 susceptible=0062 carriers=11938 avg_resistant_fraction=0.9717
day=765 susceptible=0060 carriers=11940 avg_resistant_fraction=0.9719
day=766 susceptible=0063 carriers=11937 avg_resistant_fraction=0.9719
day=767 susceptible=0060 carriers=11940 avg_resistant_fraction=0.9722
day=768 susceptible=0060 carriers=11940 avg_resistant_fraction=0.9721
day=769 susceptible=0057 carriers=11943 avg_resistant_fraction=0.9724
day=770 susceptible=0052 carriers=11948 avg_resistant_fraction=0.9726
day=771 susceptible=0049 carriers=11951 avg_resistant_fraction=0.9727
day=772 susceptible=0046 carriers=11954 avg_resistant_fraction=0.9733
day=773 susceptible=0049 carriers=11951 avg_resistant_fraction=0.9734
day=774 susceptible=0059 carriers=11941 avg_resistant_fraction=0.9738
day=775 susceptible=0053 carriers=11947 avg_resistant_fraction=0.9739
day=776 susceptible=0053 carriers=11947 avg_resistant_fraction=0.9742
day=777 susceptible=0049 carriers=11951 avg_resistant_fraction=0.9742
day=778 susceptible=0053 carriers=11947 avg_resistant_fraction=0.9745
day=779 susceptible=0050 carriers=11950 avg_resistant_fraction=0.9748
day=780 susceptible=0056 carriers=11944 avg_resistant_fraction=0.9748
day=781 susceptible=0060 carriers=11940 avg_resistant_fraction=0.9745
day=782 susceptible=0069 carriers=11931 avg_resistant_fraction=0.9746
day=783 susceptible=0069 carriers=11931 avg_resistant_fraction=0.9748
day=784 susceptible=0066 carriers=11934 avg_resistant_fraction=0.9749
day=785 susceptible=0075 carriers=11925 avg_resistant_fraction=0.9750
day=786 susceptible=0067 carriers=11933 avg_resistant_fraction=0.9751
day=787 susceptible=0067 carriers=11933 avg_resistant_fraction=0.9753
day=788 susceptible=0066 carriers=11934 avg_resistant_fraction=0.9753
day=789 susceptible=0064 carriers=11936 avg_resistant_fraction=0.9755
day=790 susceptible=0060 carriers=11940 avg_resistant_fraction=0.9753
day=791 susceptible=0052 carriers=11948 avg_resistant_fraction=0.9752
day=792 susceptible=0064 carriers=11936 avg_resistant_fraction=0.9752
day=793 susceptible=0057 carriers=11943 avg_resistant_fraction=0.9752
day=794 susceptible=0058 carriers=11942 avg_resistant_fraction=0.9753
day=795 susceptible=0062 carriers=11938 avg_resistant_fraction=0.9755
day=796 susceptible=0061 carriers=11939 avg_resistant_fraction=0.9757
day=797 susceptible=0056 carriers=11944 avg_resistant_fraction=0.9759
day=798 susceptible=0056 carriers=11944 avg_resistant_fraction=0.9761
day=799 susceptible=0055 carriers=11945 avg_resistant_fraction=0.9761
day=800 susceptible=0053 carriers=11947 avg_resistant_fraction=0.9762
day=801 susceptible=0047 carriers=11953 avg_resistant_fraction=0.9762
day=802 susceptible=0048 carriers=11952 avg_resistant_fraction=0.9763
day=803 susceptible=0059 carriers=11941 avg_resistant_fraction=0.9766
day=804 susceptible=0070 carriers=11930 avg_resistant_fraction=0.9769
day=805 susceptible=0072 carriers=11928 avg_resistant_fraction=0.9769
day=806 susceptible=0073 carriers=11927 avg_resistant_fraction=0.9768
day=807 susceptible=0068 carriers=11932 avg_resistant_fraction=0.9771
day=808 susceptible=0070 carriers=11930 avg_resistant_fraction=0.9771
day=809 susceptible=0062 carriers=11938 avg_resistant_fraction=0.9769
day=810 susceptible=0050 carriers=11950 avg_resistant_fraction=0.9768
day=811 susceptible=0044 carriers=11956 avg_resistant_fraction=0.9768
day=812 susceptible=0043 carriers=11957 avg_resistant_fraction=0.9767
day=813 susceptible=0050 carriers=11950 avg_resistant_fraction=0.9768
day=814 susceptible=0053 carriers=11947 avg_resistant_fraction=0.9770
day=815 susceptible=0049 carriers=11951 avg_resistant_fraction=0.9771
day=816 susceptible=0042 carriers=11958 avg_resistant_fraction=0.9773
day=817 susceptible=0056 carriers=11944 avg_resistant_fraction=0.9773
day=818 susceptible=0062 carriers=11938 avg_resistant_fraction=0.9775
day=819 susceptible=0061 carriers=11939 avg_resistant_fraction=0.9777
day=820 susceptible=0058 carriers=11942 avg_resistant_fraction=0.9776
day=821 susceptible=0060 carriers=11940 avg_resistant_fraction=0.9777
day=822 susceptible=0053 carriers=11947 avg_resistant_fraction=0.9776
day=823 susceptible=0052 carriers=11948 avg_resistant_fraction=0.9777
day=824 susceptible=0051 carriers=11949 avg_resistant_fraction=0.9776
day=825 susceptible=0050 carriers=11950 avg_resistant_fraction=0.9776
day=826 susceptible=0058 carriers=11942 avg_resistant_fraction=0.9777
day=827 susceptible=0061 carriers=11939 avg_resistant_fraction=0.9778
day=828 susceptible=0067 carriers=11933 avg_resistant_fraction=0.9779
day=829 susceptible=0067 carriers=11933 avg_resistant_fraction=0.9780
day=830 susceptible=0068 carriers=11932 avg_resistant_fraction=0.9782
day=831 susceptible=0067 carriers=11933 avg_resistant_fraction=0.9783
day=832 susceptible=0070 carriers=11930 avg_resistant_fraction=0.9783
day=833 susceptible=0071 carriers=11929 avg_resistant_fraction=0.9783
day=834 susceptible=0071 carriers=11929 avg_resistant_fraction=0.9785
day=835 susceptible=0063 carriers=11937 avg_resistant_fraction=0.9787
day=836 susceptible=0061 carriers=11939 avg_resistant_fraction=0.9787
day=837 susceptible=0051 carriers=11949 avg_resistant_fraction=0.9786
day=838 susceptible=0040 carriers=11960 avg_resistant_fraction=0.9788
day=839 susceptible=0043 carriers=11957 avg_resistant_fraction=0.9789
day=840 susceptible=0047 carriers=11953 avg_resistant_fraction=0.9790
day=841 susceptible=0049 carriers=11951 avg_resistant_fraction=0.9788
day=842 susceptible=0054 carriers=11946 avg_resistant_fraction=0.9788
day=843 susceptible=0046 carriers=11954 avg_resistant_fraction=0.9789
day=844 susceptible=0053 carriers=11947 avg_resistant_fraction=0.9787
day=845 susceptible=0059 carriers=11941 avg_resistant_fraction=0.9786
day=846 susceptible=0063 carriers=11937 avg_resistant_fraction=0.9786
day=847 susceptible=0063 carriers=11937 avg_resistant_fraction=0.9787
day=848 susceptible=0064 carriers=11936 avg_resistant_fraction=0.9786
day=849 susceptible=0059 carriers=11941 avg_resistant_fraction=0.9786
day=850 susceptible=0055 carriers=11945 avg_resistant_fraction=0.9788
day=851 susceptible=0053 carriers=11947 avg_resistant_fraction=0.9789
day=852 susceptible=0051 carriers=11949 avg_resistant_fraction=0.9791
day=853 susceptible=0052 carriers=11948 avg_resistant_fraction=0.9793
day=854 susceptible=0060 carriers=11940 avg_resistant_fraction=0.9794
day=855 susceptible=0057 carriers=11943 avg_resistant_fraction=0.9794
day=856 susceptible=0059 carriers=11941 avg_resistant_fraction=0.9792
day=857 susceptible=0064 carriers=11936 avg_resistant_fraction=0.9795
day=858 susceptible=0062 carriers=11938 avg_resistant_fraction=0.9792
day=859 susceptible=0063 carriers=11937 avg_resistant_fraction=0.9791
day=860 susceptible=0065 carriers=11935 avg_resistant_fraction=0.9793
day=861 susceptible=0070 carriers=11930 avg_resistant_fraction=0.9792
day=862 susceptible=0073 carriers=11927 avg_resistant_fraction=0.9793
day=863 susceptible=0072 carriers=11928 avg_resistant_fraction=0.9793
day=864 susceptible=0078 carriers=11922 avg_resistant_fraction=0.9793
day=865 susceptible=0078 carriers=11922 avg_resistant_fraction=0.9792
day=866 susceptible=0069 carriers=11931 avg_resistant_fraction=0.9790
day=867 susceptible=0068 carriers=11932 avg_resistant_fraction=0.9791
day=868 susceptible=0069 carriers=11931 avg_resistant_fraction=0.9792
day=869 susceptible=0067 carriers=11933 avg_resistant_fraction=0.9792
day=870 susceptible=0073 carriers=11927 avg_resistant_fraction=0.9789
day=871 susceptible=0075 carriers=11925 avg_resistant_fraction=0.9789
day=872 susceptible=0067 carriers=11933 avg_resistant_fraction=0.9791
day=873 susceptible=0069 carriers=11931 avg_resistant_fraction=0.9792
day=874 susceptible=0069 carriers=11931 avg_resistant_fraction=0.9791
day=875 susceptible=0062 carriers=11938 avg_resistant_fraction=0.9793
day=876 susceptible=0062 carriers=11938 avg_resistant_fraction=0.9792
day=877 susceptible=0067 carriers=11933 avg_resistant_fraction=0.9793
day=878 susceptible=0072 carriers=11928 avg_resistant_fraction=0.9793
day=879 susceptible=0072 carriers=11928 avg_resistant_fraction=0.9791
day=880 susceptible=0073 carriers=11927 avg_resistant_fraction=0.9790
day=881 susceptible=0068 carriers=11932 avg_resistant_fraction=0.9791
day=882 susceptible=0066 carriers=11934 avg_resistant_fraction=0.9790
day=883 susceptible=0063 carriers=11937 avg_resistant_fraction=0.9793
day=884 susceptible=0071 carriers=11929 avg_resistant_fraction=0.9792
day=885 susceptible=0065 carriers=11935 avg_resistant_fraction=0.9792
day=886 susceptible=0068 carriers=11932 avg_resistant_fraction=0.9792
day=887 susceptible=0065 carriers=11935 avg_resistant_fraction=0.9795
day=888 susceptible=0072 carriers=11928 avg_resistant_fraction=0.9792
day=889 susceptible=0082 carriers=11918 avg_resistant_fraction=0.9792
day=890 susceptible=0074 carriers=11926 avg_resistant_fraction=0.9793
day=891 susceptible=0067 carriers=11933 avg_resistant_fraction=0.9793
day=892 susceptible=0061 carriers=11939 avg_resistant_fraction=0.9792
day=893 susceptible=0057 carriers=11943 avg_resistant_fraction=0.9792
day=894 susceptible=0061 carriers=11939 avg_resistant_fraction=0.9793
day=895 susceptible=0056 carriers=11944 avg_resistant_fraction=0.9795
day=896 susceptible=0062 carriers=11938 avg_resistant_fraction=0.9795
day=897 susceptible=0061 carriers=11939 avg_resistant_fraction=0.9796
day=898 susceptible=0056 carriers=11944 avg_resistant_fraction=0.9798
day=899 susceptible=0052 carriers=11948 avg_resistant_fraction=0.9798
day=900 susceptible=0050 carriers=11950 avg_resistant_fraction=0.9797
day=901 susceptible=0047 carriers=11953 avg_resistant_fraction=0.9798
day=902 susceptible=0053 carriers=11947 avg_resistant_fraction=0.9802
day=903 susceptible=0047 carriers=11953 avg_resistant_fraction=0.9801
day=904 susceptible=0052 carriers=11948 avg_resistant_fraction=0.9803
day=905 susceptible=0053 carriers=11947 avg_resistant_fraction=0.9803
day=906 susceptible=0060 carriers=11940 avg_resistant_fraction=0.9802
day=907 susceptible=0059 carriers=11941 avg_resistant_fraction=0.9802
day=908 susceptible=0063 carriers=11937 avg_resistant_fraction=0.9800
day=909 susceptible=0058 carriers=11942 avg_resistant_fraction=0.9802
day=910 susceptible=0052 carriers=11948 avg_resistant_fraction=0.9800
day=911 susceptible=0049 carriers=11951 avg_resistant_fraction=0.9800
day=912 susceptible=0056 carriers=11944 avg_resistant_fraction=0.9800
day=913 susceptible=0056 carriers=11944 avg_resistant_fraction=0.9800
day=914 susceptible=0056 carriers=11944 avg_resistant_fraction=0.9802
day=915 susceptible=0060 carriers=11940 avg_resistant_fraction=0.9801
day=916 susceptible=0053 carriers=11947 avg_resistant_fraction=0.9801
day=917 susceptible=0054 carriers=11946 avg_resistant_fraction=0.9802
day=918 susceptible=0052 carriers=11948 avg_resistant_fraction=0.9800
day=919 susceptible=0054 carriers=11946 avg_resistant_fraction=0.9803
day=920 susceptible=0057 carriers=11943 avg_resistant_fraction=0.9800
day=921 susceptible=0056 carriers=11944 avg_resistant_fraction=0.9799
day=922 susceptible=0060 carriers=11940 avg_resistant_fraction=0.9797
day=923 susceptible=0060 carriers=11940 avg_resistant_fraction=0.9795
day=924 susceptible=0058 carriers=11942 avg_resistant_fraction=0.9797
day=925 susceptible=0054 carriers=11946 avg_resistant_fraction=0.9795
day=926 susceptible=0056 carriers=11944 avg_resistant_fraction=0.9797
day=927 susceptible=0057 carriers=11943 avg_resistant_fraction=0.9798
day=928 susceptible=0053 carriers=11947 avg_resistant_fraction=0.9799
day=929 susceptible=0058 carriers=11942 avg_resistant_fraction=0.9797
day=930 susceptible=0075 carriers=11925 avg_resistant_fraction=0.9800
day=931 susceptible=0062 carriers=11938 avg_resistant_fraction=0.9798
day=932 susceptible=0056 carriers=11944 avg_resistant_fraction=0.9796
day=933 susceptible=0053 carriers=11947 avg_resistant_fraction=0.9796
day=934 susceptible=0059 carriers=11941 avg_resistant_fraction=0.9796
day=935 susceptible=0059 carriers=11941 avg_resistant_fraction=0.9797
day=936 susceptible=0057 carriers=11943 avg_resistant_fraction=0.9797
day=937 susceptible=0059 carriers=11941 avg_resistant_fraction=0.9795
day=938 susceptible=0050 carriers=11950 avg_resistant_fraction=0.9795
day=939 susceptible=0056 carriers=11944 avg_resistant_fraction=0.9796
day=940 susceptible=0055 carriers=11945 avg_resistant_fraction=0.9796
day=941 susceptible=0052 carriers=11948 avg_resistant_fraction=0.9797
day=942 susceptible=0057 carriers=11943 avg_resistant_fraction=0.9799
day=943 susceptible=0051 carriers=11949 avg_resistant_fraction=0.9797
day=944 susceptible=0050 carriers=11950 avg_resistant_fraction=0.9800
day=945 susceptible=0049 carriers=11951 avg_resistant_fraction=0.9801
day=946 susceptible=0056 carriers=11944 avg_resistant_fraction=0.9802
day=947 susceptible=0048 carriers=11952 avg_resistant_fraction=0.9803
day=948 susceptible=0053 carriers=11947 avg_resistant_fraction=0.9803
day=949 susceptible=0055 carriers=11945 avg_resistant_fraction=0.9803
day=950 susceptible=0052 carriers=11948 avg_resistant_fraction=0.9801
day=951 susceptible=0060 carriers=11940 avg_resistant_fraction=0.9801
day=952 susceptible=0071 carriers=11929 avg_resistant_fraction=0.9797
day=953 susceptible=0067 carriers=11933 avg_resistant_fraction=0.9796
day=954 susceptible=0062 carriers=11938 avg_resistant_fraction=0.9796
day=955 susceptible=0066 carriers=11934 avg_resistant_fraction=0.9796
day=956 susceptible=0065 carriers=11935 avg_resistant_fraction=0.9796
day=957 susceptible=0066 carriers=11934 avg_resistant_fraction=0.9794
day=958 susceptible=0063 carriers=11937 avg_resistant_fraction=0.9797
day=959 susceptible=0065 carriers=11935 avg_resistant_fraction=0.9796
day=960 susceptible=0063 carriers=11937 avg_resistant_fraction=0.9796
day=961 susceptible=0064 carriers=11936 avg_resistant_fraction=0.9796
day=962 susceptible=0062 carriers=11938 avg_resistant_fraction=0.9796
day=963 susceptible=0065 carriers=11935 avg_resistant_fraction=0.9798
day=964 susceptible=0068 carriers=11932 avg_resistant_fraction=0.9799
day=965 susceptible=0074 carriers=11926 avg_resistant_fraction=0.9796
day=966 susceptible=0074 carriers=11926 avg_resistant_fraction=0.9798
day=967 susceptible=0059 carriers=11941 avg_resistant_fraction=0.9800
day=968 susceptible=0057 carriers=11943 avg_resistant_fraction=0.9796
day=969 susceptible=0057 carriers=11943 avg_resistant_fraction=0.9797
day=970 susceptible=0069 carriers=11931 avg_resistant_fraction=0.9798
day=971 susceptible=0066 carriers=11934 avg_resistant_fraction=0.9797
day=972 susceptible=0064 carriers=11936 avg_resistant_fraction=0.9797
day=973 susceptible=0055 carriers=11945 avg_resistant_fraction=0.9795
day=974 susceptible=0057 carriers=11943 avg_resistant_fraction=0.9794
day=975 susceptible=0049 carriers=11951 avg_resistant_fraction=0.9794
day=976 susceptible=0046 carriers=11954 avg_resistant_fraction=0.9794
day=977 susceptible=0052 carriers=11948 avg_resistant_fraction=0.9796
day=978 susceptible=0053 carriers=11947 avg_resistant_fraction=0.9797
day=979 susceptible=0054 carriers=11946 avg_resistant_fraction=0.9794
day=980 susceptible=0074 carriers=11926 avg_resistant_fraction=0.9793
day=981 susceptible=0067 carriers=11933 avg_resistant_fraction=0.9792
day=982 susceptible=0066 carriers=11934 avg_resistant_fraction=0.9793
day=983 susceptible=0068 carriers=11932 avg_resistant_fraction=0.9794
day=984 susceptible=0061 carriers=11939 avg_resistant_fraction=0.9793
day=985 susceptible=0060 carriers=11940 avg_resistant_fraction=0.9792
day=986 susceptible=0063 carriers=11937 avg_resistant_fraction=0.9793
day=987 susceptible=0067 carriers=11933 avg_resistant_fraction=0.9791
day=988 susceptible=0060 carriers=11940 avg_resistant_fraction=0.9791
day=989 susceptible=0051 carriers=11949 avg_resistant_fraction=0.9789
day=990 susceptible=0058 carriers=11942 avg_resistant_fraction=0.9788
day=991 susceptible=0064 carriers=11936 avg_resistant_fraction=0.9789
day=992 susceptible=0060 carriers=11940 avg_resistant_fraction=0.9788
day=993 susceptible=0060 carriers=11940 avg_resistant_fraction=0.9786
day=994 susceptible=0062 carriers=11938 avg_resistant_fraction=0.9786
day=995 susceptible=0057 carriers=11943 avg_resistant_fraction=0.9784
day=996 susceptible=0058 carriers=11942 avg_resistant_fraction=0.9782
day=997 susceptible=0060 carriers=11940 avg_resistant_fraction=0.9781
day=998 susceptible=0053 carriers=11947 avg_resistant_fraction=0.9780
day=999 susceptible=0053 carriers=11947 avg_resistant_fraction=0.9779
day=1000 susceptible=0054 carriers=11946 avg_resistant_fraction=0.9780
day=1001 susceptible=0056 carriers=11944 avg_resistant_fraction=0.9781
day=1002 susceptible=0063 carriers=11937 avg_resistant_fraction=0.9782
day=1003 susceptible=0060 carriers=11940 avg_resistant_fraction=0.9780
day=1004 susceptible=0063 carriers=11937 avg_resistant_fraction=0.9783
day=1005 susceptible=0061 carriers=11939 avg_resistant_fraction=0.9782
day=1006 susceptible=0060 carriers=11940 avg_resistant_fraction=0.9783
day=1007 susceptible=0058 carriers=11942 avg_resistant_fraction=0.9783
day=1008 susceptible=0061 carriers=11939 avg_resistant_fraction=0.9782
day=1009 susceptible=0055 carriers=11945 avg_resistant_fraction=0.9783
day=1010 susceptible=0057 carriers=11943 avg_resistant_fraction=0.9783
day=1011 susceptible=0059 carriers=11941 avg_resistant_fraction=0.9783
day=1012 susceptible=0060 carriers=11940 avg_resistant_fraction=0.9783
day=1013 susceptible=0060 carriers=11940 avg_resistant_fraction=0.9781
day=1014 susceptible=0068 carriers=11932 avg_resistant_fraction=0.9780
day=1015 susceptible=0069 carriers=11931 avg_resistant_fraction=0.9780
day=1016 susceptible=0065 carriers=11935 avg_resistant_fraction=0.9781
day=1017 susceptible=0059 carriers=11941 avg_resistant_fraction=0.9780
day=1018 susceptible=0067 carriers=11933 avg_resistant_fraction=0.9781
day=1019 susceptible=0061 carriers=11939 avg_resistant_fraction=0.9781
day=1020 susceptible=0063 carriers=11937 avg_resistant_fraction=0.9779
day=1021 susceptible=0074 carriers=11926 avg_resistant_fraction=0.9781
day=1022 susceptible=0075 carriers=11925 avg_resistant_fraction=0.9779
day=1023 susceptible=0077 carriers=11923 avg_resistant_fraction=0.9779
day=1024 susceptible=0078 carriers=11922 avg_resistant_fraction=0.9780
day=1025 susceptible=0081 carriers=11919 avg_resistant_fraction=0.9781
day=1026 susceptible=0074 carriers=11926 avg_resistant_fraction=0.9781
day=1027 susceptible=0073 carriers=11927 avg_resistant_fraction=0.9782
day=1028 susceptible=0069 carriers=11931 avg_resistant_fraction=0.9783
day=1029 susceptible=0066 carriers=11934 avg_resistant_fraction=0.9784
day=1030 susceptible=0066 carriers=11934 avg_resistant_fraction=0.9783
day=1031 susceptible=0067 carriers=11933 avg_resistant_fraction=0.9785
day=1032 susceptible=0065 carriers=11935 avg_resistant_fraction=0.9785
day=1033 susceptible=0066 carriers=11934 avg_resistant_fraction=0.9788
day=1034 susceptible=0067 carriers=11933 avg_resistant_fraction=0.9789
day=1035 susceptible=0062 carriers=11938 avg_resistant_fraction=0.9791
day=1036 susceptible=0058 carriers=11942 avg_resistant_fraction=0.9791
day=1037 susceptible=0067 carriers=11933 avg_resistant_fraction=0.9791
day=1038 susceptible=0061 carriers=11939 avg_resistant_fraction=0.9789
day=1039 susceptible=0053 carriers=11947 avg_resistant_fraction=0.9791
day=1040 susceptible=0065 carriers=11935 avg_resistant_fraction=0.9791
day=1041 susceptible=0061 carriers=11939 avg_resistant_fraction=0.9791
day=1042 susceptible=0057 carriers=11943 avg_resistant_fraction=0.9791
day=1043 susceptible=0063 carriers=11937 avg_resistant_fraction=0.9790
day=1044 susceptible=0054 carriers=11946 avg_resistant_fraction=0.9794
day=1045 susceptible=0052 carriers=11948 avg_resistant_fraction=0.9796
day=1046 susceptible=0053 carriers=11947 avg_resistant_fraction=0.9796
day=1047 susceptible=0059 carriers=11941 avg_resistant_fraction=0.9798
day=1048 susceptible=0065 carriers=11935 avg_resistant_fraction=0.9799
day=1049 susceptible=0068 carriers=11932 avg_resistant_fraction=0.9796
day=1050 susceptible=0068 carriers=11932 avg_resistant_fraction=0.9797
day=1051 susceptible=0071 carriers=11929 avg_resistant_fraction=0.9798
day=1052 susceptible=0067 carriers=11933 avg_resistant_fraction=0.9797
day=1053 susceptible=0069 carriers=11931 avg_resistant_fraction=0.9797
day=1054 susceptible=0067 carriers=11933 avg_resistant_fraction=0.9796
day=1055 susceptible=0065 carriers=11935 avg_resistant_fraction=0.9796
day=1056 susceptible=0071 carriers=11929 avg_resistant_fraction=0.9796
day=1057 susceptible=0069 carriers=11931 avg_resistant_fraction=0.9796
day=1058 susceptible=0074 carriers=11926 avg_resistant_fraction=0.9796
day=1059 susceptible=0064 carriers=11936 avg_resistant_fraction=0.9796
day=1060 susceptible=0053 carriers=11947 avg_resistant_fraction=0.9793
day=1061 susceptible=0056 carriers=11944 avg_resistant_fraction=0.9792
day=1062 susceptible=0053 carriers=11947 avg_resistant_fraction=0.9792
day=1063 susceptible=0050 carriers=11950 avg_resistant_fraction=0.9790
day=1064 susceptible=0053 carriers=11947 avg_resistant_fraction=0.9791
day=1065 susceptible=0049 carriers=11951 avg_resistant_fraction=0.9789
day=1066 susceptible=0049 carriers=11951 avg_resistant_fraction=0.9792
day=1067 susceptible=0057 carriers=11943 avg_resistant_fraction=0.9794
day=1068 susceptible=0058 carriers=11942 avg_resistant_fraction=0.9796
day=1069 susceptible=0057 carriers=11943 avg_resistant_fraction=0.9796
day=1070 susceptible=0060 carriers=11940 avg_resistant_fraction=0.9795
day=1071 susceptible=0061 carriers=11939 avg_resistant_fraction=0.9795
day=1072 susceptible=0062 carriers=11938 avg_resistant_fraction=0.9795
day=1073 susceptible=0063 carriers=11937 avg_resistant_fraction=0.9796
day=1074 susceptible=0060 carriers=11940 avg_resistant_fraction=0.9796
day=1075 susceptible=0065 carriers=11935 avg_resistant_fraction=0.9794
day=1076 susceptible=0056 carriers=11944 avg_resistant_fraction=0.9793
day=1077 susceptible=0055 carriers=11945 avg_resistant_fraction=0.9792
day=1078 susceptible=0057 carriers=11943 avg_resistant_fraction=0.9791
day=1079 susceptible=0054 carriers=11946 avg_resistant_fraction=0.9789
day=1080 susceptible=0058 carriers=11942 avg_resistant_fraction=0.9790
day=1081 susceptible=0061 carriers=11939 avg_resistant_fraction=0.9789
day=1082 susceptible=0053 carriers=11947 avg_resistant_fraction=0.9790
day=1083 susceptible=0051 carriers=11949 avg_resistant_fraction=0.9793
day=1084 susceptible=0052 carriers=11948 avg_resistant_fraction=0.9792
day=1085 susceptible=0056 carriers=11944 avg_resistant_fraction=0.9792
day=1086 susceptible=0066 carriers=11934 avg_resistant_fraction=0.9793
day=1087 susceptible=0068 carriers=11932 avg_resistant_fraction=0.9793
day=1088 susceptible=0062 carriers=11938 avg_resistant_fraction=0.9794
day=1089 susceptible=0057 carriers=11943 avg_resistant_fraction=0.9796
day=1090 susceptible=0061 carriers=11939 avg_resistant_fraction=0.9794
day=1091 susceptible=0063 carriers=11937 avg_resistant_fraction=0.9794
day=1092 susceptible=0065 carriers=11935 avg_resistant_fraction=0.9793
day=1093 susceptible=0071 carriers=11929 avg_resistant_fraction=0.9795
day=1094 susceptible=0062 carriers=11938 avg_resistant_fraction=0.9794
day=1095 susceptible=0066 carriers=11934 avg_resistant_fraction=0.9794
day=1096 susceptible=0067 carriers=11933 avg_resistant_fraction=0.9794
day=1097 susceptible=0067 carriers=11933 avg_resistant_fraction=0.9793
day=1098 susceptible=0062 carriers=11938 avg_resistant_fraction=0.9793
day=1099 susceptible=0064 carriers=11936 avg_resistant_fraction=0.9793
day=1100 susceptible=0063 carriers=11937 avg_resistant_fraction=0.9794
day=1101 susceptible=0066 carriers=11934 avg_resistant_fraction=0.9798
day=1102 susceptible=0058 carriers=11942 avg_resistant_fraction=0.9798
day=1103 susceptible=0065 carriers=11935 avg_resistant_fraction=0.9798
day=1104 susceptible=0074 carriers=11926 avg_resistant_fraction=0.9799
day=1105 susceptible=0078 carriers=11922 avg_resistant_fraction=0.9801
day=1106 susceptible=0071 carriers=11929 avg_resistant_fraction=0.9800
day=1107 susceptible=0069 carriers=11931 avg_resistant_fraction=0.9800
day=1108 susceptible=0072 carriers=11928 avg_resistant_fraction=0.9798
day=1109 susceptible=0071 carriers=11929 avg_resistant_fraction=0.9799
day=1110 susceptible=0066 carriers=11934 avg_resistant_fraction=0.9801
day=1111 susceptible=0064 carriers=11936 avg_resistant_fraction=0.9800
day=1112 susceptible=0073 carriers=11927 avg_resistant_fraction=0.9800
day=1113 susceptible=0062 carriers=11938 avg_resistant_fraction=0.9800
day=1114 susceptible=0065 carriers=11935 avg_resistant_fraction=0.9802
day=1115 susceptible=0064 carriers=11936 avg_resistant_fraction=0.9803
day=1116 susceptible=0055 carriers=11945 avg_resistant_fraction=0.9802
day=1117 susceptible=0058 carriers=11942 avg_resistant_fraction=0.9802
day=1118 susceptible=0056 carriers=11944 avg_resistant_fraction=0.9803
day=1119 susceptible=0056 carriers=11944 avg_resistant_fraction=0.9804
day=1120 susceptible=0052 carriers=11948 avg_resistant_fraction=0.9802
day=1121 susceptible=0055 carriers=11945 avg_resistant_fraction=0.9803
day=1122 susceptible=0059 carriers=11941 avg_resistant_fraction=0.9803
day=1123 susceptible=0065 carriers=11935 avg_resistant_fraction=0.9803
day=1124 susceptible=0054 carriers=11946 avg_resistant_fraction=0.9802
day=1125 susceptible=0057 carriers=11943 avg_resistant_fraction=0.9803
day=1126 susceptible=0060 carriers=11940 avg_resistant_fraction=0.9804
day=1127 susceptible=0058 carriers=11942 avg_resistant_fraction=0.9804
day=1128 susceptible=0058 carriers=11942 avg_resistant_fraction=0.9804
day=1129 susceptible=0057 carriers=11943 avg_resistant_fraction=0.9804
day=1130 susceptible=0055 carriers=11945 avg_resistant_fraction=0.9803
day=1131 susceptible=0054 carriers=11946 avg_resistant_fraction=0.9803
day=1132 susceptible=0054 carriers=11946 avg_resistant_fraction=0.9804
day=1133 susceptible=0058 carriers=11942 avg_resistant_fraction=0.9805
day=1134 susceptible=0053 carriers=11947 avg_resistant_fraction=0.9806
day=1135 susceptible=0057 carriers=11943 avg_resistant_fraction=0.9804
day=1136 susceptible=0055 carriers=11945 avg_resistant_fraction=0.9805
day=1137 susceptible=0055 carriers=11945 avg_resistant_fraction=0.9807
day=1138 susceptible=0058 carriers=11942 avg_resistant_fraction=0.9808
day=1139 susceptible=0065 carriers=11935 avg_resistant_fraction=0.9809
day=1140 susceptible=0062 carriers=11938 avg_resistant_fraction=0.9810
day=1141 susceptible=0064 carriers=11936 avg_resistant_fraction=0.9811
day=1142 susceptible=0068 carriers=11932 avg_resistant_fraction=0.9812
day=1143 susceptible=0066 carriers=11934 avg_resistant_fraction=0.9812
day=1144 susceptible=0066 carriers=11934 avg_resistant_fraction=0.9811
day=1145 susceptible=0067 carriers=11933 avg_resistant_fraction=0.9811
day=1146 susceptible=0067 carriers=11933 avg_resistant_fraction=0.9808
day=1147 susceptible=0072 carriers=11928 avg_resistant_fraction=0.9807
day=1148 susceptible=0061 carriers=11939 avg_resistant_fraction=0.9806
day=1149 susceptible=0057 carriers=11943 avg_resistant_fraction=0.9808
day=1150 susceptible=0054 carriers=11946 avg_resistant_fraction=0.9805
day=1151 susceptible=0059 carriers=11941 avg_resistant_fraction=0.9806
day=1152 susceptible=0053 carriers=11947 avg_resistant_fraction=0.9806
day=1153 susceptible=0049 carriers=11951 avg_resistant_fraction=0.9807
day=1154 susceptible=0049 carriers=11951 avg_resistant_fraction=0.9810
day=1155 susceptible=0048 carriers=11952 avg_resistant_fraction=0.9810
day=1156 susceptible=0056 carriers=11944 avg_resistant_fraction=0.9811
day=1157 susceptible=0054 carriers=11946 avg_resistant_fraction=0.9811
day=1158 susceptible=0060 carriers=11940 avg_resistant_fraction=0.9812
day=1159 susceptible=0057 carriers=11943 avg_resistant_fraction=0.9812
day=1160 susceptible=0058 carriers=11942 avg_resistant_fraction=0.9811
day=1161 susceptible=0053 carriers=11947 avg_resistant_fraction=0.9811
day=1162 susceptible=0058 carriers=11942 avg_resistant_fraction=0.9811
day=1163 susceptible=0058 carriers=11942 avg_resistant_fraction=0.9810
day=1164 susceptible=0065 carriers=11935 avg_resistant_fraction=0.9808
day=1165 susceptible=0068 carriers=11932 avg_resistant_fraction=0.9810
day=1166 susceptible=0059 carriers=11941 avg_resistant_fraction=0.9809
day=1167 susceptible=0062 carriers=11938 avg_resistant_fraction=0.9810
day=1168 susceptible=0063 carriers=11937 avg_resistant_fraction=0.9812
day=1169 susceptible=0069 carriers=11931 avg_resistant_fraction=0.9810
day=1170 susceptible=0066 carriers=11934 avg_resistant_fraction=0.9811
day=1171 susceptible=0066 carriers=11934 avg_resistant_fraction=0.9810
day=1172 susceptible=0062 carriers=11938 avg_resistant_fraction=0.9811
day=1173 susceptible=0072 carriers=11928 avg_resistant_fraction=0.9811
day=1174 susceptible=0064 carriers=11936 avg_resistant_fraction=0.9810
day=1175 susceptible=0064 carriers=11936 avg_resistant_fraction=0.9808
day=1176 susceptible=0063 carriers=11937 avg_resistant_fraction=0.9810
day=1177 susceptible=0053 carriers=11947 avg_resistant_fraction=0.9810
day=1178 susceptible=0052 carriers=11948 avg_resistant_fraction=0.9812
day=1179 susceptible=0059 carriers=11941 avg_resistant_fraction=0.9809
day=1180 susceptible=0059 carriers=11941 avg_resistant_fraction=0.9810
day=1181 susceptible=0052 carriers=11948 avg_resistant_fraction=0.9810
day=1182 susceptible=0055 carriers=11945 avg_resistant_fraction=0.9809
day=1183 susceptible=0059 carriers=11941 avg_resistant_fraction=0.9810
day=1184 susceptible=0065 carriers=11935 avg_resistant_fraction=0.9811
day=1185 susceptible=0060 carriers=11940 avg_resistant_fraction=0.9811
day=1186 susceptible=0068 carriers=11932 avg_resistant_fraction=0.9814
day=1187 susceptible=0071 carriers=11929 avg_resistant_fraction=0.9815
day=1188 susceptible=0069 carriers=11931 avg_resistant_fraction=0.9816
day=1189 susceptible=0063 carriers=11937 avg_resistant_fraction=0.9812
day=1190 susceptible=0058 carriers=11942 avg_resistant_fraction=0.9810
day=1191 susceptible=0067 carriers=11933 avg_resistant_fraction=0.9812
day=1192 susceptible=0064 carriers=11936 avg_resistant_fraction=0.9815
day=1193 susceptible=0061 carriers=11939 avg_resistant_fraction=0.9816
day=1194 susceptible=0063 carriers=11937 avg_resistant_fraction=0.9816
day=1195 susceptible=0055 carriers=11945 avg_resistant_fraction=0.9816
day=1196 susceptible=0062 carriers=11938 avg_resistant_fraction=0.9817
day=1197 susceptible=0054 carriers=11946 avg_resistant_fraction=0.9817
day=1198 susceptible=0051 carriers=11949 avg_resistant_fraction=0.9819
day=1199 susceptible=0061 carriers=11939 avg_resistant_fraction=0.9819
day=1200 susceptible=0061 carriers=11939 avg_resistant_fraction=0.9819
day=1201 susceptible=0065 carriers=11935 avg_resistant_fraction=0.9818
day=1202 susceptible=0061 carriers=11939 avg_resistant_fraction=0.9820
day=1203 susceptible=0055 carriers=11945 avg_resistant_fraction=0.9821
day=1204 susceptible=0054 carriers=11946 avg_resistant_fraction=0.9820
day=1205 susceptible=0050 carriers=11950 avg_resistant_fraction=0.9822
day=1206 susceptible=0050 carriers=11950 avg_resistant_fraction=0.9823
day=1207 susceptible=0048 carriers=11952 avg_resistant_fraction=0.9825
day=1208 susceptible=0047 carriers=11953 avg_resistant_fraction=0.9827
day=1209 susceptible=0053 carriers=11947 avg_resistant_fraction=0.9828
day=1210 susceptible=0062 carriers=11938 avg_resistant_fraction=0.9827
day=1211 susceptible=0067 carriers=11933 avg_resistant_fraction=0.9830
day=1212 susceptible=0072 carriers=11928 avg_resistant_fraction=0.9830
day=1213 susceptible=0075 carriers=11925 avg_resistant_fraction=0.9831
day=1214 susceptible=0065 carriers=11935 avg_resistant_fraction=0.9832
day=1215 susceptible=0074 carriers=11926 avg_resistant_fraction=0.9833
day=1216 susceptible=0070 carriers=11930 avg_resistant_fraction=0.9832
day=1217 susceptible=0065 carriers=11935 avg_resistant_fraction=0.9831
day=1218 susceptible=0064 carriers=11936 avg_resistant_fraction=0.9829
day=1219 susceptible=0067 carriers=11933 avg_resistant_fraction=0.9828
day=1220 susceptible=0070 carriers=11930 avg_resistant_fraction=0.9830
day=1221 susceptible=0071 carriers=11929 avg_resistant_fraction=0.9832
day=1222 susceptible=0069 carriers=11931 avg_resistant_fraction=0.9834
day=1223 susceptible=0063 carriers=11937 avg_resistant_fraction=0.9835
day=1224 susceptible=0065 carriers=11935 avg_resistant_fraction=0.9836
day=1225 susceptible=0072 carriers=11928 avg_resistant_fraction=0.9835
day=1226 susceptible=0065 carriers=11935 avg_resistant_fraction=0.9836
day=1227 susceptible=0057 carriers=11943 avg_resistant_fraction=0.9839
day=1228 susceptible=0065 carriers=11935 avg_resistant_fraction=0.9837
day=1229 susceptible=0061 carriers=11939 avg_resistant_fraction=0.9837
day=1230 susceptible=0067 carriers=11933 avg_resistant_fraction=0.9838
day=1231 susceptible=0067 carriers=11933 avg_resistant_fraction=0.9838
day=1232 susceptible=0064 carriers=11936 avg_resistant_fraction=0.9837
day=1233 susceptible=0062 carriers=11938 avg_resistant_fraction=0.9836
day=1234 susceptible=0059 carriers=11941 avg_resistant_fraction=0.9838
day=1235 susceptible=0058 carriers=11942 avg_resistant_fraction=0.9837
day=1236 susceptible=0055 carriers=11945 avg_resistant_fraction=0.9839
day=1237 susceptible=0060 carriers=11940 avg_resistant_fraction=0.9838
day=1238 susceptible=0064 carriers=11936 avg_resistant_fraction=0.9838
day=1239 susceptible=0064 carriers=11936 avg_resistant_fraction=0.9837
day=1240 susceptible=0067 carriers=11933 avg_resistant_fraction=0.9837
day=1241 susceptible=0063 carriers=11937 avg_resistant_fraction=0.9840
day=1242 susceptible=0063 carriers=11937 avg_resistant_fraction=0.9841
day=1243 susceptible=0063 carriers=11937 avg_resistant_fraction=0.9841
day=1244 susceptible=0061 carriers=11939 avg_resistant_fraction=0.9840
day=1245 susceptible=0056 carriers=11944 avg_resistant_fraction=0.9841
day=1246 susceptible=0050 carriers=11950 avg_resistant_fraction=0.9841
day=1247 susceptible=0055 carriers=11945 avg_resistant_fraction=0.9841
day=1248 susceptible=0063 carriers=11937 avg_resistant_fraction=0.9842
day=1249 susceptible=0063 carriers=11937 avg_resistant_fraction=0.9842
day=1250 susceptible=0069 carriers=11931 avg_resistant_fraction=0.9842
day=1251 susceptible=0065 carriers=11935 avg_resistant_fraction=0.9843
day=1252 susceptible=0067 carriers=11933 avg_resistant_fraction=0.9844
day=1253 susceptible=0070 carriers=11930 avg_resistant_fraction=0.9843
day=1254 susceptible=0068 carriers=11932 avg_resistant_fraction=0.9845
day=1255 susceptible=0064 carriers=11936 avg_resistant_fraction=0.9845
day=1256 susceptible=0066 carriers=11934 avg_resistant_fraction=0.9845
day=1257 susceptible=0065 carriers=11935 avg_resistant_fraction=0.9847
day=1258 susceptible=0060 carriers=11940 avg_resistant_fraction=0.9847
day=1259 susceptible=0060 carriers=11940 avg_resistant_fraction=0.9847
day=1260 susceptible=0066 carriers=11934 avg_resistant_fraction=0.9846
day=1261 susceptible=0066 carriers=11934 avg_resistant_fraction=0.9845
day=1262 susceptible=0070 carriers=11930 avg_resistant_fraction=0.9847
day=1263 susceptible=0069 carriers=11931 avg_resistant_fraction=0.9846
day=1264 susceptible=0062 carriers=11938 avg_resistant_fraction=0.9845
day=1265 susceptible=0059 carriers=11941 avg_resistant_fraction=0.9842
day=1266 susceptible=0057 carriers=11943 avg_resistant_fraction=0.9841
day=1267 susceptible=0057 carriers=11943 avg_resistant_fraction=0.9840
day=1268 susceptible=0055 carriers=11945 avg_resistant_fraction=0.9843
day=1269 susceptible=0048 carriers=11952 avg_resistant_fraction=0.9841
day=1270 susceptible=0047 carriers=11953 avg_resistant_fraction=0.9843
day=1271 susceptible=0052 carriers=11948 avg_resistant_fraction=0.9843
day=1272 susceptible=0059 carriers=11941 avg_resistant_fraction=0.9844
day=1273 susceptible=0056 carriers=11944 avg_resistant_fraction=0.9842
day=1274 susceptible=0063 carriers=11937 avg_resistant_fraction=0.9843
day=1275 susceptible=0059 carriers=11941 avg_resistant_fraction=0.9842
day=1276 susceptible=0063 carriers=11937 avg_resistant_fraction=0.9840
day=1277 susceptible=0056 carriers=11944 avg_resistant_fraction=0.9842
day=1278 susceptible=0056 carriers=11944 avg_resistant_fraction=0.9841
day=1279 susceptible=0060 carriers=11940 avg_resistant_fraction=0.9841
day=1280 susceptible=0061 carriers=11939 avg_resistant_fraction=0.9840
day=1281 susceptible=0063 carriers=11937 avg_resistant_fraction=0.9840
day=1282 susceptible=0065 carriers=11935 avg_resistant_fraction=0.9840
day=1283 susceptible=0061 carriers=11939 avg_resistant_fraction=0.9842
day=1284 susceptible=0063 carriers=11937 avg_resistant_fraction=0.9842
day=1285 susceptible=0071 carriers=11929 avg_resistant_fraction=0.9842
day=1286 susceptible=0065 carriers=11935 avg_resistant_fraction=0.9844
day=1287 susceptible=0062 carriers=11938 avg_resistant_fraction=0.9843
day=1288 susceptible=0062 carriers=11938 avg_resistant_fraction=0.9843
day=1289 susceptible=0059 carriers=11941 avg_resistant_fraction=0.9841
day=1290 susceptible=0057 carriers=11943 avg_resistant_fraction=0.9841
day=1291 susceptible=0063 carriers=11937 avg_resistant_fraction=0.9841
day=1292 susceptible=0066 carriers=11934 avg_resistant_fraction=0.9841
day=1293 susceptible=0064 carriers=11936 avg_resistant_fraction=0.9843
day=1294 susceptible=0063 carriers=11937 avg_resistant_fraction=0.9844
day=1295 susceptible=0067 carriers=11933 avg_resistant_fraction=0.9843
day=1296 susceptible=0063 carriers=11937 avg_resistant_fraction=0.9841
day=1297 susceptible=0070 carriers=11930 avg_resistant_fraction=0.9841
day=1298 susceptible=0065 carriers=11935 avg_resistant_fraction=0.9840
day=1299 susceptible=0063 carriers=11937 avg_resistant_fraction=0.9841
day=1300 susceptible=0063 carriers=11937 avg_resistant_fraction=0.9843
day=1301 susceptible=0057 carriers=11943 avg_resistant_fraction=0.9843
day=1302 susceptible=0053 carriers=11947 avg_resistant_fraction=0.9842
day=1303 susceptible=0059 carriers=11941 avg_resistant_fraction=0.9841
day=1304 susceptible=0057 carriers=11943 avg_resistant_fraction=0.9841
day=1305 susceptible=0051 carriers=11949 avg_resistant_fraction=0.9842
day=1306 susceptible=0052 carriers=11948 avg_resistant_fraction=0.9841
day=1307 susceptible=0053 carriers=11947 avg_resistant_fraction=0.9841
day=1308 susceptible=0054 carriers=11946 avg_resistant_fraction=0.9841
day=1309 susceptible=0051 carriers=11949 avg_resistant_fraction=0.9842
day=1310 susceptible=0053 carriers=11947 avg_resistant_fraction=0.9843
day=1311 susceptible=0056 carriers=11944 avg_resistant_fraction=0.9843
day=1312 susceptible=0064 carriers=11936 avg_resistant_fraction=0.9841
day=1313 susceptible=0059 carriers=11941 avg_resistant_fraction=0.9841
day=1314 susceptible=0059 carriers=11941 avg_resistant_fraction=0.9843
day=1315 susceptible=0058 carriers=11942 avg_resistant_fraction=0.9842
day=1316 susceptible=0053 carriers=11947 avg_resistant_fraction=0.9845
day=1317 susceptible=0051 carriers=11949 avg_resistant_fraction=0.9843
day=1318 susceptible=0048 carriers=11952 avg_resistant_fraction=0.9843
day=1319 susceptible=0047 carriers=11953 avg_resistant_fraction=0.9843
day=1320 susceptible=0054 carriers=11946 avg_resistant_fraction=0.9844
day=1321 susceptible=0053 carriers=11947 avg_resistant_fraction=0.9843
day=1322 susceptible=0061 carriers=11939 avg_resistant_fraction=0.9842
day=1323 susceptible=0056 carriers=11944 avg_resistant_fraction=0.9843
day=1324 susceptible=0065 carriers=11935 avg_resistant_fraction=0.9843
day=1325 susceptible=0063 carriers=11937 avg_resistant_fraction=0.9843
day=1326 susceptible=0059 carriers=11941 avg_resistant_fraction=0.9842
day=1327 susceptible=0059 carriers=11941 avg_resistant_fraction=0.9843
day=1328 susceptible=0057 carriers=11943 avg_resistant_fraction=0.9844
day=1329 susceptible=0067 carriers=11933 avg_resistant_fraction=0.9843
day=1330 susceptible=0066 carriers=11934 avg_resistant_fraction=0.9844
day=1331 susceptible=0058 carriers=11942 avg_resistant_fraction=0.9843
day=1332 susceptible=0054 carriers=11946 avg_resistant_fraction=0.9847
day=1333 susceptible=0056 carriers=11944 avg_resistant_fraction=0.9848
day=1334 susceptible=0057 carriers=11943 avg_resistant_fraction=0.9850
day=1335 susceptible=0054 carriers=11946 avg_resistant_fraction=0.9852
day=1336 susceptible=0053 carriers=11947 avg_resistant_fraction=0.9854
day=1337 susceptible=0049 carriers=11951 avg_resistant_fraction=0.9855
day=1338 susceptible=0054 carriers=11946 avg_resistant_fraction=0.9854
day=1339 susceptible=0057 carriers=11943 avg_resistant_fraction=0.9854
day=1340 susceptible=0051 carriers=11949 avg_resistant_fraction=0.9855
day=1341 susceptible=0055 carriers=11945 avg_resistant_fraction=0.9854
day=1342 susceptible=0061 carriers=11939 avg_resistant_fraction=0.9854
day=1343 susceptible=0062 carriers=11938 avg_resistant_fraction=0.9853
day=1344 susceptible=0058 carriers=11942 avg_resistant_fraction=0.9852
day=1345 susceptible=0060 carriers=11940 avg_resistant_fraction=0.9850
day=1346 susceptible=0062 carriers=11938 avg_resistant_fraction=0.9851
day=1347 susceptible=0065 carriers=11935 avg_resistant_fraction=0.9851
day=1348 susceptible=0064 carriers=11936 avg_resistant_fraction=0.9852
day=1349 susceptible=0058 carriers=11942 avg_resistant_fraction=0.9853
day=1350 susceptible=0057 carriers=11943 avg_resistant_fraction=0.9854
day=1351 susceptible=0055 carriers=11945 avg_resistant_fraction=0.9853
day=1352 susceptible=0056 carriers=11944 avg_resistant_fraction=0.9854
day=1353 susceptible=0056 carriers=11944 avg_resistant_fraction=0.9856
day=1354 susceptible=0059 carriers=11941 avg_resistant_fraction=0.9857
day=1355 susceptible=0065 carriers=11935 avg_resistant_fraction=0.9857
day=1356 susceptible=0055 carriers=11945 avg_resistant_fraction=0.9857
day=1357 susceptible=0062 carriers=11938 avg_resistant_fraction=0.9857
day=1358 susceptible=0061 carriers=11939 avg_resistant_fraction=0.9856
day=1359 susceptible=0057 carriers=11943 avg_resistant_fraction=0.9855
day=1360 susceptible=0055 carriers=11945 avg_resistant_fraction=0.9857
day=1361 susceptible=0061 carriers=11939 avg_resistant_fraction=0.9858
day=1362 susceptible=0061 carriers=11939 avg_resistant_fraction=0.9857
day=1363 susceptible=0061 carriers=11939 avg_resistant_fraction=0.9858
day=1364 susceptible=0056 carriers=11944 avg_resistant_fraction=0.9857
day=1365 susceptible=0054 carriers=11946 avg_resistant_fraction=0.9855
day=1366 susceptible=0052 carriers=11948 avg_resistant_fraction=0.9856
day=1367 susceptible=0061 carriers=11939 avg_resistant_fraction=0.9858
day=1368 susceptible=0054 carriers=11946 avg_resistant_fraction=0.9858
day=1369 susceptible=0054 carriers=11946 avg_resistant_fraction=0.9860
day=1370 susceptible=0061 carriers=11939 avg_resistant_fraction=0.9858
day=1371 susceptible=0062 carriers=11938 avg_resistant_fraction=0.9856
day=1372 susceptible=0059 carriers=11941 avg_resistant_fraction=0.9853
day=1373 susceptible=0052 carriers=11948 avg_resistant_fraction=0.9850
day=1374 susceptible=0053 carriers=11947 avg_resistant_fraction=0.9847
day=1375 susceptible=0050 carriers=11950 avg_resistant_fraction=0.9846
day=1376 susceptible=0059 carriers=11941 avg_resistant_fraction=0.9846
day=1377 susceptible=0063 carriers=11937 avg_resistant_fraction=0.9847
day=1378 susceptible=0074 carriers=11926 avg_resistant_fraction=0.9849
day=1379 susceptible=0078 carriers=11922 avg_resistant_fraction=0.9850
day=1380 susceptible=0076 carriers=11924 avg_resistant_fraction=0.9851
day=1381 susceptible=0074 carriers=11926 avg_resistant_fraction=0.9850
day=1382 susceptible=0081 carriers=11919 avg_resistant_fraction=0.9851
day=1383 susceptible=0072 carriers=11928 avg_resistant_fraction=0.9854
day=1384 susceptible=0073 carriers=11927 avg_resistant_fraction=0.9852
day=1385 susceptible=0069 carriers=11931 avg_resistant_fraction=0.9856
day=1386 susceptible=0070 carriers=11930 avg_resistant_fraction=0.9855
day=1387 susceptible=0073 carriers=11927 avg_resistant_fraction=0.9854
day=1388 susceptible=0071 carriers=11929 avg_resistant_fraction=0.9852
day=1389 susceptible=0066 carriers=11934 avg_resistant_fraction=0.9850
day=1390 susceptible=0066 carriers=11934 avg_resistant_fraction=0.9847
day=1391 susceptible=0066 carriers=11934 avg_resistant_fraction=0.9847
day=1392 susceptible=0060 carriers=11940 avg_resistant_fraction=0.9846
day=1393 susceptible=0069 carriers=11931 avg_resistant_fraction=0.9844
day=1394 susceptible=0067 carriers=11933 avg_resistant_fraction=0.9844
day=1395 susceptible=0066 carriers=11934 avg_resistant_fraction=0.9845
day=1396 susceptible=0062 carriers=11938 avg_resistant_fraction=0.9846
day=1397 susceptible=0065 carriers=11935 avg_resistant_fraction=0.9847
day=1398 susceptible=0062 carriers=11938 avg_resistant_fraction=0.9847
day=1399 susceptible=0062 carriers=11938 avg_resistant_fraction=0.9845
day=1400 susceptible=0063 carriers=11937 avg_resistant_fraction=0.9843
day=1401 susceptible=0074 carriers=11926 avg_resistant_fraction=0.9841
day=1402 susceptible=0073 carriers=11927 avg_resistant_fraction=0.9839
day=1403 susceptible=0072 carriers=11928 avg_resistant_fraction=0.9837
day=1404 susceptible=0079 carriers=11921 avg_resistant_fraction=0.9837
day=1405 susceptible=0073 carriers=11927 avg_resistant_fraction=0.9835
day=1406 susceptible=0074 carriers=11926 avg_resistant_fraction=0.9833
day=1407 susceptible=0083 carriers=11917 avg_resistant_fraction=0.9833
day=1408 susceptible=0072 carriers=11928 avg_resistant_fraction=0.9831
day=1409 susceptible=0068 carriers=11932 avg_resistant_fraction=0.9831
day=1410 susceptible=0069 carriers=11931 avg_resistant_fraction=0.9830
day=1411 susceptible=0068 carriers=11932 avg_resistant_fraction=0.9830
day=1412 susceptible=0062 carriers=11938 avg_resistant_fraction=0.9829
day=1413 susceptible=0065 carriers=11935 avg_resistant_fraction=0.9829
day=1414 susceptible=0057 carriers=11943 avg_resistant_fraction=0.9826
day=1415 susceptible=0054 carriers=11946 avg_resistant_fraction=0.9828
day=1416 susceptible=0045 carriers=11955 avg_resistant_fraction=0.9827
day=1417 susceptible=0051 carriers=11949 avg_resistant_fraction=0.9825
day=1418 susceptible=0055 carriers=11945 avg_resistant_fraction=0.9826
day=1419 susceptible=0059 carriers=11941 avg_resistant_fraction=0.9826
day=1420 susceptible=0059 carriers=11941 avg_resistant_fraction=0.9825
day=1421 susceptible=0051 carriers=11949 avg_resistant_fraction=0.9824
day=1422 susceptible=0049 carriers=11951 avg_resistant_fraction=0.9825
day=1423 susceptible=0053 carriers=11947 avg_resistant_fraction=0.9826
day=1424 susceptible=0052 carriers=11948 avg_resistant_fraction=0.9827
day=1425 susceptible=0046 carriers=11954 avg_resistant_fraction=0.9832
day=1426 susceptible=0048 carriers=11952 avg_resistant_fraction=0.9831
day=1427 susceptible=0052 carriers=11948 avg_resistant_fraction=0.9832
day=1428 susceptible=0053 carriers=11947 avg_resistant_fraction=0.9833
day=1429 susceptible=0053 carriers=11947 avg_resistant_fraction=0.9831
day=1430 susceptible=0050 carriers=11950 avg_resistant_fraction=0.9829
day=1431 susceptible=0059 carriers=11941 avg_resistant_fraction=0.9832
day=1432 susceptible=0052 carriers=11948 avg_resistant_fraction=0.9832
day=1433 susceptible=0054 carriers=11946 avg_resistant_fraction=0.9831
day=1434 susceptible=0059 carriers=11941 avg_resistant_fraction=0.9831
day=1435 susceptible=0061 carriers=11939 avg_resistant_fraction=0.9832
day=1436 susceptible=0061 carriers=11939 avg_resistant_fraction=0.9833
day=1437 susceptible=0059 carriers=11941 avg_resistant_fraction=0.9832
day=1438 susceptible=0062 carriers=11938 avg_resistant_fraction=0.9834
day=1439 susceptible=0061 carriers=11939 avg_resistant_fraction=0.9835
day=1440 susceptible=0057 carriers=11943 avg_resistant_fraction=0.9835
day=1441 susceptible=0059 carriers=11941 avg_resistant_fraction=0.9836
day=1442 susceptible=0060 carriers=11940 avg_resistant_fraction=0.9834
day=1443 susceptible=0061 carriers=11939 avg_resistant_fraction=0.9832
day=1444 susceptible=0074 carriers=11926 avg_resistant_fraction=0.9833
day=1445 susceptible=0071 carriers=11929 avg_resistant_fraction=0.9832
day=1446 susceptible=0066 carriers=11934 avg_resistant_fraction=0.9834
day=1447 susceptible=0065 carriers=11935 avg_resistant_fraction=0.9835
day=1448 susceptible=0063 carriers=11937 avg_resistant_fraction=0.9832
day=1449 susceptible=0065 carriers=11935 avg_resistant_fraction=0.9834
day=1450 susceptible=0068 carriers=11932 avg_resistant_fraction=0.9834
day=1451 susceptible=0064 carriers=11936 avg_resistant_fraction=0.9832
day=1452 susceptible=0062 carriers=11938 avg_resistant_fraction=0.9834
day=1453 susceptible=0056 carriers=11944 avg_resistant_fraction=0.9832
day=1454 susceptible=0058 carriers=11942 avg_resistant_fraction=0.9833
day=1455 susceptible=0058 carriers=11942 avg_resistant_fraction=0.9833
day=1456 susceptible=0061 carriers=11939 avg_resistant_fraction=0.9834
day=1457 susceptible=0064 carriers=11936 avg_resistant_fraction=0.9836
day=1458 susceptible=0062 carriers=11938 avg_resistant_fraction=0.9837
day=1459 susceptible=0064 carriers=11936 avg_resistant_fraction=0.9837
day=1460 susceptible=0059 carriers=11941 avg_resistant_fraction=0.9836
run_end day=1460 susceptible=59 carriers=11941 avg_resistant_fraction=0.9836 active_micro_episodes=11924
run_dir=/workspace/outputs/20260407_094743
macro_log_written daily=/workspace/outputs/20260407_094743/data/macro_daily.parquet by_hospital=/workspace/outputs/20260407_094743/data/macro_daily_by_hospital.parquet
micro_log_written daily=/workspace/outputs/20260407_094743/data/micro_daily.parquet by_hospital=/workspace/outputs/20260407_094743/data/micro_daily_by_hospital.parquet patient_daily=/workspace/outputs/20260407_094743/data/micro_patient_daily.parquet genotype=/workspace/outputs/20260407_094743/data/micro_daily_genotype.parquet
plots_written to=/workspace/outputs/20260407_094743/plots
