INFO:    Environment variable SINGULARITY_DISABLE_CACHE is set, but APPTAINER_DISABLE_CACHE is preferred
   Building mss @ file:///workspace
      Built mss @ file:///workspace
Prepared 1 package in 630ms
Uninstalled 1 package in 62ms
Installed 1 package in 228ms
 ~ mss==0.2.0 (from file:///workspace)
Starting long-term convergence simulation (10 years, 5000 people)...
run_meta /workspace/outputs/LongTermConvergence/data/run_meta.json
run_start config=/workspace/config/simulation_realistic_micro.yml days=3650 hospitals=6 susceptible=4900 seed_carriers=100 micro=on micro_steps_per_day=12 micro_workers=384 seed=4
day=001 susceptible=4869 carriers=0101 avg_resistant_fraction=0.0001
day=002 susceptible=4803 carriers=0105 avg_resistant_fraction=0.0001
day=003 susceptible=4582 carriers=0106 avg_resistant_fraction=0.0007
day=004 susceptible=4182 carriers=0107 avg_resistant_fraction=0.0020
day=005 susceptible=3590 carriers=0107 avg_resistant_fraction=0.0055
day=006 susceptible=2825 carriers=0110 avg_resistant_fraction=0.0132
day=007 susceptible=2113 carriers=0114 avg_resistant_fraction=0.0222
day=008 susceptible=1523 carriers=0116 avg_resistant_fraction=0.0300
day=009 susceptible=1123 carriers=0113 avg_resistant_fraction=0.0374
day=010 susceptible=1084 carriers=0116 avg_resistant_fraction=0.0613
day=011 susceptible=1078 carriers=0122 avg_resistant_fraction=0.0840
day=012 susceptible=1074 carriers=0126 avg_resistant_fraction=0.0646
day=013 susceptible=1069 carriers=0131 avg_resistant_fraction=0.0879
day=014 susceptible=1065 carriers=0135 avg_resistant_fraction=0.0899
day=015 susceptible=1074 carriers=0126 avg_resistant_fraction=0.0998
day=016 susceptible=1091 carriers=0109 avg_resistant_fraction=0.1203
day=017 susceptible=1104 carriers=0096 avg_resistant_fraction=0.1105
day=018 susceptible=1120 carriers=0080 avg_resistant_fraction=0.1102
day=019 susceptible=1139 carriers=0061 avg_resistant_fraction=0.1050
day=020 susceptible=1138 carriers=0062 avg_resistant_fraction=0.1652
day=021 susceptible=1137 carriers=0063 avg_resistant_fraction=0.1296
day=022 susceptible=1134 carriers=0066 avg_resistant_fraction=0.1509
day=023 susceptible=1134 carriers=0066 avg_resistant_fraction=0.1420
day=024 susceptible=1137 carriers=0063 avg_resistant_fraction=0.1203
day=025 susceptible=1133 carriers=0067 avg_resistant_fraction=0.1387
day=026 susceptible=1134 carriers=0066 avg_resistant_fraction=0.1497
day=027 susceptible=1133 carriers=0067 avg_resistant_fraction=0.1674
day=028 susceptible=1137 carriers=0063 avg_resistant_fraction=0.1945
day=029 susceptible=1139 carriers=0061 avg_resistant_fraction=0.2096
day=030 susceptible=1142 carriers=0058 avg_resistant_fraction=0.1683
day=031 susceptible=1136 carriers=0064 avg_resistant_fraction=0.2350
day=032 susceptible=1141 carriers=0059 avg_resistant_fraction=0.1336
day=033 susceptible=1144 carriers=0056 avg_resistant_fraction=0.1291
day=034 susceptible=1139 carriers=0061 avg_resistant_fraction=0.1530
day=035 susceptible=1140 carriers=0060 avg_resistant_fraction=0.1342
day=036 susceptible=1137 carriers=0063 avg_resistant_fraction=0.1847
day=037 susceptible=1139 carriers=0061 avg_resistant_fraction=0.1387
day=038 susceptible=1140 carriers=0060 avg_resistant_fraction=0.2114
day=039 susceptible=1136 carriers=0064 avg_resistant_fraction=0.1533
day=040 susceptible=1138 carriers=0062 avg_resistant_fraction=0.1531
day=041 susceptible=1142 carriers=0058 avg_resistant_fraction=0.1654
day=042 susceptible=1140 carriers=0060 avg_resistant_fraction=0.2211
day=043 susceptible=1142 carriers=0058 avg_resistant_fraction=0.2417
day=044 susceptible=1142 carriers=0058 avg_resistant_fraction=0.2434
day=045 susceptible=1145 carriers=0055 avg_resistant_fraction=0.2318
day=046 susceptible=1150 carriers=0050 avg_resistant_fraction=0.2429
day=047 susceptible=1145 carriers=0055 avg_resistant_fraction=0.2083
day=048 susceptible=1146 carriers=0054 avg_resistant_fraction=0.1929
day=049 susceptible=1149 carriers=0051 avg_resistant_fraction=0.1183
day=050 susceptible=1148 carriers=0052 avg_resistant_fraction=0.1233
day=051 susceptible=1146 carriers=0054 avg_resistant_fraction=0.1526
day=052 susceptible=1148 carriers=0052 avg_resistant_fraction=0.0792
day=053 susceptible=1151 carriers=0049 avg_resistant_fraction=0.0782
day=054 susceptible=1148 carriers=0052 avg_resistant_fraction=0.1647
day=055 susceptible=1149 carriers=0051 avg_resistant_fraction=0.0978
day=056 susceptible=1155 carriers=0045 avg_resistant_fraction=0.0962
day=057 susceptible=1151 carriers=0049 avg_resistant_fraction=0.2063
day=058 susceptible=1147 carriers=0053 avg_resistant_fraction=0.1279
day=059 susceptible=1143 carriers=0057 avg_resistant_fraction=0.1848
day=060 susceptible=1141 carriers=0059 avg_resistant_fraction=0.1705
day=061 susceptible=1142 carriers=0058 avg_resistant_fraction=0.1541
day=062 susceptible=1147 carriers=0053 avg_resistant_fraction=0.1855
day=063 susceptible=1148 carriers=0052 avg_resistant_fraction=0.2082
day=064 susceptible=1147 carriers=0053 avg_resistant_fraction=0.2098
day=065 susceptible=1142 carriers=0058 avg_resistant_fraction=0.1813
day=066 susceptible=1141 carriers=0059 avg_resistant_fraction=0.1197
day=067 susceptible=1142 carriers=0058 avg_resistant_fraction=0.1433
day=068 susceptible=1143 carriers=0057 avg_resistant_fraction=0.1723
day=069 susceptible=1141 carriers=0059 avg_resistant_fraction=0.1647
day=070 susceptible=1144 carriers=0056 avg_resistant_fraction=0.1848
day=071 susceptible=1141 carriers=0059 avg_resistant_fraction=0.2548
day=072 susceptible=1142 carriers=0058 avg_resistant_fraction=0.2296
day=073 susceptible=1145 carriers=0055 avg_resistant_fraction=0.2353
day=074 susceptible=1145 carriers=0055 avg_resistant_fraction=0.2447
day=075 susceptible=1144 carriers=0056 avg_resistant_fraction=0.3219
day=076 susceptible=1146 carriers=0054 avg_resistant_fraction=0.2676
day=077 susceptible=1148 carriers=0052 avg_resistant_fraction=0.2845
day=078 susceptible=1147 carriers=0053 avg_resistant_fraction=0.3097
day=079 susceptible=1148 carriers=0052 avg_resistant_fraction=0.2397
day=080 susceptible=1150 carriers=0050 avg_resistant_fraction=0.2366
day=081 susceptible=1153 carriers=0047 avg_resistant_fraction=0.1785
day=082 susceptible=1157 carriers=0043 avg_resistant_fraction=0.1962
day=083 susceptible=1156 carriers=0044 avg_resistant_fraction=0.2103
day=084 susceptible=1157 carriers=0043 avg_resistant_fraction=0.2447
day=085 susceptible=1152 carriers=0048 avg_resistant_fraction=0.2315
day=086 susceptible=1149 carriers=0051 avg_resistant_fraction=0.1670
day=087 susceptible=1152 carriers=0048 avg_resistant_fraction=0.1495
day=088 susceptible=1153 carriers=0047 avg_resistant_fraction=0.1905
day=089 susceptible=1148 carriers=0052 avg_resistant_fraction=0.2424
day=090 susceptible=1143 carriers=0057 avg_resistant_fraction=0.2144
day=091 susceptible=1142 carriers=0058 avg_resistant_fraction=0.1750
day=092 susceptible=1147 carriers=0053 avg_resistant_fraction=0.1302
day=093 susceptible=1142 carriers=0058 avg_resistant_fraction=0.2054
day=094 susceptible=1137 carriers=0063 avg_resistant_fraction=0.1664
day=095 susceptible=1135 carriers=0065 avg_resistant_fraction=0.1515
day=096 susceptible=1133 carriers=0067 avg_resistant_fraction=0.1328
day=097 susceptible=1134 carriers=0066 avg_resistant_fraction=0.1441
day=098 susceptible=1133 carriers=0067 avg_resistant_fraction=0.1314
day=099 susceptible=1132 carriers=0068 avg_resistant_fraction=0.1201
day=100 susceptible=1130 carriers=0070 avg_resistant_fraction=0.1272
day=101 susceptible=1132 carriers=0068 avg_resistant_fraction=0.1399
day=102 susceptible=1134 carriers=0066 avg_resistant_fraction=0.0972
day=103 susceptible=1133 carriers=0067 avg_resistant_fraction=0.1205
day=104 susceptible=1130 carriers=0070 avg_resistant_fraction=0.2133
day=105 susceptible=1130 carriers=0070 avg_resistant_fraction=0.1785
day=106 susceptible=1133 carriers=0067 avg_resistant_fraction=0.1684
day=107 susceptible=1131 carriers=0069 avg_resistant_fraction=0.1756
day=108 susceptible=1130 carriers=0070 avg_resistant_fraction=0.1861
day=109 susceptible=1130 carriers=0070 avg_resistant_fraction=0.1999
day=110 susceptible=1132 carriers=0068 avg_resistant_fraction=0.1812
day=111 susceptible=1132 carriers=0068 avg_resistant_fraction=0.2065
day=112 susceptible=1132 carriers=0068 avg_resistant_fraction=0.1786
day=113 susceptible=1135 carriers=0065 avg_resistant_fraction=0.1577
day=114 susceptible=1137 carriers=0063 avg_resistant_fraction=0.1672
day=115 susceptible=1132 carriers=0068 avg_resistant_fraction=0.1720
day=116 susceptible=1133 carriers=0067 avg_resistant_fraction=0.1833
day=117 susceptible=1132 carriers=0068 avg_resistant_fraction=0.2207
day=118 susceptible=1131 carriers=0069 avg_resistant_fraction=0.1799
day=119 susceptible=1133 carriers=0067 avg_resistant_fraction=0.1818
day=120 susceptible=1132 carriers=0068 avg_resistant_fraction=0.1950
day=121 susceptible=1136 carriers=0064 avg_resistant_fraction=0.2314
day=122 susceptible=1131 carriers=0069 avg_resistant_fraction=0.2702
day=123 susceptible=1136 carriers=0064 avg_resistant_fraction=0.2051
day=124 susceptible=1135 carriers=0065 avg_resistant_fraction=0.2135
day=125 susceptible=1135 carriers=0065 avg_resistant_fraction=0.1913
day=126 susceptible=1132 carriers=0068 avg_resistant_fraction=0.2080
day=127 susceptible=1135 carriers=0065 avg_resistant_fraction=0.1383
day=128 susceptible=1129 carriers=0071 avg_resistant_fraction=0.2246
day=129 susceptible=1130 carriers=0070 avg_resistant_fraction=0.1324
day=130 susceptible=1118 carriers=0082 avg_resistant_fraction=0.2613
day=131 susceptible=1118 carriers=0082 avg_resistant_fraction=0.1936
day=132 susceptible=1115 carriers=0085 avg_resistant_fraction=0.1854
day=133 susceptible=1116 carriers=0084 avg_resistant_fraction=0.1487
day=134 susceptible=1117 carriers=0083 avg_resistant_fraction=0.1790
day=135 susceptible=1115 carriers=0085 avg_resistant_fraction=0.1590
day=136 susceptible=1117 carriers=0083 avg_resistant_fraction=0.1265
day=137 susceptible=1110 carriers=0090 avg_resistant_fraction=0.1796
day=138 susceptible=1112 carriers=0088 avg_resistant_fraction=0.1584
day=139 susceptible=1111 carriers=0089 avg_resistant_fraction=0.2009
day=140 susceptible=1112 carriers=0088 avg_resistant_fraction=0.1789
day=141 susceptible=1109 carriers=0091 avg_resistant_fraction=0.1867
day=142 susceptible=1107 carriers=0093 avg_resistant_fraction=0.2181
day=143 susceptible=1108 carriers=0092 avg_resistant_fraction=0.2250
day=144 susceptible=1115 carriers=0085 avg_resistant_fraction=0.1950
day=145 susceptible=1114 carriers=0086 avg_resistant_fraction=0.2078
day=146 susceptible=1111 carriers=0089 avg_resistant_fraction=0.1955
day=147 susceptible=1113 carriers=0087 avg_resistant_fraction=0.1923
day=148 susceptible=1125 carriers=0075 avg_resistant_fraction=0.1930
day=149 susceptible=1126 carriers=0074 avg_resistant_fraction=0.2029
day=150 susceptible=1126 carriers=0074 avg_resistant_fraction=0.2568
day=151 susceptible=1132 carriers=0068 avg_resistant_fraction=0.1931
day=152 susceptible=1130 carriers=0070 avg_resistant_fraction=0.2357
day=153 susceptible=1126 carriers=0074 avg_resistant_fraction=0.2128
day=154 susceptible=1130 carriers=0070 avg_resistant_fraction=0.2168
day=155 susceptible=1130 carriers=0070 avg_resistant_fraction=0.2059
day=156 susceptible=1127 carriers=0073 avg_resistant_fraction=0.2676
day=157 susceptible=1124 carriers=0076 avg_resistant_fraction=0.2477
day=158 susceptible=1125 carriers=0075 avg_resistant_fraction=0.1380
day=159 susceptible=1127 carriers=0073 avg_resistant_fraction=0.2032
day=160 susceptible=1129 carriers=0071 avg_resistant_fraction=0.1944
day=161 susceptible=1128 carriers=0072 avg_resistant_fraction=0.1761
day=162 susceptible=1131 carriers=0069 avg_resistant_fraction=0.1903
day=163 susceptible=1128 carriers=0072 avg_resistant_fraction=0.1839
day=164 susceptible=1126 carriers=0074 avg_resistant_fraction=0.1783
day=165 susceptible=1130 carriers=0070 avg_resistant_fraction=0.1879
day=166 susceptible=1135 carriers=0065 avg_resistant_fraction=0.2008
day=167 susceptible=1131 carriers=0069 avg_resistant_fraction=0.2319
day=168 susceptible=1132 carriers=0068 avg_resistant_fraction=0.1757
day=169 susceptible=1132 carriers=0068 avg_resistant_fraction=0.1478
day=170 susceptible=1140 carriers=0060 avg_resistant_fraction=0.1523
day=171 susceptible=1139 carriers=0061 avg_resistant_fraction=0.1735
day=172 susceptible=1141 carriers=0059 avg_resistant_fraction=0.2469
day=173 susceptible=1148 carriers=0052 avg_resistant_fraction=0.1770
day=174 susceptible=1144 carriers=0056 avg_resistant_fraction=0.1790
day=175 susceptible=1145 carriers=0055 avg_resistant_fraction=0.1556
day=176 susceptible=1151 carriers=0049 avg_resistant_fraction=0.1226
day=177 susceptible=1148 carriers=0052 avg_resistant_fraction=0.1560
day=178 susceptible=1150 carriers=0050 avg_resistant_fraction=0.1336
day=179 susceptible=1150 carriers=0050 avg_resistant_fraction=0.1366
day=180 susceptible=1146 carriers=0054 avg_resistant_fraction=0.1685
day=181 susceptible=1146 carriers=0054 avg_resistant_fraction=0.0857
day=182 susceptible=1142 carriers=0058 avg_resistant_fraction=0.1762
day=183 susceptible=1147 carriers=0053 avg_resistant_fraction=0.0757
day=184 susceptible=1149 carriers=0051 avg_resistant_fraction=0.0748
day=185 susceptible=1149 carriers=0051 avg_resistant_fraction=0.1187
day=186 susceptible=1144 carriers=0056 avg_resistant_fraction=0.1389
day=187 susceptible=1146 carriers=0054 avg_resistant_fraction=0.1370
day=188 susceptible=1141 carriers=0059 avg_resistant_fraction=0.2256
day=189 susceptible=1144 carriers=0056 avg_resistant_fraction=0.1570
day=190 susceptible=1144 carriers=0056 avg_resistant_fraction=0.2157
day=191 susceptible=1142 carriers=0058 avg_resistant_fraction=0.2033
day=192 susceptible=1143 carriers=0057 avg_resistant_fraction=0.2204
day=193 susceptible=1143 carriers=0057 avg_resistant_fraction=0.1658
day=194 susceptible=1145 carriers=0055 avg_resistant_fraction=0.1371
day=195 susceptible=1146 carriers=0054 avg_resistant_fraction=0.1811
day=196 susceptible=1146 carriers=0054 avg_resistant_fraction=0.1469
day=197 susceptible=1144 carriers=0056 avg_resistant_fraction=0.1511
day=198 susceptible=1142 carriers=0058 avg_resistant_fraction=0.1780
day=199 susceptible=1147 carriers=0053 avg_resistant_fraction=0.1065
day=200 susceptible=1142 carriers=0058 avg_resistant_fraction=0.2038
day=201 susceptible=1145 carriers=0055 avg_resistant_fraction=0.0980
day=202 susceptible=1142 carriers=0058 avg_resistant_fraction=0.1822
day=203 susceptible=1139 carriers=0061 avg_resistant_fraction=0.1802
day=204 susceptible=1145 carriers=0055 avg_resistant_fraction=0.1347
day=205 susceptible=1146 carriers=0054 avg_resistant_fraction=0.1373
day=206 susceptible=1147 carriers=0053 avg_resistant_fraction=0.1184
day=207 susceptible=1144 carriers=0056 avg_resistant_fraction=0.1293
day=208 susceptible=1138 carriers=0062 avg_resistant_fraction=0.1144
day=209 susceptible=1139 carriers=0061 avg_resistant_fraction=0.0976
day=210 susceptible=1138 carriers=0062 avg_resistant_fraction=0.1071
day=211 susceptible=1135 carriers=0065 avg_resistant_fraction=0.1606
day=212 susceptible=1132 carriers=0068 avg_resistant_fraction=0.1180
day=213 susceptible=1135 carriers=0065 avg_resistant_fraction=0.1003
day=214 susceptible=1138 carriers=0062 avg_resistant_fraction=0.1289
day=215 susceptible=1140 carriers=0060 avg_resistant_fraction=0.1090
day=216 susceptible=1143 carriers=0057 avg_resistant_fraction=0.1437
day=217 susceptible=1140 carriers=0060 avg_resistant_fraction=0.1325
day=218 susceptible=1138 carriers=0062 avg_resistant_fraction=0.1394
day=219 susceptible=1141 carriers=0059 avg_resistant_fraction=0.1292
day=220 susceptible=1146 carriers=0054 avg_resistant_fraction=0.1699
day=221 susceptible=1151 carriers=0049 avg_resistant_fraction=0.1332
day=222 susceptible=1147 carriers=0053 avg_resistant_fraction=0.1709
day=223 susceptible=1148 carriers=0052 avg_resistant_fraction=0.1687
day=224 susceptible=1143 carriers=0057 avg_resistant_fraction=0.1602
day=225 susceptible=1146 carriers=0054 avg_resistant_fraction=0.1239
day=226 susceptible=1143 carriers=0057 avg_resistant_fraction=0.1497
day=227 susceptible=1142 carriers=0058 avg_resistant_fraction=0.1566
day=228 susceptible=1143 carriers=0057 avg_resistant_fraction=0.1692
day=229 susceptible=1142 carriers=0058 avg_resistant_fraction=0.1554
day=230 susceptible=1139 carriers=0061 avg_resistant_fraction=0.1931
day=231 susceptible=1138 carriers=0062 avg_resistant_fraction=0.1844
day=232 susceptible=1134 carriers=0066 avg_resistant_fraction=0.2088
day=233 susceptible=1128 carriers=0072 avg_resistant_fraction=0.2170
day=234 susceptible=1129 carriers=0071 avg_resistant_fraction=0.1558
day=235 susceptible=1125 carriers=0075 avg_resistant_fraction=0.1683
day=236 susceptible=1127 carriers=0073 avg_resistant_fraction=0.1397
day=237 susceptible=1125 carriers=0075 avg_resistant_fraction=0.1745
day=238 susceptible=1130 carriers=0070 avg_resistant_fraction=0.1498
day=239 susceptible=1132 carriers=0068 avg_resistant_fraction=0.1768
day=240 susceptible=1137 carriers=0063 avg_resistant_fraction=0.1851
day=241 susceptible=1136 carriers=0064 avg_resistant_fraction=0.1675
day=242 susceptible=1137 carriers=0063 avg_resistant_fraction=0.1638
day=243 susceptible=1142 carriers=0058 avg_resistant_fraction=0.1942
day=244 susceptible=1142 carriers=0058 avg_resistant_fraction=0.2060
day=245 susceptible=1138 carriers=0062 avg_resistant_fraction=0.1979
day=246 susceptible=1137 carriers=0063 avg_resistant_fraction=0.2081
day=247 susceptible=1142 carriers=0058 avg_resistant_fraction=0.1481
day=248 susceptible=1142 carriers=0058 avg_resistant_fraction=0.1412
day=249 susceptible=1150 carriers=0050 avg_resistant_fraction=0.1071
day=250 susceptible=1150 carriers=0050 avg_resistant_fraction=0.1912
day=251 susceptible=1149 carriers=0051 avg_resistant_fraction=0.1370
day=252 susceptible=1149 carriers=0051 avg_resistant_fraction=0.1316
day=253 susceptible=1150 carriers=0050 avg_resistant_fraction=0.1399
day=254 susceptible=1146 carriers=0054 avg_resistant_fraction=0.1962
day=255 susceptible=1145 carriers=0055 avg_resistant_fraction=0.1745
day=256 susceptible=1142 carriers=0058 avg_resistant_fraction=0.2243
day=257 susceptible=1138 carriers=0062 avg_resistant_fraction=0.2137
day=258 susceptible=1135 carriers=0065 avg_resistant_fraction=0.2480
day=259 susceptible=1139 carriers=0061 avg_resistant_fraction=0.1684
day=260 susceptible=1142 carriers=0058 avg_resistant_fraction=0.1385
day=261 susceptible=1141 carriers=0059 avg_resistant_fraction=0.1802
day=262 susceptible=1144 carriers=0056 avg_resistant_fraction=0.1830
day=263 susceptible=1142 carriers=0058 avg_resistant_fraction=0.1726
day=264 susceptible=1142 carriers=0058 avg_resistant_fraction=0.1323
day=265 susceptible=1142 carriers=0058 avg_resistant_fraction=0.1659
day=266 susceptible=1139 carriers=0061 avg_resistant_fraction=0.1481
day=267 susceptible=1140 carriers=0060 avg_resistant_fraction=0.1095
day=268 susceptible=1140 carriers=0060 avg_resistant_fraction=0.1015
day=269 susceptible=1142 carriers=0058 avg_resistant_fraction=0.1301
day=270 susceptible=1139 carriers=0061 avg_resistant_fraction=0.1269
day=271 susceptible=1140 carriers=0060 avg_resistant_fraction=0.1393
day=272 susceptible=1139 carriers=0061 avg_resistant_fraction=0.1202
day=273 susceptible=1142 carriers=0058 avg_resistant_fraction=0.1171
day=274 susceptible=1138 carriers=0062 avg_resistant_fraction=0.1451
day=275 susceptible=1135 carriers=0065 avg_resistant_fraction=0.1312
day=276 susceptible=1136 carriers=0064 avg_resistant_fraction=0.1183
day=277 susceptible=1132 carriers=0068 avg_resistant_fraction=0.1548
day=278 susceptible=1130 carriers=0070 avg_resistant_fraction=0.1191
day=279 susceptible=1126 carriers=0074 avg_resistant_fraction=0.1097
day=280 susceptible=1132 carriers=0068 avg_resistant_fraction=0.0787
day=281 susceptible=1132 carriers=0068 avg_resistant_fraction=0.0977
day=282 susceptible=1133 carriers=0067 avg_resistant_fraction=0.0977
day=283 susceptible=1133 carriers=0067 avg_resistant_fraction=0.1222
day=284 susceptible=1130 carriers=0070 avg_resistant_fraction=0.1260
day=285 susceptible=1127 carriers=0073 avg_resistant_fraction=0.0843
day=286 susceptible=1128 carriers=0072 avg_resistant_fraction=0.1019
day=287 susceptible=1125 carriers=0075 avg_resistant_fraction=0.1214
day=288 susceptible=1126 carriers=0074 avg_resistant_fraction=0.1058
day=289 susceptible=1125 carriers=0075 avg_resistant_fraction=0.1471
day=290 susceptible=1125 carriers=0075 avg_resistant_fraction=0.1944
day=291 susceptible=1121 carriers=0079 avg_resistant_fraction=0.2121
day=292 susceptible=1122 carriers=0078 avg_resistant_fraction=0.1824
day=293 susceptible=1124 carriers=0076 avg_resistant_fraction=0.1953
day=294 susceptible=1125 carriers=0075 avg_resistant_fraction=0.2300
day=295 susceptible=1127 carriers=0073 avg_resistant_fraction=0.2041
day=296 susceptible=1122 carriers=0078 avg_resistant_fraction=0.2198
day=297 susceptible=1122 carriers=0078 avg_resistant_fraction=0.2155
day=298 susceptible=1122 carriers=0078 avg_resistant_fraction=0.1940
day=299 susceptible=1122 carriers=0078 avg_resistant_fraction=0.2162
day=300 susceptible=1123 carriers=0077 avg_resistant_fraction=0.1893
day=301 susceptible=1127 carriers=0073 avg_resistant_fraction=0.2227
day=302 susceptible=1131 carriers=0069 avg_resistant_fraction=0.1503
day=303 susceptible=1138 carriers=0062 avg_resistant_fraction=0.1749
day=304 susceptible=1142 carriers=0058 avg_resistant_fraction=0.1946
day=305 susceptible=1143 carriers=0057 avg_resistant_fraction=0.1668
day=306 susceptible=1146 carriers=0054 avg_resistant_fraction=0.2157
day=307 susceptible=1150 carriers=0050 avg_resistant_fraction=0.1647
day=308 susceptible=1146 carriers=0054 avg_resistant_fraction=0.2449
day=309 susceptible=1150 carriers=0050 avg_resistant_fraction=0.1419
day=310 susceptible=1148 carriers=0052 avg_resistant_fraction=0.2229
day=311 susceptible=1145 carriers=0055 avg_resistant_fraction=0.1716
day=312 susceptible=1144 carriers=0056 avg_resistant_fraction=0.1752
day=313 susceptible=1143 carriers=0057 avg_resistant_fraction=0.1652
day=314 susceptible=1142 carriers=0058 avg_resistant_fraction=0.1908
day=315 susceptible=1146 carriers=0054 avg_resistant_fraction=0.1200
day=316 susceptible=1151 carriers=0049 avg_resistant_fraction=0.0972
day=317 susceptible=1144 carriers=0056 avg_resistant_fraction=0.1891
day=318 susceptible=1144 carriers=0056 avg_resistant_fraction=0.1499
day=319 susceptible=1142 carriers=0058 avg_resistant_fraction=0.1149
day=320 susceptible=1144 carriers=0056 avg_resistant_fraction=0.1498
day=321 susceptible=1142 carriers=0058 avg_resistant_fraction=0.1523
day=322 susceptible=1142 carriers=0058 avg_resistant_fraction=0.1449
day=323 susceptible=1140 carriers=0060 avg_resistant_fraction=0.1771
day=324 susceptible=1136 carriers=0064 avg_resistant_fraction=0.1676
day=325 susceptible=1138 carriers=0062 avg_resistant_fraction=0.1931
day=326 susceptible=1138 carriers=0062 avg_resistant_fraction=0.1522
day=327 susceptible=1137 carriers=0063 avg_resistant_fraction=0.1356
day=328 susceptible=1138 carriers=0062 avg_resistant_fraction=0.1539
day=329 susceptible=1138 carriers=0062 avg_resistant_fraction=0.1879
day=330 susceptible=1133 carriers=0067 avg_resistant_fraction=0.2776
day=331 susceptible=1132 carriers=0068 avg_resistant_fraction=0.1365
day=332 susceptible=1131 carriers=0069 avg_resistant_fraction=0.1317
day=333 susceptible=1133 carriers=0067 avg_resistant_fraction=0.1145
day=334 susceptible=1131 carriers=0069 avg_resistant_fraction=0.1141
day=335 susceptible=1129 carriers=0071 avg_resistant_fraction=0.1152
day=336 susceptible=1127 carriers=0073 avg_resistant_fraction=0.1120
day=337 susceptible=1134 carriers=0066 avg_resistant_fraction=0.1317
day=338 susceptible=1130 carriers=0070 avg_resistant_fraction=0.1277
day=339 susceptible=1135 carriers=0065 avg_resistant_fraction=0.0687
day=340 susceptible=1133 carriers=0067 avg_resistant_fraction=0.0901
day=341 susceptible=1129 carriers=0071 avg_resistant_fraction=0.1262
day=342 susceptible=1130 carriers=0070 avg_resistant_fraction=0.1222
day=343 susceptible=1132 carriers=0068 avg_resistant_fraction=0.1170
day=344 susceptible=1129 carriers=0071 avg_resistant_fraction=0.1793
day=345 susceptible=1127 carriers=0073 avg_resistant_fraction=0.1911
day=346 susceptible=1133 carriers=0067 avg_resistant_fraction=0.1490
day=347 susceptible=1137 carriers=0063 avg_resistant_fraction=0.1840
day=348 susceptible=1140 carriers=0060 avg_resistant_fraction=0.1489
day=349 susceptible=1145 carriers=0055 avg_resistant_fraction=0.1393
day=350 susceptible=1142 carriers=0058 avg_resistant_fraction=0.1994
day=351 susceptible=1142 carriers=0058 avg_resistant_fraction=0.1609
day=352 susceptible=1143 carriers=0057 avg_resistant_fraction=0.1308
day=353 susceptible=1151 carriers=0049 avg_resistant_fraction=0.1246
day=354 susceptible=1154 carriers=0046 avg_resistant_fraction=0.1359
day=355 susceptible=1150 carriers=0050 avg_resistant_fraction=0.1734
day=356 susceptible=1150 carriers=0050 avg_resistant_fraction=0.1632
day=357 susceptible=1150 carriers=0050 avg_resistant_fraction=0.1187
day=358 susceptible=1145 carriers=0055 avg_resistant_fraction=0.1485
day=359 susceptible=1145 carriers=0055 avg_resistant_fraction=0.0860
day=360 susceptible=1146 carriers=0054 avg_resistant_fraction=0.1195
day=361 susceptible=1146 carriers=0054 avg_resistant_fraction=0.1300
day=362 susceptible=1142 carriers=0058 avg_resistant_fraction=0.1289
day=363 susceptible=1143 carriers=0057 avg_resistant_fraction=0.1325
day=364 susceptible=1143 carriers=0057 avg_resistant_fraction=0.1566
day=365 susceptible=1143 carriers=0057 avg_resistant_fraction=0.2276
day=366 susceptible=1144 carriers=0056 avg_resistant_fraction=0.1520
day=367 susceptible=1140 carriers=0060 avg_resistant_fraction=0.2049
day=368 susceptible=1139 carriers=0061 avg_resistant_fraction=0.1835
day=369 susceptible=1140 carriers=0060 avg_resistant_fraction=0.2058
day=370 susceptible=1144 carriers=0056 avg_resistant_fraction=0.1983
day=371 susceptible=1146 carriers=0054 avg_resistant_fraction=0.2369
day=372 susceptible=1151 carriers=0049 avg_resistant_fraction=0.1978
day=373 susceptible=1149 carriers=0051 avg_resistant_fraction=0.2312
day=374 susceptible=1156 carriers=0044 avg_resistant_fraction=0.1780
day=375 susceptible=1155 carriers=0045 avg_resistant_fraction=0.1590
day=376 susceptible=1154 carriers=0046 avg_resistant_fraction=0.1792
day=377 susceptible=1150 carriers=0050 avg_resistant_fraction=0.2525
day=378 susceptible=1154 carriers=0046 avg_resistant_fraction=0.2005
day=379 susceptible=1158 carriers=0042 avg_resistant_fraction=0.1705
day=380 susceptible=1153 carriers=0047 avg_resistant_fraction=0.2252
day=381 susceptible=1151 carriers=0049 avg_resistant_fraction=0.2624
day=382 susceptible=1150 carriers=0050 avg_resistant_fraction=0.2592
day=383 susceptible=1150 carriers=0050 avg_resistant_fraction=0.2006
day=384 susceptible=1148 carriers=0052 avg_resistant_fraction=0.1854
day=385 susceptible=1146 carriers=0054 avg_resistant_fraction=0.1915
day=386 susceptible=1147 carriers=0053 avg_resistant_fraction=0.1579
day=387 susceptible=1147 carriers=0053 avg_resistant_fraction=0.1385
day=388 susceptible=1141 carriers=0059 avg_resistant_fraction=0.1492
day=389 susceptible=1142 carriers=0058 avg_resistant_fraction=0.1000
day=390 susceptible=1144 carriers=0056 avg_resistant_fraction=0.1157
day=391 susceptible=1142 carriers=0058 avg_resistant_fraction=0.0940
day=392 susceptible=1142 carriers=0058 avg_resistant_fraction=0.1096
day=393 susceptible=1138 carriers=0062 avg_resistant_fraction=0.1699
day=394 susceptible=1139 carriers=0061 avg_resistant_fraction=0.0902
day=395 susceptible=1140 carriers=0060 avg_resistant_fraction=0.1097
day=396 susceptible=1139 carriers=0061 avg_resistant_fraction=0.1315
day=397 susceptible=1137 carriers=0063 avg_resistant_fraction=0.1589
day=398 susceptible=1139 carriers=0061 avg_resistant_fraction=0.0891
day=399 susceptible=1138 carriers=0062 avg_resistant_fraction=0.1042
day=400 susceptible=1146 carriers=0054 avg_resistant_fraction=0.1024
day=401 susceptible=1143 carriers=0057 avg_resistant_fraction=0.1522
day=402 susceptible=1146 carriers=0054 avg_resistant_fraction=0.1463
day=403 susceptible=1146 carriers=0054 avg_resistant_fraction=0.1856
day=404 susceptible=1144 carriers=0056 avg_resistant_fraction=0.1809
day=405 susceptible=1147 carriers=0053 avg_resistant_fraction=0.1516
day=406 susceptible=1150 carriers=0050 avg_resistant_fraction=0.1136
day=407 susceptible=1149 carriers=0051 avg_resistant_fraction=0.0997
day=408 susceptible=1142 carriers=0058 avg_resistant_fraction=0.1278
day=409 susceptible=1141 carriers=0059 avg_resistant_fraction=0.0921
day=410 susceptible=1140 carriers=0060 avg_resistant_fraction=0.1017
day=411 susceptible=1143 carriers=0057 avg_resistant_fraction=0.1304
day=412 susceptible=1138 carriers=0062 avg_resistant_fraction=0.1810
day=413 susceptible=1138 carriers=0062 avg_resistant_fraction=0.1954
day=414 susceptible=1140 carriers=0060 avg_resistant_fraction=0.1389
day=415 susceptible=1135 carriers=0065 avg_resistant_fraction=0.1299
day=416 susceptible=1142 carriers=0058 avg_resistant_fraction=0.1248
day=417 susceptible=1139 carriers=0061 avg_resistant_fraction=0.1783
day=418 susceptible=1139 carriers=0061 avg_resistant_fraction=0.1492
day=419 susceptible=1140 carriers=0060 avg_resistant_fraction=0.2000
day=420 susceptible=1137 carriers=0063 avg_resistant_fraction=0.2257
day=421 susceptible=1133 carriers=0067 avg_resistant_fraction=0.2791
day=422 susceptible=1134 carriers=0066 avg_resistant_fraction=0.2020
day=423 susceptible=1133 carriers=0067 avg_resistant_fraction=0.2208
day=424 susceptible=1132 carriers=0068 avg_resistant_fraction=0.2322
day=425 susceptible=1127 carriers=0073 avg_resistant_fraction=0.2498
day=426 susceptible=1125 carriers=0075 avg_resistant_fraction=0.2318
day=427 susceptible=1121 carriers=0079 avg_resistant_fraction=0.2129
day=428 susceptible=1121 carriers=0079 avg_resistant_fraction=0.2006
day=429 susceptible=1119 carriers=0081 avg_resistant_fraction=0.2529
day=430 susceptible=1120 carriers=0080 avg_resistant_fraction=0.2093
day=431 susceptible=1119 carriers=0081 avg_resistant_fraction=0.2461
day=432 susceptible=1120 carriers=0080 avg_resistant_fraction=0.2367
day=433 susceptible=1122 carriers=0078 avg_resistant_fraction=0.2452
day=434 susceptible=1120 carriers=0080 avg_resistant_fraction=0.2509
day=435 susceptible=1124 carriers=0076 avg_resistant_fraction=0.2339
day=436 susceptible=1128 carriers=0072 avg_resistant_fraction=0.2372
day=437 susceptible=1126 carriers=0074 avg_resistant_fraction=0.2182
day=438 susceptible=1128 carriers=0072 avg_resistant_fraction=0.2428
day=439 susceptible=1130 carriers=0070 avg_resistant_fraction=0.2057
day=440 susceptible=1132 carriers=0068 avg_resistant_fraction=0.2420
day=441 susceptible=1134 carriers=0066 avg_resistant_fraction=0.2173
day=442 susceptible=1138 carriers=0062 avg_resistant_fraction=0.1868
day=443 susceptible=1136 carriers=0064 avg_resistant_fraction=0.1962
day=444 susceptible=1132 carriers=0068 avg_resistant_fraction=0.1730
day=445 susceptible=1139 carriers=0061 avg_resistant_fraction=0.1708
day=446 susceptible=1139 carriers=0061 avg_resistant_fraction=0.1725
day=447 susceptible=1140 carriers=0060 avg_resistant_fraction=0.2062
day=448 susceptible=1142 carriers=0058 avg_resistant_fraction=0.1795
day=449 susceptible=1143 carriers=0057 avg_resistant_fraction=0.1715
day=450 susceptible=1143 carriers=0057 avg_resistant_fraction=0.2159
day=451 susceptible=1139 carriers=0061 avg_resistant_fraction=0.2197
day=452 susceptible=1137 carriers=0063 avg_resistant_fraction=0.2013
day=453 susceptible=1138 carriers=0062 avg_resistant_fraction=0.1609
day=454 susceptible=1140 carriers=0060 avg_resistant_fraction=0.2005
day=455 susceptible=1137 carriers=0063 avg_resistant_fraction=0.1834
day=456 susceptible=1139 carriers=0061 avg_resistant_fraction=0.1642
day=457 susceptible=1142 carriers=0058 avg_resistant_fraction=0.1580
day=458 susceptible=1136 carriers=0064 avg_resistant_fraction=0.2051
day=459 susceptible=1135 carriers=0065 avg_resistant_fraction=0.2239
day=460 susceptible=1138 carriers=0062 avg_resistant_fraction=0.2112
day=461 susceptible=1135 carriers=0065 avg_resistant_fraction=0.2746
day=462 susceptible=1130 carriers=0070 avg_resistant_fraction=0.2372
day=463 susceptible=1130 carriers=0070 avg_resistant_fraction=0.1878
day=464 susceptible=1130 carriers=0070 avg_resistant_fraction=0.2062
day=465 susceptible=1133 carriers=0067 avg_resistant_fraction=0.2124
day=466 susceptible=1130 carriers=0070 avg_resistant_fraction=0.2001
day=467 susceptible=1136 carriers=0064 avg_resistant_fraction=0.1845
day=468 susceptible=1136 carriers=0064 avg_resistant_fraction=0.1842
day=469 susceptible=1139 carriers=0061 avg_resistant_fraction=0.1880
day=470 susceptible=1140 carriers=0060 avg_resistant_fraction=0.2146
day=471 susceptible=1136 carriers=0064 avg_resistant_fraction=0.2527
day=472 susceptible=1134 carriers=0066 avg_resistant_fraction=0.1818
day=473 susceptible=1130 carriers=0070 avg_resistant_fraction=0.2519
day=474 susceptible=1126 carriers=0074 avg_resistant_fraction=0.2081
day=475 susceptible=1126 carriers=0074 avg_resistant_fraction=0.2023
day=476 susceptible=1128 carriers=0072 avg_resistant_fraction=0.1661
day=477 susceptible=1129 carriers=0071 avg_resistant_fraction=0.1521
day=478 susceptible=1132 carriers=0068 avg_resistant_fraction=0.1406
day=479 susceptible=1139 carriers=0061 avg_resistant_fraction=0.1376
day=480 susceptible=1139 carriers=0061 avg_resistant_fraction=0.1537
day=481 susceptible=1137 carriers=0063 avg_resistant_fraction=0.1513
day=482 susceptible=1134 carriers=0066 avg_resistant_fraction=0.1380
day=483 susceptible=1135 carriers=0065 avg_resistant_fraction=0.1356
day=484 susceptible=1137 carriers=0063 avg_resistant_fraction=0.1122
day=485 susceptible=1131 carriers=0069 avg_resistant_fraction=0.1610
day=486 susceptible=1134 carriers=0066 avg_resistant_fraction=0.1090
day=487 susceptible=1132 carriers=0068 avg_resistant_fraction=0.1379
day=488 susceptible=1134 carriers=0066 avg_resistant_fraction=0.1238
day=489 susceptible=1134 carriers=0066 avg_resistant_fraction=0.1385
day=490 susceptible=1136 carriers=0064 avg_resistant_fraction=0.1704
day=491 susceptible=1136 carriers=0064 avg_resistant_fraction=0.1855
day=492 susceptible=1132 carriers=0068 avg_resistant_fraction=0.2140
day=493 susceptible=1127 carriers=0073 avg_resistant_fraction=0.1898
day=494 susceptible=1124 carriers=0076 avg_resistant_fraction=0.2152
day=495 susceptible=1129 carriers=0071 avg_resistant_fraction=0.1634
day=496 susceptible=1128 carriers=0072 avg_resistant_fraction=0.1800
day=497 susceptible=1125 carriers=0075 avg_resistant_fraction=0.1741
day=498 susceptible=1125 carriers=0075 avg_resistant_fraction=0.1496
day=499 susceptible=1121 carriers=0079 avg_resistant_fraction=0.1861
day=500 susceptible=1120 carriers=0080 avg_resistant_fraction=0.1980
day=501 susceptible=1121 carriers=0079 avg_resistant_fraction=0.1415
day=502 susceptible=1118 carriers=0082 avg_resistant_fraction=0.1550
day=503 susceptible=1117 carriers=0083 avg_resistant_fraction=0.1395
day=504 susceptible=1120 carriers=0080 avg_resistant_fraction=0.1205
day=505 susceptible=1119 carriers=0081 avg_resistant_fraction=0.1455
day=506 susceptible=1120 carriers=0080 avg_resistant_fraction=0.1911
day=507 susceptible=1121 carriers=0079 avg_resistant_fraction=0.1678
day=508 susceptible=1124 carriers=0076 avg_resistant_fraction=0.1978
day=509 susceptible=1124 carriers=0076 avg_resistant_fraction=0.2004
day=510 susceptible=1123 carriers=0077 avg_resistant_fraction=0.1971
day=511 susceptible=1126 carriers=0074 avg_resistant_fraction=0.2167
day=512 susceptible=1128 carriers=0072 avg_resistant_fraction=0.2032
day=513 susceptible=1131 carriers=0069 avg_resistant_fraction=0.2231
day=514 susceptible=1133 carriers=0067 avg_resistant_fraction=0.2252
day=515 susceptible=1135 carriers=0065 avg_resistant_fraction=0.2364
day=516 susceptible=1135 carriers=0065 avg_resistant_fraction=0.1741
day=517 susceptible=1136 carriers=0064 avg_resistant_fraction=0.2335
day=518 susceptible=1137 carriers=0063 avg_resistant_fraction=0.1825
day=519 susceptible=1136 carriers=0064 avg_resistant_fraction=0.2109
day=520 susceptible=1134 carriers=0066 avg_resistant_fraction=0.1983
day=521 susceptible=1134 carriers=0066 avg_resistant_fraction=0.1967
day=522 susceptible=1133 carriers=0067 avg_resistant_fraction=0.1715
day=523 susceptible=1136 carriers=0064 avg_resistant_fraction=0.1728
day=524 susceptible=1134 carriers=0066 avg_resistant_fraction=0.2460
day=525 susceptible=1139 carriers=0061 avg_resistant_fraction=0.1422
day=526 susceptible=1137 carriers=0063 avg_resistant_fraction=0.1807
day=527 susceptible=1136 carriers=0064 avg_resistant_fraction=0.2221
day=528 susceptible=1137 carriers=0063 avg_resistant_fraction=0.1632
day=529 susceptible=1137 carriers=0063 avg_resistant_fraction=0.1819
day=530 susceptible=1136 carriers=0064 avg_resistant_fraction=0.1680
day=531 susceptible=1136 carriers=0064 avg_resistant_fraction=0.1317
day=532 susceptible=1137 carriers=0063 avg_resistant_fraction=0.1208
day=533 susceptible=1132 carriers=0068 avg_resistant_fraction=0.1488
day=534 susceptible=1137 carriers=0063 avg_resistant_fraction=0.0969
day=535 susceptible=1135 carriers=0065 avg_resistant_fraction=0.1280
day=536 susceptible=1141 carriers=0059 avg_resistant_fraction=0.1049
day=537 susceptible=1146 carriers=0054 avg_resistant_fraction=0.1109
day=538 susceptible=1146 carriers=0054 avg_resistant_fraction=0.0789
day=539 susceptible=1143 carriers=0057 avg_resistant_fraction=0.2009
day=540 susceptible=1146 carriers=0054 avg_resistant_fraction=0.1036
day=541 susceptible=1146 carriers=0054 avg_resistant_fraction=0.1295
day=542 susceptible=1152 carriers=0048 avg_resistant_fraction=0.1786
day=543 susceptible=1152 carriers=0048 avg_resistant_fraction=0.1726
day=544 susceptible=1152 carriers=0048 avg_resistant_fraction=0.1971
day=545 susceptible=1150 carriers=0050 avg_resistant_fraction=0.1695
day=546 susceptible=1153 carriers=0047 avg_resistant_fraction=0.0763
day=547 susceptible=1154 carriers=0046 avg_resistant_fraction=0.1582
day=548 susceptible=1154 carriers=0046 avg_resistant_fraction=0.0922
day=549 susceptible=1156 carriers=0044 avg_resistant_fraction=0.1236
day=550 susceptible=1154 carriers=0046 avg_resistant_fraction=0.1647
day=551 susceptible=1155 carriers=0045 avg_resistant_fraction=0.1058
day=552 susceptible=1158 carriers=0042 avg_resistant_fraction=0.1160
day=553 susceptible=1155 carriers=0045 avg_resistant_fraction=0.1369
day=554 susceptible=1153 carriers=0047 avg_resistant_fraction=0.1756
day=555 susceptible=1143 carriers=0057 avg_resistant_fraction=0.2859
day=556 susceptible=1141 carriers=0059 avg_resistant_fraction=0.1813
day=557 susceptible=1143 carriers=0057 avg_resistant_fraction=0.1913
day=558 susceptible=1144 carriers=0056 avg_resistant_fraction=0.2168
day=559 susceptible=1141 carriers=0059 avg_resistant_fraction=0.2420
day=560 susceptible=1137 carriers=0063 avg_resistant_fraction=0.2198
day=561 susceptible=1138 carriers=0062 avg_resistant_fraction=0.1982
day=562 susceptible=1136 carriers=0064 avg_resistant_fraction=0.1850
day=563 susceptible=1132 carriers=0068 avg_resistant_fraction=0.1975
day=564 susceptible=1134 carriers=0066 avg_resistant_fraction=0.1938
day=565 susceptible=1135 carriers=0065 avg_resistant_fraction=0.1496
day=566 susceptible=1134 carriers=0066 avg_resistant_fraction=0.1657
day=567 susceptible=1137 carriers=0063 avg_resistant_fraction=0.1484
day=568 susceptible=1138 carriers=0062 avg_resistant_fraction=0.1866
day=569 susceptible=1141 carriers=0059 avg_resistant_fraction=0.1510
day=570 susceptible=1140 carriers=0060 avg_resistant_fraction=0.1634
day=571 susceptible=1136 carriers=0064 avg_resistant_fraction=0.1435
day=572 susceptible=1136 carriers=0064 avg_resistant_fraction=0.1904
day=573 susceptible=1134 carriers=0066 avg_resistant_fraction=0.2020
day=574 susceptible=1130 carriers=0070 avg_resistant_fraction=0.1643
day=575 susceptible=1133 carriers=0067 avg_resistant_fraction=0.1296
day=576 susceptible=1133 carriers=0067 avg_resistant_fraction=0.1229
day=577 susceptible=1133 carriers=0067 avg_resistant_fraction=0.1234
day=578 susceptible=1134 carriers=0066 avg_resistant_fraction=0.1383
day=579 susceptible=1134 carriers=0066 avg_resistant_fraction=0.1025
day=580 susceptible=1135 carriers=0065 avg_resistant_fraction=0.1403
day=581 susceptible=1138 carriers=0062 avg_resistant_fraction=0.1581
day=582 susceptible=1138 carriers=0062 avg_resistant_fraction=0.1645
day=583 susceptible=1136 carriers=0064 avg_resistant_fraction=0.2572
day=584 susceptible=1138 carriers=0062 avg_resistant_fraction=0.1663
day=585 susceptible=1140 carriers=0060 avg_resistant_fraction=0.1943
day=586 susceptible=1140 carriers=0060 avg_resistant_fraction=0.2082
day=587 susceptible=1142 carriers=0058 avg_resistant_fraction=0.1733
day=588 susceptible=1142 carriers=0058 avg_resistant_fraction=0.2187
day=589 susceptible=1135 carriers=0065 avg_resistant_fraction=0.1901
day=590 susceptible=1140 carriers=0060 avg_resistant_fraction=0.1676
day=591 susceptible=1144 carriers=0056 avg_resistant_fraction=0.1526
day=592 susceptible=1148 carriers=0052 avg_resistant_fraction=0.1406
day=593 susceptible=1150 carriers=0050 avg_resistant_fraction=0.1229
day=594 susceptible=1150 carriers=0050 avg_resistant_fraction=0.1126
day=595 susceptible=1144 carriers=0056 avg_resistant_fraction=0.1880
day=596 susceptible=1149 carriers=0051 avg_resistant_fraction=0.1233
day=597 susceptible=1146 carriers=0054 avg_resistant_fraction=0.1364
day=598 susceptible=1148 carriers=0052 avg_resistant_fraction=0.1519
day=599 susceptible=1150 carriers=0050 avg_resistant_fraction=0.1634
day=600 susceptible=1149 carriers=0051 avg_resistant_fraction=0.1479
day=601 susceptible=1147 carriers=0053 avg_resistant_fraction=0.1834
day=602 susceptible=1150 carriers=0050 avg_resistant_fraction=0.2206
day=603 susceptible=1152 carriers=0048 avg_resistant_fraction=0.0988
day=604 susceptible=1153 carriers=0047 avg_resistant_fraction=0.1174
day=605 susceptible=1150 carriers=0050 avg_resistant_fraction=0.1912
day=606 susceptible=1149 carriers=0051 avg_resistant_fraction=0.1598
day=607 susceptible=1151 carriers=0049 avg_resistant_fraction=0.1165
day=608 susceptible=1150 carriers=0050 avg_resistant_fraction=0.1041
day=609 susceptible=1145 carriers=0055 avg_resistant_fraction=0.2014
day=610 susceptible=1144 carriers=0056 avg_resistant_fraction=0.1412
day=611 susceptible=1148 carriers=0052 avg_resistant_fraction=0.1473
day=612 susceptible=1151 carriers=0049 avg_resistant_fraction=0.1884
day=613 susceptible=1145 carriers=0055 avg_resistant_fraction=0.2298
day=614 susceptible=1145 carriers=0055 avg_resistant_fraction=0.1752
day=615 susceptible=1148 carriers=0052 avg_resistant_fraction=0.1350
day=616 susceptible=1146 carriers=0054 avg_resistant_fraction=0.1581
day=617 susceptible=1142 carriers=0058 avg_resistant_fraction=0.1748
day=618 susceptible=1141 carriers=0059 avg_resistant_fraction=0.0916
day=619 susceptible=1141 carriers=0059 avg_resistant_fraction=0.1336
day=620 susceptible=1136 carriers=0064 avg_resistant_fraction=0.1424
day=621 susceptible=1137 carriers=0063 avg_resistant_fraction=0.0988
day=622 susceptible=1141 carriers=0059 avg_resistant_fraction=0.1163
day=623 susceptible=1138 carriers=0062 avg_resistant_fraction=0.1313
day=624 susceptible=1132 carriers=0068 avg_resistant_fraction=0.1081
day=625 susceptible=1132 carriers=0068 avg_resistant_fraction=0.0965
day=626 susceptible=1130 carriers=0070 avg_resistant_fraction=0.1439
day=627 susceptible=1130 carriers=0070 avg_resistant_fraction=0.1095
day=628 susceptible=1133 carriers=0067 avg_resistant_fraction=0.0925
day=629 susceptible=1135 carriers=0065 avg_resistant_fraction=0.1042
day=630 susceptible=1135 carriers=0065 avg_resistant_fraction=0.1386
day=631 susceptible=1138 carriers=0062 avg_resistant_fraction=0.1269
day=632 susceptible=1139 carriers=0061 avg_resistant_fraction=0.2037
day=633 susceptible=1134 carriers=0066 avg_resistant_fraction=0.2661
day=634 susceptible=1136 carriers=0064 avg_resistant_fraction=0.1704
day=635 susceptible=1132 carriers=0068 avg_resistant_fraction=0.2025
day=636 susceptible=1134 carriers=0066 avg_resistant_fraction=0.1912
day=637 susceptible=1141 carriers=0059 avg_resistant_fraction=0.1883
day=638 susceptible=1141 carriers=0059 avg_resistant_fraction=0.1973
day=639 susceptible=1149 carriers=0051 avg_resistant_fraction=0.1380
day=640 susceptible=1148 carriers=0052 avg_resistant_fraction=0.2093
day=641 susceptible=1149 carriers=0051 avg_resistant_fraction=0.2396
day=642 susceptible=1152 carriers=0048 avg_resistant_fraction=0.1708
day=643 susceptible=1156 carriers=0044 avg_resistant_fraction=0.1063
day=644 susceptible=1152 carriers=0048 avg_resistant_fraction=0.1538
day=645 susceptible=1153 carriers=0047 avg_resistant_fraction=0.1724
day=646 susceptible=1151 carriers=0049 avg_resistant_fraction=0.1261
day=647 susceptible=1148 carriers=0052 avg_resistant_fraction=0.1412
day=648 susceptible=1148 carriers=0052 avg_resistant_fraction=0.1455
day=649 susceptible=1150 carriers=0050 avg_resistant_fraction=0.1726
day=650 susceptible=1153 carriers=0047 avg_resistant_fraction=0.1450
day=651 susceptible=1149 carriers=0051 avg_resistant_fraction=0.1330
day=652 susceptible=1145 carriers=0055 avg_resistant_fraction=0.1925
day=653 susceptible=1146 carriers=0054 avg_resistant_fraction=0.1756
day=654 susceptible=1146 carriers=0054 avg_resistant_fraction=0.1336
day=655 susceptible=1144 carriers=0056 avg_resistant_fraction=0.2075
day=656 susceptible=1147 carriers=0053 avg_resistant_fraction=0.1527
day=657 susceptible=1148 carriers=0052 avg_resistant_fraction=0.1512
day=658 susceptible=1148 carriers=0052 avg_resistant_fraction=0.1791
day=659 susceptible=1145 carriers=0055 avg_resistant_fraction=0.2216
day=660 susceptible=1146 carriers=0054 avg_resistant_fraction=0.1421
day=661 susceptible=1147 carriers=0053 avg_resistant_fraction=0.1799
day=662 susceptible=1146 carriers=0054 avg_resistant_fraction=0.1838
day=663 susceptible=1147 carriers=0053 avg_resistant_fraction=0.2102
day=664 susceptible=1140 carriers=0060 avg_resistant_fraction=0.2760
day=665 susceptible=1145 carriers=0055 avg_resistant_fraction=0.1511
day=666 susceptible=1145 carriers=0055 avg_resistant_fraction=0.1649
day=667 susceptible=1150 carriers=0050 avg_resistant_fraction=0.0947
day=668 susceptible=1149 carriers=0051 avg_resistant_fraction=0.1359
day=669 susceptible=1148 carriers=0052 avg_resistant_fraction=0.0882
day=670 susceptible=1150 carriers=0050 avg_resistant_fraction=0.0625
day=671 susceptible=1148 carriers=0052 avg_resistant_fraction=0.1133
day=672 susceptible=1146 carriers=0054 avg_resistant_fraction=0.1054
day=673 susceptible=1147 carriers=0053 avg_resistant_fraction=0.1031
day=674 susceptible=1145 carriers=0055 avg_resistant_fraction=0.1661
day=675 susceptible=1142 carriers=0058 avg_resistant_fraction=0.2087
day=676 susceptible=1144 carriers=0056 avg_resistant_fraction=0.1412
day=677 susceptible=1142 carriers=0058 avg_resistant_fraction=0.1367
day=678 susceptible=1146 carriers=0054 avg_resistant_fraction=0.1274
day=679 susceptible=1145 carriers=0055 avg_resistant_fraction=0.1411
day=680 susceptible=1144 carriers=0056 avg_resistant_fraction=0.1863
day=681 susceptible=1133 carriers=0067 avg_resistant_fraction=0.2665
day=682 susceptible=1135 carriers=0065 avg_resistant_fraction=0.1826
day=683 susceptible=1132 carriers=0068 avg_resistant_fraction=0.1755
day=684 susceptible=1131 carriers=0069 avg_resistant_fraction=0.1861
day=685 susceptible=1131 carriers=0069 avg_resistant_fraction=0.1801
day=686 susceptible=1123 carriers=0077 avg_resistant_fraction=0.2369
day=687 susceptible=1129 carriers=0071 avg_resistant_fraction=0.1606
day=688 susceptible=1130 carriers=0070 avg_resistant_fraction=0.1567
day=689 susceptible=1131 carriers=0069 avg_resistant_fraction=0.2008
day=690 susceptible=1131 carriers=0069 avg_resistant_fraction=0.1408
day=691 susceptible=1132 carriers=0068 avg_resistant_fraction=0.1656
day=692 susceptible=1131 carriers=0069 avg_resistant_fraction=0.1678
day=693 susceptible=1131 carriers=0069 avg_resistant_fraction=0.1989
day=694 susceptible=1126 carriers=0074 avg_resistant_fraction=0.2198
day=695 susceptible=1121 carriers=0079 avg_resistant_fraction=0.2423
day=696 susceptible=1127 carriers=0073 avg_resistant_fraction=0.1736
day=697 susceptible=1124 carriers=0076 avg_resistant_fraction=0.1867
day=698 susceptible=1126 carriers=0074 avg_resistant_fraction=0.2006
day=699 susceptible=1130 carriers=0070 avg_resistant_fraction=0.1567
day=700 susceptible=1133 carriers=0067 avg_resistant_fraction=0.1789
day=701 susceptible=1133 carriers=0067 avg_resistant_fraction=0.1741
day=702 susceptible=1125 carriers=0075 avg_resistant_fraction=0.2425
day=703 susceptible=1129 carriers=0071 avg_resistant_fraction=0.1691
day=704 susceptible=1132 carriers=0068 avg_resistant_fraction=0.1461
day=705 susceptible=1131 carriers=0069 avg_resistant_fraction=0.1612
day=706 susceptible=1130 carriers=0070 avg_resistant_fraction=0.1547
day=707 susceptible=1132 carriers=0068 avg_resistant_fraction=0.1311
day=708 susceptible=1128 carriers=0072 avg_resistant_fraction=0.1372
day=709 susceptible=1132 carriers=0068 avg_resistant_fraction=0.1704
day=710 susceptible=1132 carriers=0068 avg_resistant_fraction=0.1711
day=711 susceptible=1135 carriers=0065 avg_resistant_fraction=0.1473
day=712 susceptible=1143 carriers=0057 avg_resistant_fraction=0.1027
day=713 susceptible=1145 carriers=0055 avg_resistant_fraction=0.1422
day=714 susceptible=1141 carriers=0059 avg_resistant_fraction=0.2189
day=715 susceptible=1144 carriers=0056 avg_resistant_fraction=0.1175
day=716 susceptible=1143 carriers=0057 avg_resistant_fraction=0.1552
day=717 susceptible=1138 carriers=0062 avg_resistant_fraction=0.1590
day=718 susceptible=1138 carriers=0062 avg_resistant_fraction=0.1256
day=719 susceptible=1135 carriers=0065 avg_resistant_fraction=0.1211
day=720 susceptible=1139 carriers=0061 avg_resistant_fraction=0.0841
day=721 susceptible=1142 carriers=0058 avg_resistant_fraction=0.1325
day=722 susceptible=1144 carriers=0056 avg_resistant_fraction=0.1542
day=723 susceptible=1143 carriers=0057 avg_resistant_fraction=0.2081
day=724 susceptible=1140 carriers=0060 avg_resistant_fraction=0.2071
day=725 susceptible=1139 carriers=0061 avg_resistant_fraction=0.2222
day=726 susceptible=1142 carriers=0058 avg_resistant_fraction=0.2264
day=727 susceptible=1142 carriers=0058 avg_resistant_fraction=0.2706
day=728 susceptible=1138 carriers=0062 avg_resistant_fraction=0.2638
day=729 susceptible=1138 carriers=0062 avg_resistant_fraction=0.2369
day=730 susceptible=1134 carriers=0066 avg_resistant_fraction=0.2743
day=731 susceptible=1132 carriers=0068 avg_resistant_fraction=0.2247
day=732 susceptible=1134 carriers=0066 avg_resistant_fraction=0.2396
day=733 susceptible=1135 carriers=0065 avg_resistant_fraction=0.2603
day=734 susceptible=1138 carriers=0062 avg_resistant_fraction=0.2015
day=735 susceptible=1141 carriers=0059 avg_resistant_fraction=0.1502
day=736 susceptible=1141 carriers=0059 avg_resistant_fraction=0.1768
day=737 susceptible=1138 carriers=0062 avg_resistant_fraction=0.1875
day=738 susceptible=1138 carriers=0062 avg_resistant_fraction=0.1942
day=739 susceptible=1134 carriers=0066 avg_resistant_fraction=0.2149
day=740 susceptible=1136 carriers=0064 avg_resistant_fraction=0.1612
day=741 susceptible=1138 carriers=0062 avg_resistant_fraction=0.1605
day=742 susceptible=1135 carriers=0065 avg_resistant_fraction=0.1771
day=743 susceptible=1133 carriers=0067 avg_resistant_fraction=0.2114
day=744 susceptible=1133 carriers=0067 avg_resistant_fraction=0.1697
day=745 susceptible=1134 carriers=0066 avg_resistant_fraction=0.1662
day=746 susceptible=1131 carriers=0069 avg_resistant_fraction=0.1928
day=747 susceptible=1130 carriers=0070 avg_resistant_fraction=0.1963
day=748 susceptible=1127 carriers=0073 avg_resistant_fraction=0.1963
day=749 susceptible=1122 carriers=0078 avg_resistant_fraction=0.2051
day=750 susceptible=1123 carriers=0077 avg_resistant_fraction=0.1771
day=751 susceptible=1127 carriers=0073 avg_resistant_fraction=0.1417
day=752 susceptible=1123 carriers=0077 avg_resistant_fraction=0.1757
day=753 susceptible=1118 carriers=0082 avg_resistant_fraction=0.1854
day=754 susceptible=1117 carriers=0083 avg_resistant_fraction=0.1081
day=755 susceptible=1115 carriers=0085 avg_resistant_fraction=0.1119
day=756 susceptible=1112 carriers=0088 avg_resistant_fraction=0.1657
day=757 susceptible=1115 carriers=0085 avg_resistant_fraction=0.1464
day=758 susceptible=1115 carriers=0085 avg_resistant_fraction=0.1479
day=759 susceptible=1117 carriers=0083 avg_resistant_fraction=0.1367
day=760 susceptible=1120 carriers=0080 avg_resistant_fraction=0.1427
day=761 susceptible=1121 carriers=0079 avg_resistant_fraction=0.1901
day=762 susceptible=1122 carriers=0078 avg_resistant_fraction=0.1791
day=763 susceptible=1122 carriers=0078 avg_resistant_fraction=0.1688
day=764 susceptible=1120 carriers=0080 avg_resistant_fraction=0.2059
day=765 susceptible=1117 carriers=0083 avg_resistant_fraction=0.1669
day=766 susceptible=1123 carriers=0077 avg_resistant_fraction=0.1385
day=767 susceptible=1127 carriers=0073 avg_resistant_fraction=0.1753
day=768 susceptible=1130 carriers=0070 avg_resistant_fraction=0.1916
day=769 susceptible=1136 carriers=0064 avg_resistant_fraction=0.2119
day=770 susceptible=1137 carriers=0063 avg_resistant_fraction=0.1815
day=771 susceptible=1137 carriers=0063 avg_resistant_fraction=0.2030
day=772 susceptible=1132 carriers=0068 avg_resistant_fraction=0.2028
day=773 susceptible=1133 carriers=0067 avg_resistant_fraction=0.1703
day=774 susceptible=1132 carriers=0068 avg_resistant_fraction=0.2054
day=775 susceptible=1130 carriers=0070 avg_resistant_fraction=0.2144
day=776 susceptible=1129 carriers=0071 avg_resistant_fraction=0.1717
day=777 susceptible=1129 carriers=0071 avg_resistant_fraction=0.2035
day=778 susceptible=1133 carriers=0067 avg_resistant_fraction=0.1783
day=779 susceptible=1136 carriers=0064 avg_resistant_fraction=0.1384
day=780 susceptible=1140 carriers=0060 avg_resistant_fraction=0.1451
day=781 susceptible=1138 carriers=0062 avg_resistant_fraction=0.1327
day=782 susceptible=1141 carriers=0059 avg_resistant_fraction=0.1441
day=783 susceptible=1136 carriers=0064 avg_resistant_fraction=0.1255
day=784 susceptible=1132 carriers=0068 avg_resistant_fraction=0.0951
day=785 susceptible=1125 carriers=0075 avg_resistant_fraction=0.1586
day=786 susceptible=1127 carriers=0073 avg_resistant_fraction=0.1271
day=787 susceptible=1125 carriers=0075 avg_resistant_fraction=0.1418
day=788 susceptible=1122 carriers=0078 avg_resistant_fraction=0.1471
day=789 susceptible=1122 carriers=0078 avg_resistant_fraction=0.1262
day=790 susceptible=1119 carriers=0081 avg_resistant_fraction=0.1092
day=791 susceptible=1115 carriers=0085 avg_resistant_fraction=0.1221
day=792 susceptible=1115 carriers=0085 avg_resistant_fraction=0.0856
day=793 susceptible=1114 carriers=0086 avg_resistant_fraction=0.0877
day=794 susceptible=1108 carriers=0092 avg_resistant_fraction=0.1143
day=795 susceptible=1109 carriers=0091 avg_resistant_fraction=0.1005
day=796 susceptible=1114 carriers=0086 avg_resistant_fraction=0.1414
day=797 susceptible=1118 carriers=0082 avg_resistant_fraction=0.0958
day=798 susceptible=1117 carriers=0083 avg_resistant_fraction=0.1379
day=799 susceptible=1121 carriers=0079 avg_resistant_fraction=0.1393
day=800 susceptible=1123 carriers=0077 avg_resistant_fraction=0.1757
day=801 susceptible=1124 carriers=0076 avg_resistant_fraction=0.1681
day=802 susceptible=1125 carriers=0075 avg_resistant_fraction=0.2108
day=803 susceptible=1130 carriers=0070 avg_resistant_fraction=0.1674
day=804 susceptible=1127 carriers=0073 avg_resistant_fraction=0.1876
day=805 susceptible=1132 carriers=0068 avg_resistant_fraction=0.1600
day=806 susceptible=1135 carriers=0065 avg_resistant_fraction=0.1704
day=807 susceptible=1137 carriers=0063 avg_resistant_fraction=0.2027
day=808 susceptible=1141 carriers=0059 avg_resistant_fraction=0.1811
day=809 susceptible=1140 carriers=0060 avg_resistant_fraction=0.2036
day=810 susceptible=1142 carriers=0058 avg_resistant_fraction=0.1952
day=811 susceptible=1141 carriers=0059 avg_resistant_fraction=0.2030
day=812 susceptible=1138 carriers=0062 avg_resistant_fraction=0.2116
day=813 susceptible=1138 carriers=0062 avg_resistant_fraction=0.2129
day=814 susceptible=1138 carriers=0062 avg_resistant_fraction=0.2123
day=815 susceptible=1133 carriers=0067 avg_resistant_fraction=0.2389
day=816 susceptible=1136 carriers=0064 avg_resistant_fraction=0.1774
day=817 susceptible=1131 carriers=0069 avg_resistant_fraction=0.2020
day=818 susceptible=1136 carriers=0064 avg_resistant_fraction=0.1802
day=819 susceptible=1138 carriers=0062 avg_resistant_fraction=0.2174
day=820 susceptible=1139 carriers=0061 avg_resistant_fraction=0.2033
day=821 susceptible=1141 carriers=0059 avg_resistant_fraction=0.2075
day=822 susceptible=1139 carriers=0061 avg_resistant_fraction=0.1849
day=823 susceptible=1139 carriers=0061 avg_resistant_fraction=0.1932
day=824 susceptible=1140 carriers=0060 avg_resistant_fraction=0.1771
day=825 susceptible=1139 carriers=0061 avg_resistant_fraction=0.2341
day=826 susceptible=1137 carriers=0063 avg_resistant_fraction=0.1706
day=827 susceptible=1137 carriers=0063 avg_resistant_fraction=0.1879
day=828 susceptible=1137 carriers=0063 avg_resistant_fraction=0.1907
day=829 susceptible=1135 carriers=0065 avg_resistant_fraction=0.1815
day=830 susceptible=1132 carriers=0068 avg_resistant_fraction=0.1585
day=831 susceptible=1133 carriers=0067 avg_resistant_fraction=0.2274
day=832 susceptible=1137 carriers=0063 avg_resistant_fraction=0.1705
day=833 susceptible=1137 carriers=0063 avg_resistant_fraction=0.1526
day=834 susceptible=1136 carriers=0064 avg_resistant_fraction=0.0908
day=835 susceptible=1139 carriers=0061 avg_resistant_fraction=0.1140
day=836 susceptible=1139 carriers=0061 avg_resistant_fraction=0.0901
day=837 susceptible=1141 carriers=0059 avg_resistant_fraction=0.0922
day=838 susceptible=1140 carriers=0060 avg_resistant_fraction=0.1124
day=839 susceptible=1141 carriers=0059 avg_resistant_fraction=0.1023
day=840 susceptible=1144 carriers=0056 avg_resistant_fraction=0.1256
day=841 susceptible=1142 carriers=0058 avg_resistant_fraction=0.2041
day=842 susceptible=1147 carriers=0053 avg_resistant_fraction=0.1185
day=843 susceptible=1150 carriers=0050 avg_resistant_fraction=0.1202
day=844 susceptible=1149 carriers=0051 avg_resistant_fraction=0.1550
day=845 susceptible=1146 carriers=0054 avg_resistant_fraction=0.1601
day=846 susceptible=1152 carriers=0048 avg_resistant_fraction=0.1057
day=847 susceptible=1151 carriers=0049 avg_resistant_fraction=0.1500
day=848 susceptible=1157 carriers=0043 avg_resistant_fraction=0.1174
day=849 susceptible=1161 carriers=0039 avg_resistant_fraction=0.1540
day=850 susceptible=1161 carriers=0039 avg_resistant_fraction=0.1673
day=851 susceptible=1162 carriers=0038 avg_resistant_fraction=0.1244
day=852 susceptible=1159 carriers=0041 avg_resistant_fraction=0.1149
day=853 susceptible=1159 carriers=0041 avg_resistant_fraction=0.1153
day=854 susceptible=1159 carriers=0041 avg_resistant_fraction=0.1142
day=855 susceptible=1156 carriers=0044 avg_resistant_fraction=0.1368
day=856 susceptible=1156 carriers=0044 avg_resistant_fraction=0.1024
day=857 susceptible=1162 carriers=0038 avg_resistant_fraction=0.1496
day=858 susceptible=1156 carriers=0044 avg_resistant_fraction=0.2156
day=859 susceptible=1153 carriers=0047 avg_resistant_fraction=0.1162
day=860 susceptible=1155 carriers=0045 avg_resistant_fraction=0.0445
day=861 susceptible=1154 carriers=0046 avg_resistant_fraction=0.0761
day=862 susceptible=1156 carriers=0044 avg_resistant_fraction=0.1513
day=863 susceptible=1157 carriers=0043 avg_resistant_fraction=0.0734
day=864 susceptible=1160 carriers=0040 avg_resistant_fraction=0.0511
day=865 susceptible=1163 carriers=0037 avg_resistant_fraction=0.0711
day=866 susceptible=1162 carriers=0038 avg_resistant_fraction=0.1259
day=867 susceptible=1159 carriers=0041 avg_resistant_fraction=0.1759
day=868 susceptible=1156 carriers=0044 avg_resistant_fraction=0.2046
day=869 susceptible=1154 carriers=0046 avg_resistant_fraction=0.1673
day=870 susceptible=1152 carriers=0048 avg_resistant_fraction=0.1442
day=871 susceptible=1151 carriers=0049 avg_resistant_fraction=0.1176
day=872 susceptible=1152 carriers=0048 avg_resistant_fraction=0.0878
day=873 susceptible=1146 carriers=0054 avg_resistant_fraction=0.1567
day=874 susceptible=1146 carriers=0054 avg_resistant_fraction=0.1092
day=875 susceptible=1146 carriers=0054 avg_resistant_fraction=0.1002
day=876 susceptible=1147 carriers=0053 avg_resistant_fraction=0.0876
day=877 susceptible=1146 carriers=0054 avg_resistant_fraction=0.1879
day=878 susceptible=1142 carriers=0058 avg_resistant_fraction=0.1660
day=879 susceptible=1143 carriers=0057 avg_resistant_fraction=0.1324
day=880 susceptible=1143 carriers=0057 avg_resistant_fraction=0.0848
day=881 susceptible=1146 carriers=0054 avg_resistant_fraction=0.1104
day=882 susceptible=1145 carriers=0055 avg_resistant_fraction=0.1832
day=883 susceptible=1140 carriers=0060 avg_resistant_fraction=0.1885
day=884 susceptible=1141 carriers=0059 avg_resistant_fraction=0.1333
day=885 susceptible=1141 carriers=0059 avg_resistant_fraction=0.1687
day=886 susceptible=1142 carriers=0058 avg_resistant_fraction=0.1838
day=887 susceptible=1143 carriers=0057 avg_resistant_fraction=0.1502
day=888 susceptible=1144 carriers=0056 avg_resistant_fraction=0.2112
day=889 susceptible=1141 carriers=0059 avg_resistant_fraction=0.2022
day=890 susceptible=1140 carriers=0060 avg_resistant_fraction=0.1762
day=891 susceptible=1140 carriers=0060 avg_resistant_fraction=0.1656
day=892 susceptible=1135 carriers=0065 avg_resistant_fraction=0.1768
day=893 susceptible=1136 carriers=0064 avg_resistant_fraction=0.1423
day=894 susceptible=1139 carriers=0061 avg_resistant_fraction=0.1577
day=895 susceptible=1136 carriers=0064 avg_resistant_fraction=0.1776
day=896 susceptible=1141 carriers=0059 avg_resistant_fraction=0.1392
day=897 susceptible=1139 carriers=0061 avg_resistant_fraction=0.1811
day=898 susceptible=1141 carriers=0059 avg_resistant_fraction=0.1145
day=899 susceptible=1140 carriers=0060 avg_resistant_fraction=0.1639
day=900 susceptible=1137 carriers=0063 avg_resistant_fraction=0.1636
day=901 susceptible=1143 carriers=0057 avg_resistant_fraction=0.1045
day=902 susceptible=1144 carriers=0056 avg_resistant_fraction=0.0999
day=903 susceptible=1144 carriers=0056 avg_resistant_fraction=0.1237
day=904 susceptible=1144 carriers=0056 avg_resistant_fraction=0.1562
day=905 susceptible=1146 carriers=0054 avg_resistant_fraction=0.1559
day=906 susceptible=1142 carriers=0058 avg_resistant_fraction=0.1951
day=907 susceptible=1146 carriers=0054 avg_resistant_fraction=0.1576
day=908 susceptible=1145 carriers=0055 avg_resistant_fraction=0.1564
day=909 susceptible=1147 carriers=0053 avg_resistant_fraction=0.1615
day=910 susceptible=1148 carriers=0052 avg_resistant_fraction=0.2165
day=911 susceptible=1153 carriers=0047 avg_resistant_fraction=0.1622
day=912 susceptible=1149 carriers=0051 avg_resistant_fraction=0.2417
day=913 susceptible=1150 carriers=0050 avg_resistant_fraction=0.1914
day=914 susceptible=1148 carriers=0052 avg_resistant_fraction=0.2153
day=915 susceptible=1148 carriers=0052 avg_resistant_fraction=0.1763
day=916 susceptible=1150 carriers=0050 avg_resistant_fraction=0.1866
day=917 susceptible=1154 carriers=0046 avg_resistant_fraction=0.1802
day=918 susceptible=1150 carriers=0050 avg_resistant_fraction=0.2019
day=919 susceptible=1150 carriers=0050 avg_resistant_fraction=0.1435
day=920 susceptible=1151 carriers=0049 avg_resistant_fraction=0.1737
day=921 susceptible=1152 carriers=0048 avg_resistant_fraction=0.1523
day=922 susceptible=1151 carriers=0049 avg_resistant_fraction=0.1724
day=923 susceptible=1150 carriers=0050 avg_resistant_fraction=0.1644
day=924 susceptible=1151 carriers=0049 avg_resistant_fraction=0.1950
day=925 susceptible=1149 carriers=0051 avg_resistant_fraction=0.2365
day=926 susceptible=1151 carriers=0049 avg_resistant_fraction=0.1379
day=927 susceptible=1148 carriers=0052 avg_resistant_fraction=0.2797
day=928 susceptible=1144 carriers=0056 avg_resistant_fraction=0.2097
day=929 susceptible=1145 carriers=0055 avg_resistant_fraction=0.1827
day=930 susceptible=1146 carriers=0054 avg_resistant_fraction=0.1766
day=931 susceptible=1144 carriers=0056 avg_resistant_fraction=0.1941
day=932 susceptible=1143 carriers=0057 avg_resistant_fraction=0.2120
day=933 susceptible=1140 carriers=0060 avg_resistant_fraction=0.2351
day=934 susceptible=1141 carriers=0059 avg_resistant_fraction=0.2330
day=935 susceptible=1140 carriers=0060 avg_resistant_fraction=0.2036
day=936 susceptible=1142 carriers=0058 avg_resistant_fraction=0.1766
day=937 susceptible=1137 carriers=0063 avg_resistant_fraction=0.2305
day=938 susceptible=1135 carriers=0065 avg_resistant_fraction=0.1681
day=939 susceptible=1135 carriers=0065 avg_resistant_fraction=0.1793
day=940 susceptible=1138 carriers=0062 avg_resistant_fraction=0.1578
day=941 susceptible=1133 carriers=0067 avg_resistant_fraction=0.1856
day=942 susceptible=1135 carriers=0065 avg_resistant_fraction=0.1496
day=943 susceptible=1135 carriers=0065 avg_resistant_fraction=0.1333
day=944 susceptible=1132 carriers=0068 avg_resistant_fraction=0.1467
day=945 susceptible=1134 carriers=0066 avg_resistant_fraction=0.1310
day=946 susceptible=1134 carriers=0066 avg_resistant_fraction=0.1232
day=947 susceptible=1130 carriers=0070 avg_resistant_fraction=0.1255
day=948 susceptible=1130 carriers=0070 avg_resistant_fraction=0.1166
day=949 susceptible=1133 carriers=0067 avg_resistant_fraction=0.1766
day=950 susceptible=1128 carriers=0072 avg_resistant_fraction=0.2108
day=951 susceptible=1125 carriers=0075 avg_resistant_fraction=0.1303
day=952 susceptible=1130 carriers=0070 avg_resistant_fraction=0.1473
day=953 susceptible=1135 carriers=0065 avg_resistant_fraction=0.1295
day=954 susceptible=1136 carriers=0064 avg_resistant_fraction=0.1724
day=955 susceptible=1134 carriers=0066 avg_resistant_fraction=0.1565
day=956 susceptible=1136 carriers=0064 avg_resistant_fraction=0.1586
day=957 susceptible=1135 carriers=0065 avg_resistant_fraction=0.1922
day=958 susceptible=1135 carriers=0065 avg_resistant_fraction=0.1629
day=959 susceptible=1135 carriers=0065 avg_resistant_fraction=0.2297
day=960 susceptible=1138 carriers=0062 avg_resistant_fraction=0.1915
day=961 susceptible=1139 carriers=0061 avg_resistant_fraction=0.2172
day=962 susceptible=1142 carriers=0058 avg_resistant_fraction=0.1634
day=963 susceptible=1140 carriers=0060 avg_resistant_fraction=0.1573
day=964 susceptible=1143 carriers=0057 avg_resistant_fraction=0.1825
day=965 susceptible=1145 carriers=0055 avg_resistant_fraction=0.1520
day=966 susceptible=1148 carriers=0052 avg_resistant_fraction=0.1183
day=967 susceptible=1151 carriers=0049 avg_resistant_fraction=0.1427
day=968 susceptible=1152 carriers=0048 avg_resistant_fraction=0.1384
day=969 susceptible=1152 carriers=0048 avg_resistant_fraction=0.1175
day=970 susceptible=1157 carriers=0043 avg_resistant_fraction=0.0937
day=971 susceptible=1155 carriers=0045 avg_resistant_fraction=0.1577
day=972 susceptible=1155 carriers=0045 avg_resistant_fraction=0.0972
day=973 susceptible=1158 carriers=0042 avg_resistant_fraction=0.1442
day=974 susceptible=1158 carriers=0042 avg_resistant_fraction=0.1395
day=975 susceptible=1152 carriers=0048 avg_resistant_fraction=0.2061
day=976 susceptible=1149 carriers=0051 avg_resistant_fraction=0.1990
day=977 susceptible=1150 carriers=0050 avg_resistant_fraction=0.1476
day=978 susceptible=1150 carriers=0050 avg_resistant_fraction=0.1789
day=979 susceptible=1153 carriers=0047 avg_resistant_fraction=0.0980
day=980 susceptible=1157 carriers=0043 avg_resistant_fraction=0.1083
day=981 susceptible=1154 carriers=0046 avg_resistant_fraction=0.1630
day=982 susceptible=1156 carriers=0044 avg_resistant_fraction=0.1561
day=983 susceptible=1156 carriers=0044 avg_resistant_fraction=0.1990
day=984 susceptible=1158 carriers=0042 avg_resistant_fraction=0.1595
day=985 susceptible=1158 carriers=0042 avg_resistant_fraction=0.1820
day=986 susceptible=1153 carriers=0047 avg_resistant_fraction=0.1885
day=987 susceptible=1149 carriers=0051 avg_resistant_fraction=0.2041
day=988 susceptible=1146 carriers=0054 avg_resistant_fraction=0.1747
day=989 susceptible=1148 carriers=0052 avg_resistant_fraction=0.1347
day=990 susceptible=1145 carriers=0055 avg_resistant_fraction=0.1858
day=991 susceptible=1144 carriers=0056 avg_resistant_fraction=0.2322
day=992 susceptible=1149 carriers=0051 avg_resistant_fraction=0.1759
day=993 susceptible=1144 carriers=0056 avg_resistant_fraction=0.2406
day=994 susceptible=1140 carriers=0060 avg_resistant_fraction=0.2676
day=995 susceptible=1136 carriers=0064 avg_resistant_fraction=0.2771
day=996 susceptible=1136 carriers=0064 avg_resistant_fraction=0.2408
day=997 susceptible=1137 carriers=0063 avg_resistant_fraction=0.2148
day=998 susceptible=1133 carriers=0067 avg_resistant_fraction=0.2495
day=999 susceptible=1134 carriers=0066 avg_resistant_fraction=0.2254
day=1000 susceptible=1136 carriers=0064 avg_resistant_fraction=0.2261
day=1001 susceptible=1136 carriers=0064 avg_resistant_fraction=0.2494
day=1002 susceptible=1140 carriers=0060 avg_resistant_fraction=0.2399
day=1003 susceptible=1134 carriers=0066 avg_resistant_fraction=0.3287
day=1004 susceptible=1135 carriers=0065 avg_resistant_fraction=0.2862
day=1005 susceptible=1134 carriers=0066 avg_resistant_fraction=0.2511
day=1006 susceptible=1136 carriers=0064 avg_resistant_fraction=0.2344
day=1007 susceptible=1135 carriers=0065 avg_resistant_fraction=0.2203
day=1008 susceptible=1137 carriers=0063 avg_resistant_fraction=0.2243
day=1009 susceptible=1138 carriers=0062 avg_resistant_fraction=0.1889
day=1010 susceptible=1142 carriers=0058 avg_resistant_fraction=0.1991
day=1011 susceptible=1146 carriers=0054 avg_resistant_fraction=0.2244
day=1012 susceptible=1146 carriers=0054 avg_resistant_fraction=0.1914
day=1013 susceptible=1143 carriers=0057 avg_resistant_fraction=0.1924
day=1014 susceptible=1144 carriers=0056 avg_resistant_fraction=0.2530
day=1015 susceptible=1144 carriers=0056 avg_resistant_fraction=0.2036
day=1016 susceptible=1144 carriers=0056 avg_resistant_fraction=0.2452
day=1017 susceptible=1145 carriers=0055 avg_resistant_fraction=0.1942
day=1018 susceptible=1145 carriers=0055 avg_resistant_fraction=0.1761
day=1019 susceptible=1147 carriers=0053 avg_resistant_fraction=0.1679
day=1020 susceptible=1149 carriers=0051 avg_resistant_fraction=0.1439
day=1021 susceptible=1145 carriers=0055 avg_resistant_fraction=0.1915
day=1022 susceptible=1148 carriers=0052 avg_resistant_fraction=0.1768
day=1023 susceptible=1148 carriers=0052 avg_resistant_fraction=0.1993
day=1024 susceptible=1146 carriers=0054 avg_resistant_fraction=0.1555
day=1025 susceptible=1144 carriers=0056 avg_resistant_fraction=0.1286
day=1026 susceptible=1145 carriers=0055 avg_resistant_fraction=0.1760
day=1027 susceptible=1144 carriers=0056 avg_resistant_fraction=0.1966
day=1028 susceptible=1145 carriers=0055 avg_resistant_fraction=0.1427
day=1029 susceptible=1142 carriers=0058 avg_resistant_fraction=0.1876
day=1030 susceptible=1142 carriers=0058 avg_resistant_fraction=0.2313
day=1031 susceptible=1139 carriers=0061 avg_resistant_fraction=0.2290
day=1032 susceptible=1141 carriers=0059 avg_resistant_fraction=0.1921
day=1033 susceptible=1142 carriers=0058 avg_resistant_fraction=0.2080
day=1034 susceptible=1145 carriers=0055 avg_resistant_fraction=0.1664
day=1035 susceptible=1144 carriers=0056 avg_resistant_fraction=0.2143
day=1036 susceptible=1149 carriers=0051 avg_resistant_fraction=0.1615
day=1037 susceptible=1149 carriers=0051 avg_resistant_fraction=0.2339
day=1038 susceptible=1153 carriers=0047 avg_resistant_fraction=0.2123
day=1039 susceptible=1155 carriers=0045 avg_resistant_fraction=0.2191
day=1040 susceptible=1159 carriers=0041 avg_resistant_fraction=0.2222
day=1041 susceptible=1157 carriers=0043 avg_resistant_fraction=0.2559
day=1042 susceptible=1156 carriers=0044 avg_resistant_fraction=0.2046
day=1043 susceptible=1156 carriers=0044 avg_resistant_fraction=0.2114
day=1044 susceptible=1153 carriers=0047 avg_resistant_fraction=0.1934
day=1045 susceptible=1153 carriers=0047 avg_resistant_fraction=0.1494
day=1046 susceptible=1156 carriers=0044 avg_resistant_fraction=0.1407
day=1047 susceptible=1160 carriers=0040 avg_resistant_fraction=0.1177
day=1048 susceptible=1159 carriers=0041 avg_resistant_fraction=0.1708
day=1049 susceptible=1159 carriers=0041 avg_resistant_fraction=0.1471
day=1050 susceptible=1159 carriers=0041 avg_resistant_fraction=0.1745
day=1051 susceptible=1157 carriers=0043 avg_resistant_fraction=0.1209
day=1052 susceptible=1158 carriers=0042 avg_resistant_fraction=0.1181
day=1053 susceptible=1159 carriers=0041 avg_resistant_fraction=0.1556
day=1054 susceptible=1152 carriers=0048 avg_resistant_fraction=0.2873
day=1055 susceptible=1148 carriers=0052 avg_resistant_fraction=0.2544
day=1056 susceptible=1152 carriers=0048 avg_resistant_fraction=0.1569
day=1057 susceptible=1151 carriers=0049 avg_resistant_fraction=0.1997
day=1058 susceptible=1149 carriers=0051 avg_resistant_fraction=0.1754
day=1059 susceptible=1153 carriers=0047 avg_resistant_fraction=0.1216
day=1060 susceptible=1152 carriers=0048 avg_resistant_fraction=0.1416
day=1061 susceptible=1150 carriers=0050 avg_resistant_fraction=0.1965
day=1062 susceptible=1149 carriers=0051 avg_resistant_fraction=0.1902
day=1063 susceptible=1148 carriers=0052 avg_resistant_fraction=0.2227
day=1064 susceptible=1149 carriers=0051 avg_resistant_fraction=0.1825
day=1065 susceptible=1149 carriers=0051 avg_resistant_fraction=0.2637
day=1066 susceptible=1148 carriers=0052 avg_resistant_fraction=0.2146
day=1067 susceptible=1146 carriers=0054 avg_resistant_fraction=0.2288
day=1068 susceptible=1145 carriers=0055 avg_resistant_fraction=0.1919
day=1069 susceptible=1145 carriers=0055 avg_resistant_fraction=0.1911
day=1070 susceptible=1145 carriers=0055 avg_resistant_fraction=0.2301
day=1071 susceptible=1146 carriers=0054 avg_resistant_fraction=0.2235
day=1072 susceptible=1146 carriers=0054 avg_resistant_fraction=0.2304
day=1073 susceptible=1148 carriers=0052 avg_resistant_fraction=0.2244
day=1074 susceptible=1145 carriers=0055 avg_resistant_fraction=0.1596
day=1075 susceptible=1150 carriers=0050 avg_resistant_fraction=0.0597
day=1076 susceptible=1148 carriers=0052 avg_resistant_fraction=0.1200
day=1077 susceptible=1149 carriers=0051 avg_resistant_fraction=0.0593
day=1078 susceptible=1147 carriers=0053 avg_resistant_fraction=0.1127
day=1079 susceptible=1147 carriers=0053 avg_resistant_fraction=0.1554
day=1080 susceptible=1148 carriers=0052 avg_resistant_fraction=0.1385
day=1081 susceptible=1150 carriers=0050 avg_resistant_fraction=0.1222
day=1082 susceptible=1148 carriers=0052 avg_resistant_fraction=0.1767
day=1083 susceptible=1147 carriers=0053 avg_resistant_fraction=0.1420
day=1084 susceptible=1146 carriers=0054 avg_resistant_fraction=0.1907
day=1085 susceptible=1145 carriers=0055 avg_resistant_fraction=0.2352
day=1086 susceptible=1141 carriers=0059 avg_resistant_fraction=0.2038
day=1087 susceptible=1140 carriers=0060 avg_resistant_fraction=0.1720
day=1088 susceptible=1141 carriers=0059 avg_resistant_fraction=0.1637
day=1089 susceptible=1142 carriers=0058 avg_resistant_fraction=0.1888
day=1090 susceptible=1141 carriers=0059 avg_resistant_fraction=0.2034
day=1091 susceptible=1142 carriers=0058 avg_resistant_fraction=0.1560
day=1092 susceptible=1140 carriers=0060 avg_resistant_fraction=0.2094
day=1093 susceptible=1145 carriers=0055 avg_resistant_fraction=0.2102
day=1094 susceptible=1142 carriers=0058 avg_resistant_fraction=0.2029
day=1095 susceptible=1138 carriers=0062 avg_resistant_fraction=0.2026
day=1096 susceptible=1137 carriers=0063 avg_resistant_fraction=0.1861
day=1097 susceptible=1135 carriers=0065 avg_resistant_fraction=0.2195
day=1098 susceptible=1134 carriers=0066 avg_resistant_fraction=0.1790
day=1099 susceptible=1135 carriers=0065 avg_resistant_fraction=0.1689
day=1100 susceptible=1137 carriers=0063 avg_resistant_fraction=0.1875
day=1101 susceptible=1133 carriers=0067 avg_resistant_fraction=0.2036
day=1102 susceptible=1132 carriers=0068 avg_resistant_fraction=0.1980
day=1103 susceptible=1128 carriers=0072 avg_resistant_fraction=0.2529
day=1104 susceptible=1125 carriers=0075 avg_resistant_fraction=0.2593
day=1105 susceptible=1124 carriers=0076 avg_resistant_fraction=0.2091
day=1106 susceptible=1130 carriers=0070 avg_resistant_fraction=0.1752
day=1107 susceptible=1128 carriers=0072 avg_resistant_fraction=0.2117
day=1108 susceptible=1128 carriers=0072 avg_resistant_fraction=0.1876
day=1109 susceptible=1129 carriers=0071 avg_resistant_fraction=0.2178
day=1110 susceptible=1129 carriers=0071 avg_resistant_fraction=0.2022
day=1111 susceptible=1132 carriers=0068 avg_resistant_fraction=0.2170
day=1112 susceptible=1135 carriers=0065 avg_resistant_fraction=0.1801
day=1113 susceptible=1132 carriers=0068 avg_resistant_fraction=0.1453
day=1114 susceptible=1133 carriers=0067 avg_resistant_fraction=0.1719
day=1115 susceptible=1137 carriers=0063 avg_resistant_fraction=0.1854
day=1116 susceptible=1142 carriers=0058 avg_resistant_fraction=0.2127
day=1117 susceptible=1137 carriers=0063 avg_resistant_fraction=0.2479
day=1118 susceptible=1140 carriers=0060 avg_resistant_fraction=0.2062
day=1119 susceptible=1136 carriers=0064 avg_resistant_fraction=0.2163
day=1120 susceptible=1137 carriers=0063 avg_resistant_fraction=0.1732
day=1121 susceptible=1136 carriers=0064 avg_resistant_fraction=0.1900
day=1122 susceptible=1133 carriers=0067 avg_resistant_fraction=0.1891
day=1123 susceptible=1134 carriers=0066 avg_resistant_fraction=0.1874
day=1124 susceptible=1133 carriers=0067 avg_resistant_fraction=0.1516
day=1125 susceptible=1133 carriers=0067 avg_resistant_fraction=0.2039
day=1126 susceptible=1134 carriers=0066 avg_resistant_fraction=0.2081
day=1127 susceptible=1138 carriers=0062 avg_resistant_fraction=0.1521
day=1128 susceptible=1142 carriers=0058 avg_resistant_fraction=0.1552
day=1129 susceptible=1141 carriers=0059 avg_resistant_fraction=0.1583
day=1130 susceptible=1143 carriers=0057 avg_resistant_fraction=0.1362
day=1131 susceptible=1142 carriers=0058 avg_resistant_fraction=0.1641
day=1132 susceptible=1143 carriers=0057 avg_resistant_fraction=0.1628
day=1133 susceptible=1142 carriers=0058 avg_resistant_fraction=0.1504
day=1134 susceptible=1140 carriers=0060 avg_resistant_fraction=0.1860
day=1135 susceptible=1142 carriers=0058 avg_resistant_fraction=0.2052
day=1136 susceptible=1148 carriers=0052 avg_resistant_fraction=0.1824
day=1137 susceptible=1149 carriers=0051 avg_resistant_fraction=0.1455
day=1138 susceptible=1150 carriers=0050 avg_resistant_fraction=0.1754
day=1139 susceptible=1154 carriers=0046 avg_resistant_fraction=0.2240
day=1140 susceptible=1152 carriers=0048 avg_resistant_fraction=0.1943
day=1141 susceptible=1149 carriers=0051 avg_resistant_fraction=0.1691
day=1142 susceptible=1149 carriers=0051 avg_resistant_fraction=0.1981
day=1143 susceptible=1153 carriers=0047 avg_resistant_fraction=0.1925
day=1144 susceptible=1151 carriers=0049 avg_resistant_fraction=0.2159
day=1145 susceptible=1153 carriers=0047 avg_resistant_fraction=0.1615
day=1146 susceptible=1155 carriers=0045 avg_resistant_fraction=0.2065
day=1147 susceptible=1155 carriers=0045 avg_resistant_fraction=0.1531
day=1148 susceptible=1155 carriers=0045 avg_resistant_fraction=0.1943
day=1149 susceptible=1149 carriers=0051 avg_resistant_fraction=0.1943
day=1150 susceptible=1146 carriers=0054 avg_resistant_fraction=0.2437
day=1151 susceptible=1149 carriers=0051 avg_resistant_fraction=0.1912
day=1152 susceptible=1147 carriers=0053 avg_resistant_fraction=0.1673
day=1153 susceptible=1149 carriers=0051 avg_resistant_fraction=0.1459
day=1154 susceptible=1149 carriers=0051 avg_resistant_fraction=0.1019
day=1155 susceptible=1147 carriers=0053 avg_resistant_fraction=0.1178
day=1156 susceptible=1144 carriers=0056 avg_resistant_fraction=0.1308
day=1157 susceptible=1143 carriers=0057 avg_resistant_fraction=0.0936
day=1158 susceptible=1140 carriers=0060 avg_resistant_fraction=0.1079
day=1159 susceptible=1141 carriers=0059 avg_resistant_fraction=0.0878
day=1160 susceptible=1137 carriers=0063 avg_resistant_fraction=0.0951
day=1161 susceptible=1136 carriers=0064 avg_resistant_fraction=0.1100
day=1162 susceptible=1134 carriers=0066 avg_resistant_fraction=0.1020
day=1163 susceptible=1131 carriers=0069 avg_resistant_fraction=0.1309
day=1164 susceptible=1134 carriers=0066 avg_resistant_fraction=0.1453
day=1165 susceptible=1137 carriers=0063 avg_resistant_fraction=0.1156
day=1166 susceptible=1132 carriers=0068 avg_resistant_fraction=0.2057
day=1167 susceptible=1132 carriers=0068 avg_resistant_fraction=0.1889
day=1168 susceptible=1132 carriers=0068 avg_resistant_fraction=0.1779
day=1169 susceptible=1134 carriers=0066 avg_resistant_fraction=0.1732
day=1170 susceptible=1131 carriers=0069 avg_resistant_fraction=0.1804
day=1171 susceptible=1136 carriers=0064 avg_resistant_fraction=0.1915
day=1172 susceptible=1139 carriers=0061 avg_resistant_fraction=0.1962
day=1173 susceptible=1134 carriers=0066 avg_resistant_fraction=0.1910
day=1174 susceptible=1132 carriers=0068 avg_resistant_fraction=0.2021
day=1175 susceptible=1133 carriers=0067 avg_resistant_fraction=0.1625
day=1176 susceptible=1136 carriers=0064 avg_resistant_fraction=0.1139
day=1177 susceptible=1140 carriers=0060 avg_resistant_fraction=0.1435
day=1178 susceptible=1141 carriers=0059 avg_resistant_fraction=0.1493
day=1179 susceptible=1139 carriers=0061 avg_resistant_fraction=0.1681
day=1180 susceptible=1134 carriers=0066 avg_resistant_fraction=0.1649
day=1181 susceptible=1130 carriers=0070 avg_resistant_fraction=0.1583
day=1182 susceptible=1133 carriers=0067 avg_resistant_fraction=0.1552
day=1183 susceptible=1134 carriers=0066 avg_resistant_fraction=0.1870
day=1184 susceptible=1134 carriers=0066 avg_resistant_fraction=0.1501
day=1185 susceptible=1134 carriers=0066 avg_resistant_fraction=0.1528
day=1186 susceptible=1136 carriers=0064 avg_resistant_fraction=0.1148
day=1187 susceptible=1136 carriers=0064 avg_resistant_fraction=0.1174
day=1188 susceptible=1135 carriers=0065 avg_resistant_fraction=0.1087
day=1189 susceptible=1134 carriers=0066 avg_resistant_fraction=0.1135
day=1190 susceptible=1132 carriers=0068 avg_resistant_fraction=0.0873
day=1191 susceptible=1136 carriers=0064 avg_resistant_fraction=0.0950
day=1192 susceptible=1136 carriers=0064 avg_resistant_fraction=0.1087
day=1193 susceptible=1135 carriers=0065 avg_resistant_fraction=0.1097
day=1194 susceptible=1138 carriers=0062 avg_resistant_fraction=0.1037
day=1195 susceptible=1143 carriers=0057 avg_resistant_fraction=0.0958
day=1196 susceptible=1145 carriers=0055 avg_resistant_fraction=0.1484
day=1197 susceptible=1141 carriers=0059 avg_resistant_fraction=0.1761
day=1198 susceptible=1144 carriers=0056 avg_resistant_fraction=0.1490
day=1199 susceptible=1144 carriers=0056 avg_resistant_fraction=0.1246
day=1200 susceptible=1141 carriers=0059 avg_resistant_fraction=0.1565
day=1201 susceptible=1142 carriers=0058 avg_resistant_fraction=0.1893
day=1202 susceptible=1148 carriers=0052 avg_resistant_fraction=0.1292
day=1203 susceptible=1146 carriers=0054 avg_resistant_fraction=0.1399
day=1204 susceptible=1149 carriers=0051 avg_resistant_fraction=0.1185
day=1205 susceptible=1154 carriers=0046 avg_resistant_fraction=0.1256
day=1206 susceptible=1152 carriers=0048 avg_resistant_fraction=0.1880
day=1207 susceptible=1153 carriers=0047 avg_resistant_fraction=0.1876
day=1208 susceptible=1154 carriers=0046 avg_resistant_fraction=0.1763
day=1209 susceptible=1160 carriers=0040 avg_resistant_fraction=0.1536
day=1210 susceptible=1160 carriers=0040 avg_resistant_fraction=0.1392
day=1211 susceptible=1161 carriers=0039 avg_resistant_fraction=0.1172
day=1212 susceptible=1159 carriers=0041 avg_resistant_fraction=0.1132
day=1213 susceptible=1157 carriers=0043 avg_resistant_fraction=0.1090
day=1214 susceptible=1150 carriers=0050 avg_resistant_fraction=0.1670
day=1215 susceptible=1149 carriers=0051 avg_resistant_fraction=0.0989
day=1216 susceptible=1155 carriers=0045 avg_resistant_fraction=0.0544
day=1217 susceptible=1160 carriers=0040 avg_resistant_fraction=0.0520
day=1218 susceptible=1158 carriers=0042 avg_resistant_fraction=0.1202
day=1219 susceptible=1158 carriers=0042 avg_resistant_fraction=0.1210
day=1220 susceptible=1160 carriers=0040 avg_resistant_fraction=0.1184
day=1221 susceptible=1159 carriers=0041 avg_resistant_fraction=0.1461
day=1222 susceptible=1159 carriers=0041 avg_resistant_fraction=0.0885
day=1223 susceptible=1160 carriers=0040 avg_resistant_fraction=0.1601
day=1224 susceptible=1157 carriers=0043 avg_resistant_fraction=0.1755
day=1225 susceptible=1154 carriers=0046 avg_resistant_fraction=0.1881
day=1226 susceptible=1154 carriers=0046 avg_resistant_fraction=0.1355
day=1227 susceptible=1150 carriers=0050 avg_resistant_fraction=0.1893
day=1228 susceptible=1148 carriers=0052 avg_resistant_fraction=0.1977
day=1229 susceptible=1145 carriers=0055 avg_resistant_fraction=0.2079
day=1230 susceptible=1146 carriers=0054 avg_resistant_fraction=0.1625
day=1231 susceptible=1144 carriers=0056 avg_resistant_fraction=0.1898
day=1232 susceptible=1147 carriers=0053 avg_resistant_fraction=0.0964
day=1233 susceptible=1146 carriers=0054 avg_resistant_fraction=0.1191
day=1234 susceptible=1141 carriers=0059 avg_resistant_fraction=0.0896
day=1235 susceptible=1136 carriers=0064 avg_resistant_fraction=0.1296
day=1236 susceptible=1139 carriers=0061 avg_resistant_fraction=0.1054
day=1237 susceptible=1140 carriers=0060 avg_resistant_fraction=0.1446
day=1238 susceptible=1139 carriers=0061 avg_resistant_fraction=0.1250
day=1239 susceptible=1140 carriers=0060 avg_resistant_fraction=0.0979
day=1240 susceptible=1138 carriers=0062 avg_resistant_fraction=0.1136
day=1241 susceptible=1132 carriers=0068 avg_resistant_fraction=0.1084
day=1242 susceptible=1127 carriers=0073 avg_resistant_fraction=0.1698
day=1243 susceptible=1130 carriers=0070 avg_resistant_fraction=0.1629
day=1244 susceptible=1136 carriers=0064 avg_resistant_fraction=0.2060
day=1245 susceptible=1133 carriers=0067 avg_resistant_fraction=0.2324
day=1246 susceptible=1131 carriers=0069 avg_resistant_fraction=0.1577
day=1247 susceptible=1131 carriers=0069 avg_resistant_fraction=0.1853
day=1248 susceptible=1134 carriers=0066 avg_resistant_fraction=0.1714
day=1249 susceptible=1135 carriers=0065 avg_resistant_fraction=0.2003
day=1250 susceptible=1134 carriers=0066 avg_resistant_fraction=0.1668
day=1251 susceptible=1135 carriers=0065 avg_resistant_fraction=0.1926
day=1252 susceptible=1136 carriers=0064 avg_resistant_fraction=0.1752
day=1253 susceptible=1132 carriers=0068 avg_resistant_fraction=0.2544
day=1254 susceptible=1136 carriers=0064 avg_resistant_fraction=0.1989
day=1255 susceptible=1140 carriers=0060 avg_resistant_fraction=0.1695
day=1256 susceptible=1136 carriers=0064 avg_resistant_fraction=0.1753
day=1257 susceptible=1131 carriers=0069 avg_resistant_fraction=0.1985
day=1258 susceptible=1129 carriers=0071 avg_resistant_fraction=0.1642
day=1259 susceptible=1129 carriers=0071 avg_resistant_fraction=0.1489
day=1260 susceptible=1129 carriers=0071 avg_resistant_fraction=0.1560
day=1261 susceptible=1128 carriers=0072 avg_resistant_fraction=0.1503
day=1262 susceptible=1129 carriers=0071 avg_resistant_fraction=0.1634
day=1263 susceptible=1129 carriers=0071 avg_resistant_fraction=0.1387
day=1264 susceptible=1128 carriers=0072 avg_resistant_fraction=0.1603
day=1265 susceptible=1129 carriers=0071 avg_resistant_fraction=0.1458
day=1266 susceptible=1130 carriers=0070 avg_resistant_fraction=0.1805
day=1267 susceptible=1134 carriers=0066 avg_resistant_fraction=0.1584
day=1268 susceptible=1132 carriers=0068 avg_resistant_fraction=0.1853
day=1269 susceptible=1134 carriers=0066 avg_resistant_fraction=0.1985
day=1270 susceptible=1131 carriers=0069 avg_resistant_fraction=0.1728
day=1271 susceptible=1125 carriers=0075 avg_resistant_fraction=0.2157
day=1272 susceptible=1129 carriers=0071 avg_resistant_fraction=0.1607
day=1273 susceptible=1129 carriers=0071 avg_resistant_fraction=0.1766
day=1274 susceptible=1135 carriers=0065 avg_resistant_fraction=0.1750
day=1275 susceptible=1140 carriers=0060 avg_resistant_fraction=0.2097
day=1276 susceptible=1139 carriers=0061 avg_resistant_fraction=0.2530
day=1277 susceptible=1140 carriers=0060 avg_resistant_fraction=0.2625
day=1278 susceptible=1142 carriers=0058 avg_resistant_fraction=0.2413
day=1279 susceptible=1137 carriers=0063 avg_resistant_fraction=0.2281
day=1280 susceptible=1137 carriers=0063 avg_resistant_fraction=0.1878
day=1281 susceptible=1139 carriers=0061 avg_resistant_fraction=0.2139
day=1282 susceptible=1141 carriers=0059 avg_resistant_fraction=0.2144
day=1283 susceptible=1138 carriers=0062 avg_resistant_fraction=0.2079
day=1284 susceptible=1142 carriers=0058 avg_resistant_fraction=0.1783
day=1285 susceptible=1140 carriers=0060 avg_resistant_fraction=0.1550
day=1286 susceptible=1143 carriers=0057 avg_resistant_fraction=0.1680
day=1287 susceptible=1144 carriers=0056 avg_resistant_fraction=0.1572
day=1288 susceptible=1143 carriers=0057 avg_resistant_fraction=0.2415
day=1289 susceptible=1141 carriers=0059 avg_resistant_fraction=0.1396
day=1290 susceptible=1143 carriers=0057 avg_resistant_fraction=0.0976
day=1291 susceptible=1138 carriers=0062 avg_resistant_fraction=0.1699
day=1292 susceptible=1141 carriers=0059 avg_resistant_fraction=0.0767
day=1293 susceptible=1139 carriers=0061 avg_resistant_fraction=0.0938
day=1294 susceptible=1138 carriers=0062 avg_resistant_fraction=0.0994
day=1295 susceptible=1135 carriers=0065 avg_resistant_fraction=0.0855
day=1296 susceptible=1134 carriers=0066 avg_resistant_fraction=0.1105
day=1297 susceptible=1129 carriers=0071 avg_resistant_fraction=0.1539
day=1298 susceptible=1131 carriers=0069 avg_resistant_fraction=0.0825
day=1299 susceptible=1131 carriers=0069 avg_resistant_fraction=0.1107
day=1300 susceptible=1138 carriers=0062 avg_resistant_fraction=0.1137
day=1301 susceptible=1135 carriers=0065 avg_resistant_fraction=0.1511
day=1302 susceptible=1133 carriers=0067 avg_resistant_fraction=0.1182
day=1303 susceptible=1132 carriers=0068 avg_resistant_fraction=0.1619
day=1304 susceptible=1130 carriers=0070 avg_resistant_fraction=0.1917
day=1305 susceptible=1131 carriers=0069 avg_resistant_fraction=0.1898
day=1306 susceptible=1134 carriers=0066 avg_resistant_fraction=0.1311
day=1307 susceptible=1132 carriers=0068 avg_resistant_fraction=0.1953
day=1308 susceptible=1137 carriers=0063 avg_resistant_fraction=0.1508
day=1309 susceptible=1143 carriers=0057 avg_resistant_fraction=0.1581
day=1310 susceptible=1143 carriers=0057 avg_resistant_fraction=0.1837
day=1311 susceptible=1136 carriers=0064 avg_resistant_fraction=0.2298
day=1312 susceptible=1133 carriers=0067 avg_resistant_fraction=0.1943
day=1313 susceptible=1134 carriers=0066 avg_resistant_fraction=0.1815
day=1314 susceptible=1136 carriers=0064 avg_resistant_fraction=0.1566
day=1315 susceptible=1136 carriers=0064 avg_resistant_fraction=0.1757
day=1316 susceptible=1137 carriers=0063 avg_resistant_fraction=0.1800
day=1317 susceptible=1137 carriers=0063 avg_resistant_fraction=0.1747
day=1318 susceptible=1136 carriers=0064 avg_resistant_fraction=0.1574
day=1319 susceptible=1139 carriers=0061 avg_resistant_fraction=0.1472
day=1320 susceptible=1145 carriers=0055 avg_resistant_fraction=0.1423
day=1321 susceptible=1144 carriers=0056 avg_resistant_fraction=0.1698
day=1322 susceptible=1144 carriers=0056 avg_resistant_fraction=0.1759
day=1323 susceptible=1143 carriers=0057 avg_resistant_fraction=0.1306
day=1324 susceptible=1144 carriers=0056 avg_resistant_fraction=0.1052
day=1325 susceptible=1143 carriers=0057 avg_resistant_fraction=0.1367
day=1326 susceptible=1147 carriers=0053 avg_resistant_fraction=0.1608
day=1327 susceptible=1146 carriers=0054 avg_resistant_fraction=0.1721
day=1328 susceptible=1145 carriers=0055 avg_resistant_fraction=0.1727
day=1329 susceptible=1145 carriers=0055 avg_resistant_fraction=0.2148
day=1330 susceptible=1144 carriers=0056 avg_resistant_fraction=0.1572
day=1331 susceptible=1146 carriers=0054 avg_resistant_fraction=0.1748
day=1332 susceptible=1144 carriers=0056 avg_resistant_fraction=0.1397
day=1333 susceptible=1144 carriers=0056 avg_resistant_fraction=0.1125
day=1334 susceptible=1143 carriers=0057 avg_resistant_fraction=0.1412
day=1335 susceptible=1144 carriers=0056 avg_resistant_fraction=0.1800
day=1336 susceptible=1144 carriers=0056 avg_resistant_fraction=0.1870
day=1337 susceptible=1140 carriers=0060 avg_resistant_fraction=0.1669
day=1338 susceptible=1138 carriers=0062 avg_resistant_fraction=0.2104
day=1339 susceptible=1139 carriers=0061 avg_resistant_fraction=0.1664
day=1340 susceptible=1139 carriers=0061 avg_resistant_fraction=0.1820
day=1341 susceptible=1138 carriers=0062 avg_resistant_fraction=0.1500
day=1342 susceptible=1143 carriers=0057 avg_resistant_fraction=0.1014
day=1343 susceptible=1144 carriers=0056 avg_resistant_fraction=0.1481
day=1344 susceptible=1142 carriers=0058 avg_resistant_fraction=0.1526
day=1345 susceptible=1140 carriers=0060 avg_resistant_fraction=0.1841
day=1346 susceptible=1144 carriers=0056 avg_resistant_fraction=0.0897
day=1347 susceptible=1145 carriers=0055 avg_resistant_fraction=0.0896
day=1348 susceptible=1143 carriers=0057 avg_resistant_fraction=0.1169
day=1349 susceptible=1143 carriers=0057 avg_resistant_fraction=0.0901
day=1350 susceptible=1136 carriers=0064 avg_resistant_fraction=0.1590
day=1351 susceptible=1135 carriers=0065 avg_resistant_fraction=0.1488
day=1352 susceptible=1131 carriers=0069 avg_resistant_fraction=0.1283
day=1353 susceptible=1132 carriers=0068 avg_resistant_fraction=0.0822
day=1354 susceptible=1131 carriers=0069 avg_resistant_fraction=0.1269
day=1355 susceptible=1135 carriers=0065 avg_resistant_fraction=0.0738
day=1356 susceptible=1134 carriers=0066 avg_resistant_fraction=0.1298
day=1357 susceptible=1137 carriers=0063 avg_resistant_fraction=0.1144
day=1358 susceptible=1139 carriers=0061 avg_resistant_fraction=0.1446
day=1359 susceptible=1130 carriers=0070 avg_resistant_fraction=0.2059
day=1360 susceptible=1129 carriers=0071 avg_resistant_fraction=0.1426
day=1361 susceptible=1126 carriers=0074 avg_resistant_fraction=0.1689
day=1362 susceptible=1127 carriers=0073 avg_resistant_fraction=0.1318
day=1363 susceptible=1130 carriers=0070 avg_resistant_fraction=0.1980
day=1364 susceptible=1132 carriers=0068 avg_resistant_fraction=0.1639
day=1365 susceptible=1131 carriers=0069 avg_resistant_fraction=0.1571
day=1366 susceptible=1130 carriers=0070 avg_resistant_fraction=0.1833
day=1367 susceptible=1137 carriers=0063 avg_resistant_fraction=0.1884
day=1368 susceptible=1139 carriers=0061 avg_resistant_fraction=0.1765
day=1369 susceptible=1135 carriers=0065 avg_resistant_fraction=0.1677
day=1370 susceptible=1136 carriers=0064 avg_resistant_fraction=0.1600
day=1371 susceptible=1137 carriers=0063 avg_resistant_fraction=0.1928
day=1372 susceptible=1134 carriers=0066 avg_resistant_fraction=0.2057
day=1373 susceptible=1130 carriers=0070 avg_resistant_fraction=0.2344
day=1374 susceptible=1134 carriers=0066 avg_resistant_fraction=0.2643
day=1375 susceptible=1140 carriers=0060 avg_resistant_fraction=0.2703
day=1376 susceptible=1142 carriers=0058 avg_resistant_fraction=0.3165
day=1377 susceptible=1145 carriers=0055 avg_resistant_fraction=0.3507
day=1378 susceptible=1145 carriers=0055 avg_resistant_fraction=0.2907
day=1379 susceptible=1141 carriers=0059 avg_resistant_fraction=0.3567
day=1380 susceptible=1140 carriers=0060 avg_resistant_fraction=0.3049
day=1381 susceptible=1147 carriers=0053 avg_resistant_fraction=0.3176
day=1382 susceptible=1153 carriers=0047 avg_resistant_fraction=0.3067
day=1383 susceptible=1152 carriers=0048 avg_resistant_fraction=0.3211
day=1384 susceptible=1154 carriers=0046 avg_resistant_fraction=0.3199
day=1385 susceptible=1148 carriers=0052 avg_resistant_fraction=0.3388
day=1386 susceptible=1150 carriers=0050 avg_resistant_fraction=0.2585
day=1387 susceptible=1150 carriers=0050 avg_resistant_fraction=0.1631
day=1388 susceptible=1150 carriers=0050 avg_resistant_fraction=0.1712
day=1389 susceptible=1152 carriers=0048 avg_resistant_fraction=0.2069
day=1390 susceptible=1145 carriers=0055 avg_resistant_fraction=0.2664
day=1391 susceptible=1150 carriers=0050 avg_resistant_fraction=0.2092
day=1392 susceptible=1151 carriers=0049 avg_resistant_fraction=0.1463
day=1393 susceptible=1150 carriers=0050 avg_resistant_fraction=0.1914
day=1394 susceptible=1149 carriers=0051 avg_resistant_fraction=0.2451
day=1395 susceptible=1148 carriers=0052 avg_resistant_fraction=0.1966
day=1396 susceptible=1150 carriers=0050 avg_resistant_fraction=0.1867
day=1397 susceptible=1149 carriers=0051 avg_resistant_fraction=0.2092
day=1398 susceptible=1143 carriers=0057 avg_resistant_fraction=0.2557
day=1399 susceptible=1148 carriers=0052 avg_resistant_fraction=0.2241
day=1400 susceptible=1146 carriers=0054 avg_resistant_fraction=0.2229
day=1401 susceptible=1144 carriers=0056 avg_resistant_fraction=0.1975
day=1402 susceptible=1141 carriers=0059 avg_resistant_fraction=0.2345
day=1403 susceptible=1144 carriers=0056 avg_resistant_fraction=0.1556
day=1404 susceptible=1136 carriers=0064 avg_resistant_fraction=0.2146
day=1405 susceptible=1134 carriers=0066 avg_resistant_fraction=0.1705
day=1406 susceptible=1133 carriers=0067 avg_resistant_fraction=0.1499
day=1407 susceptible=1131 carriers=0069 avg_resistant_fraction=0.1673
day=1408 susceptible=1129 carriers=0071 avg_resistant_fraction=0.1222
day=1409 susceptible=1126 carriers=0074 avg_resistant_fraction=0.1023
day=1410 susceptible=1131 carriers=0069 avg_resistant_fraction=0.0711
day=1411 susceptible=1132 carriers=0068 avg_resistant_fraction=0.0903
day=1412 susceptible=1132 carriers=0068 avg_resistant_fraction=0.0639
day=1413 susceptible=1129 carriers=0071 avg_resistant_fraction=0.1190
day=1414 susceptible=1129 carriers=0071 avg_resistant_fraction=0.0968
day=1415 susceptible=1128 carriers=0072 avg_resistant_fraction=0.1194
day=1416 susceptible=1129 carriers=0071 avg_resistant_fraction=0.1586
day=1417 susceptible=1133 carriers=0067 avg_resistant_fraction=0.1024
day=1418 susceptible=1129 carriers=0071 avg_resistant_fraction=0.1531
day=1419 susceptible=1133 carriers=0067 avg_resistant_fraction=0.0853
day=1420 susceptible=1128 carriers=0072 avg_resistant_fraction=0.1773
day=1421 susceptible=1132 carriers=0068 avg_resistant_fraction=0.1301
day=1422 susceptible=1135 carriers=0065 avg_resistant_fraction=0.1719
day=1423 susceptible=1136 carriers=0064 avg_resistant_fraction=0.1632
day=1424 susceptible=1136 carriers=0064 avg_resistant_fraction=0.1634
day=1425 susceptible=1138 carriers=0062 avg_resistant_fraction=0.1940
day=1426 susceptible=1133 carriers=0067 avg_resistant_fraction=0.2438
day=1427 susceptible=1126 carriers=0074 avg_resistant_fraction=0.2213
day=1428 susceptible=1127 carriers=0073 avg_resistant_fraction=0.2124
day=1429 susceptible=1128 carriers=0072 avg_resistant_fraction=0.1951
day=1430 susceptible=1125 carriers=0075 avg_resistant_fraction=0.1946
day=1431 susceptible=1126 carriers=0074 avg_resistant_fraction=0.2193
day=1432 susceptible=1127 carriers=0073 avg_resistant_fraction=0.2428
day=1433 susceptible=1134 carriers=0066 avg_resistant_fraction=0.2020
day=1434 susceptible=1136 carriers=0064 avg_resistant_fraction=0.2309
day=1435 susceptible=1129 carriers=0071 avg_resistant_fraction=0.2450
day=1436 susceptible=1131 carriers=0069 avg_resistant_fraction=0.1667
day=1437 susceptible=1132 carriers=0068 avg_resistant_fraction=0.1657
day=1438 susceptible=1135 carriers=0065 avg_resistant_fraction=0.1857
day=1439 susceptible=1135 carriers=0065 avg_resistant_fraction=0.1990
day=1440 susceptible=1135 carriers=0065 avg_resistant_fraction=0.2015
day=1441 susceptible=1136 carriers=0064 avg_resistant_fraction=0.1746
day=1442 susceptible=1139 carriers=0061 avg_resistant_fraction=0.1735
day=1443 susceptible=1132 carriers=0068 avg_resistant_fraction=0.1444
day=1444 susceptible=1135 carriers=0065 avg_resistant_fraction=0.1487
day=1445 susceptible=1134 carriers=0066 avg_resistant_fraction=0.1847
day=1446 susceptible=1130 carriers=0070 avg_resistant_fraction=0.1762
day=1447 susceptible=1127 carriers=0073 avg_resistant_fraction=0.1520
day=1448 susceptible=1132 carriers=0068 avg_resistant_fraction=0.1146
day=1449 susceptible=1133 carriers=0067 avg_resistant_fraction=0.1323
day=1450 susceptible=1129 carriers=0071 avg_resistant_fraction=0.1663
day=1451 susceptible=1131 carriers=0069 avg_resistant_fraction=0.1016
day=1452 susceptible=1124 carriers=0076 avg_resistant_fraction=0.2083
day=1453 susceptible=1130 carriers=0070 avg_resistant_fraction=0.1236
day=1454 susceptible=1125 carriers=0075 avg_resistant_fraction=0.1627
day=1455 susceptible=1122 carriers=0078 avg_resistant_fraction=0.1468
day=1456 susceptible=1127 carriers=0073 avg_resistant_fraction=0.1291
day=1457 susceptible=1125 carriers=0075 avg_resistant_fraction=0.1511
day=1458 susceptible=1126 carriers=0074 avg_resistant_fraction=0.1457
day=1459 susceptible=1130 carriers=0070 avg_resistant_fraction=0.1513
day=1460 susceptible=1127 carriers=0073 avg_resistant_fraction=0.1270
day=1461 susceptible=1126 carriers=0074 avg_resistant_fraction=0.1466
day=1462 susceptible=1128 carriers=0072 avg_resistant_fraction=0.1520
day=1463 susceptible=1125 carriers=0075 avg_resistant_fraction=0.1844
day=1464 susceptible=1124 carriers=0076 avg_resistant_fraction=0.1877
day=1465 susceptible=1128 carriers=0072 avg_resistant_fraction=0.1923
day=1466 susceptible=1127 carriers=0073 avg_resistant_fraction=0.2261
day=1467 susceptible=1127 carriers=0073 avg_resistant_fraction=0.2133
day=1468 susceptible=1130 carriers=0070 avg_resistant_fraction=0.1553
day=1469 susceptible=1134 carriers=0066 avg_resistant_fraction=0.1474
day=1470 susceptible=1134 carriers=0066 avg_resistant_fraction=0.1710
day=1471 susceptible=1136 carriers=0064 avg_resistant_fraction=0.1613
day=1472 susceptible=1138 carriers=0062 avg_resistant_fraction=0.2026
day=1473 susceptible=1140 carriers=0060 avg_resistant_fraction=0.2220
day=1474 susceptible=1140 carriers=0060 avg_resistant_fraction=0.2061
day=1475 susceptible=1144 carriers=0056 avg_resistant_fraction=0.1829
day=1476 susceptible=1148 carriers=0052 avg_resistant_fraction=0.1716
day=1477 susceptible=1151 carriers=0049 avg_resistant_fraction=0.1803
day=1478 susceptible=1152 carriers=0048 avg_resistant_fraction=0.1823
day=1479 susceptible=1153 carriers=0047 avg_resistant_fraction=0.2305
day=1480 susceptible=1154 carriers=0046 avg_resistant_fraction=0.2356
day=1481 susceptible=1157 carriers=0043 avg_resistant_fraction=0.1641
day=1482 susceptible=1155 carriers=0045 avg_resistant_fraction=0.1855
day=1483 susceptible=1154 carriers=0046 avg_resistant_fraction=0.2496
day=1484 susceptible=1155 carriers=0045 avg_resistant_fraction=0.2390
day=1485 susceptible=1157 carriers=0043 avg_resistant_fraction=0.1560
day=1486 susceptible=1156 carriers=0044 avg_resistant_fraction=0.2551
day=1487 susceptible=1157 carriers=0043 avg_resistant_fraction=0.2202
day=1488 susceptible=1155 carriers=0045 avg_resistant_fraction=0.2367
day=1489 susceptible=1154 carriers=0046 avg_resistant_fraction=0.1994
day=1490 susceptible=1154 carriers=0046 avg_resistant_fraction=0.1982
day=1491 susceptible=1153 carriers=0047 avg_resistant_fraction=0.1888
day=1492 susceptible=1148 carriers=0052 avg_resistant_fraction=0.2444
day=1493 susceptible=1144 carriers=0056 avg_resistant_fraction=0.1890
day=1494 susceptible=1142 carriers=0058 avg_resistant_fraction=0.2082
day=1495 susceptible=1144 carriers=0056 avg_resistant_fraction=0.1742
day=1496 susceptible=1145 carriers=0055 avg_resistant_fraction=0.1766
day=1497 susceptible=1141 carriers=0059 avg_resistant_fraction=0.1940
day=1498 susceptible=1145 carriers=0055 avg_resistant_fraction=0.1494
day=1499 susceptible=1148 carriers=0052 avg_resistant_fraction=0.1460
day=1500 susceptible=1152 carriers=0048 avg_resistant_fraction=0.1494
day=1501 susceptible=1153 carriers=0047 avg_resistant_fraction=0.2241
day=1502 susceptible=1153 carriers=0047 avg_resistant_fraction=0.1335
day=1503 susceptible=1152 carriers=0048 avg_resistant_fraction=0.1953
day=1504 susceptible=1155 carriers=0045 avg_resistant_fraction=0.1949
day=1505 susceptible=1157 carriers=0043 avg_resistant_fraction=0.2042
day=1506 susceptible=1159 carriers=0041 avg_resistant_fraction=0.2407
day=1507 susceptible=1155 carriers=0045 avg_resistant_fraction=0.2164
day=1508 susceptible=1152 carriers=0048 avg_resistant_fraction=0.2861
day=1509 susceptible=1152 carriers=0048 avg_resistant_fraction=0.2147
day=1510 susceptible=1155 carriers=0045 avg_resistant_fraction=0.1643
day=1511 susceptible=1156 carriers=0044 avg_resistant_fraction=0.2158
day=1512 susceptible=1154 carriers=0046 avg_resistant_fraction=0.2328
day=1513 susceptible=1150 carriers=0050 avg_resistant_fraction=0.2683
day=1514 susceptible=1147 carriers=0053 avg_resistant_fraction=0.2392
day=1515 susceptible=1145 carriers=0055 avg_resistant_fraction=0.2039
day=1516 susceptible=1144 carriers=0056 avg_resistant_fraction=0.2244
day=1517 susceptible=1141 carriers=0059 avg_resistant_fraction=0.1835
day=1518 susceptible=1140 carriers=0060 avg_resistant_fraction=0.1635
day=1519 susceptible=1139 carriers=0061 avg_resistant_fraction=0.1226
day=1520 susceptible=1137 carriers=0063 avg_resistant_fraction=0.1655
day=1521 susceptible=1138 carriers=0062 avg_resistant_fraction=0.1334
day=1522 susceptible=1136 carriers=0064 avg_resistant_fraction=0.1311
day=1523 susceptible=1139 carriers=0061 avg_resistant_fraction=0.1221
day=1524 susceptible=1136 carriers=0064 avg_resistant_fraction=0.1229
day=1525 susceptible=1138 carriers=0062 avg_resistant_fraction=0.1432
day=1526 susceptible=1138 carriers=0062 avg_resistant_fraction=0.1554
day=1527 susceptible=1136 carriers=0064 avg_resistant_fraction=0.2221
day=1528 susceptible=1138 carriers=0062 avg_resistant_fraction=0.1623
day=1529 susceptible=1137 carriers=0063 avg_resistant_fraction=0.2032
day=1530 susceptible=1138 carriers=0062 avg_resistant_fraction=0.1897
day=1531 susceptible=1139 carriers=0061 avg_resistant_fraction=0.1796
day=1532 susceptible=1139 carriers=0061 avg_resistant_fraction=0.2474
day=1533 susceptible=1145 carriers=0055 avg_resistant_fraction=0.1675
day=1534 susceptible=1145 carriers=0055 avg_resistant_fraction=0.1960
day=1535 susceptible=1147 carriers=0053 avg_resistant_fraction=0.1703
day=1536 susceptible=1144 carriers=0056 avg_resistant_fraction=0.1902
day=1537 susceptible=1144 carriers=0056 avg_resistant_fraction=0.2010
day=1538 susceptible=1144 carriers=0056 avg_resistant_fraction=0.2127
day=1539 susceptible=1143 carriers=0057 avg_resistant_fraction=0.2236
day=1540 susceptible=1142 carriers=0058 avg_resistant_fraction=0.2428
day=1541 susceptible=1142 carriers=0058 avg_resistant_fraction=0.2489
day=1542 susceptible=1142 carriers=0058 avg_resistant_fraction=0.1723
day=1543 susceptible=1145 carriers=0055 avg_resistant_fraction=0.2121
day=1544 susceptible=1148 carriers=0052 avg_resistant_fraction=0.2088
day=1545 susceptible=1147 carriers=0053 avg_resistant_fraction=0.2225
day=1546 susceptible=1141 carriers=0059 avg_resistant_fraction=0.2807
day=1547 susceptible=1139 carriers=0061 avg_resistant_fraction=0.2117
day=1548 susceptible=1136 carriers=0064 avg_resistant_fraction=0.2161
day=1549 susceptible=1135 carriers=0065 avg_resistant_fraction=0.1937
day=1550 susceptible=1131 carriers=0069 avg_resistant_fraction=0.1451
day=1551 susceptible=1131 carriers=0069 avg_resistant_fraction=0.1216
day=1552 susceptible=1132 carriers=0068 avg_resistant_fraction=0.1187
day=1553 susceptible=1130 carriers=0070 avg_resistant_fraction=0.1112
day=1554 susceptible=1131 carriers=0069 avg_resistant_fraction=0.1493
day=1555 susceptible=1133 carriers=0067 avg_resistant_fraction=0.1341
day=1556 susceptible=1135 carriers=0065 avg_resistant_fraction=0.1148
day=1557 susceptible=1135 carriers=0065 avg_resistant_fraction=0.1681
day=1558 susceptible=1131 carriers=0069 avg_resistant_fraction=0.1440
day=1559 susceptible=1139 carriers=0061 avg_resistant_fraction=0.0838
day=1560 susceptible=1139 carriers=0061 avg_resistant_fraction=0.1334
day=1561 susceptible=1142 carriers=0058 avg_resistant_fraction=0.1391
day=1562 susceptible=1143 carriers=0057 avg_resistant_fraction=0.1948
day=1563 susceptible=1144 carriers=0056 avg_resistant_fraction=0.1628
day=1564 susceptible=1148 carriers=0052 avg_resistant_fraction=0.1955
day=1565 susceptible=1151 carriers=0049 avg_resistant_fraction=0.1929
day=1566 susceptible=1149 carriers=0051 avg_resistant_fraction=0.2113
day=1567 susceptible=1148 carriers=0052 avg_resistant_fraction=0.1435
day=1568 susceptible=1147 carriers=0053 avg_resistant_fraction=0.1864
day=1569 susceptible=1152 carriers=0048 avg_resistant_fraction=0.0954
day=1570 susceptible=1144 carriers=0056 avg_resistant_fraction=0.1628
day=1571 susceptible=1146 carriers=0054 avg_resistant_fraction=0.1126
day=1572 susceptible=1146 carriers=0054 avg_resistant_fraction=0.1806
day=1573 susceptible=1147 carriers=0053 avg_resistant_fraction=0.1387
day=1574 susceptible=1148 carriers=0052 avg_resistant_fraction=0.1380
day=1575 susceptible=1145 carriers=0055 avg_resistant_fraction=0.1839
day=1576 susceptible=1144 carriers=0056 avg_resistant_fraction=0.1620
day=1577 susceptible=1144 carriers=0056 avg_resistant_fraction=0.1242
day=1578 susceptible=1144 carriers=0056 avg_resistant_fraction=0.1468
day=1579 susceptible=1145 carriers=0055 avg_resistant_fraction=0.1648
day=1580 susceptible=1142 carriers=0058 avg_resistant_fraction=0.1870
day=1581 susceptible=1140 carriers=0060 avg_resistant_fraction=0.1500
day=1582 susceptible=1143 carriers=0057 avg_resistant_fraction=0.1969
day=1583 susceptible=1142 carriers=0058 avg_resistant_fraction=0.2504
day=1584 susceptible=1143 carriers=0057 avg_resistant_fraction=0.2142
day=1585 susceptible=1143 carriers=0057 avg_resistant_fraction=0.1811
day=1586 susceptible=1143 carriers=0057 avg_resistant_fraction=0.2019
day=1587 susceptible=1138 carriers=0062 avg_resistant_fraction=0.1888
day=1588 susceptible=1137 carriers=0063 avg_resistant_fraction=0.1775
day=1589 susceptible=1136 carriers=0064 avg_resistant_fraction=0.2043
day=1590 susceptible=1140 carriers=0060 avg_resistant_fraction=0.1630
day=1591 susceptible=1141 carriers=0059 avg_resistant_fraction=0.2045
day=1592 susceptible=1138 carriers=0062 avg_resistant_fraction=0.2140
day=1593 susceptible=1137 carriers=0063 avg_resistant_fraction=0.2032
day=1594 susceptible=1135 carriers=0065 avg_resistant_fraction=0.2105
day=1595 susceptible=1133 carriers=0067 avg_resistant_fraction=0.2124
day=1596 susceptible=1129 carriers=0071 avg_resistant_fraction=0.1584
day=1597 susceptible=1128 carriers=0072 avg_resistant_fraction=0.2035
day=1598 susceptible=1132 carriers=0068 avg_resistant_fraction=0.1555
day=1599 susceptible=1132 carriers=0068 avg_resistant_fraction=0.2211
day=1600 susceptible=1129 carriers=0071 avg_resistant_fraction=0.2179
day=1601 susceptible=1132 carriers=0068 avg_resistant_fraction=0.1822
day=1602 susceptible=1134 carriers=0066 avg_resistant_fraction=0.1513
day=1603 susceptible=1130 carriers=0070 avg_resistant_fraction=0.1522
day=1604 susceptible=1130 carriers=0070 avg_resistant_fraction=0.1576
day=1605 susceptible=1139 carriers=0061 avg_resistant_fraction=0.1344
day=1606 susceptible=1140 carriers=0060 avg_resistant_fraction=0.1701
day=1607 susceptible=1140 carriers=0060 avg_resistant_fraction=0.1923
day=1608 susceptible=1140 carriers=0060 avg_resistant_fraction=0.1829
day=1609 susceptible=1138 carriers=0062 avg_resistant_fraction=0.2078
day=1610 susceptible=1141 carriers=0059 avg_resistant_fraction=0.1934
day=1611 susceptible=1139 carriers=0061 avg_resistant_fraction=0.2182
day=1612 susceptible=1137 carriers=0063 avg_resistant_fraction=0.1740
day=1613 susceptible=1132 carriers=0068 avg_resistant_fraction=0.1957
day=1614 susceptible=1133 carriers=0067 avg_resistant_fraction=0.1589
day=1615 susceptible=1135 carriers=0065 avg_resistant_fraction=0.1042
day=1616 susceptible=1136 carriers=0064 avg_resistant_fraction=0.1047
day=1617 susceptible=1138 carriers=0062 avg_resistant_fraction=0.1531
day=1618 susceptible=1140 carriers=0060 avg_resistant_fraction=0.1650
day=1619 susceptible=1141 carriers=0059 avg_resistant_fraction=0.1647
day=1620 susceptible=1141 carriers=0059 avg_resistant_fraction=0.1669
day=1621 susceptible=1135 carriers=0065 avg_resistant_fraction=0.1968
day=1622 susceptible=1134 carriers=0066 avg_resistant_fraction=0.1458
day=1623 susceptible=1135 carriers=0065 avg_resistant_fraction=0.1436
day=1624 susceptible=1131 carriers=0069 avg_resistant_fraction=0.1593
day=1625 susceptible=1131 carriers=0069 avg_resistant_fraction=0.1789
day=1626 susceptible=1135 carriers=0065 avg_resistant_fraction=0.1334
day=1627 susceptible=1130 carriers=0070 avg_resistant_fraction=0.1144
day=1628 susceptible=1138 carriers=0062 avg_resistant_fraction=0.1101
day=1629 susceptible=1138 carriers=0062 avg_resistant_fraction=0.1827
day=1630 susceptible=1137 carriers=0063 avg_resistant_fraction=0.1391
day=1631 susceptible=1135 carriers=0065 avg_resistant_fraction=0.1329
day=1632 susceptible=1135 carriers=0065 avg_resistant_fraction=0.1237
day=1633 susceptible=1135 carriers=0065 avg_resistant_fraction=0.1076
day=1634 susceptible=1135 carriers=0065 avg_resistant_fraction=0.1785
day=1635 susceptible=1132 carriers=0068 avg_resistant_fraction=0.1855
day=1636 susceptible=1138 carriers=0062 avg_resistant_fraction=0.1054
day=1637 susceptible=1135 carriers=0065 avg_resistant_fraction=0.1115
day=1638 susceptible=1130 carriers=0070 avg_resistant_fraction=0.1779
day=1639 susceptible=1129 carriers=0071 avg_resistant_fraction=0.1657
day=1640 susceptible=1130 carriers=0070 avg_resistant_fraction=0.1267
day=1641 susceptible=1132 carriers=0068 avg_resistant_fraction=0.1334
day=1642 susceptible=1134 carriers=0066 avg_resistant_fraction=0.1705
day=1643 susceptible=1137 carriers=0063 avg_resistant_fraction=0.1374
day=1644 susceptible=1134 carriers=0066 avg_resistant_fraction=0.1740
day=1645 susceptible=1131 carriers=0069 avg_resistant_fraction=0.2688
day=1646 susceptible=1132 carriers=0068 avg_resistant_fraction=0.2535
day=1647 susceptible=1132 carriers=0068 avg_resistant_fraction=0.2304
day=1648 susceptible=1132 carriers=0068 avg_resistant_fraction=0.1907
day=1649 susceptible=1127 carriers=0073 avg_resistant_fraction=0.2293
day=1650 susceptible=1122 carriers=0078 avg_resistant_fraction=0.2295
day=1651 susceptible=1125 carriers=0075 avg_resistant_fraction=0.1981
day=1652 susceptible=1120 carriers=0080 avg_resistant_fraction=0.1962
day=1653 susceptible=1124 carriers=0076 avg_resistant_fraction=0.1330
day=1654 susceptible=1129 carriers=0071 avg_resistant_fraction=0.1423
day=1655 susceptible=1128 carriers=0072 avg_resistant_fraction=0.1267
day=1656 susceptible=1126 carriers=0074 avg_resistant_fraction=0.1446
day=1657 susceptible=1127 carriers=0073 avg_resistant_fraction=0.1070
day=1658 susceptible=1129 carriers=0071 avg_resistant_fraction=0.1041
day=1659 susceptible=1126 carriers=0074 avg_resistant_fraction=0.1177
day=1660 susceptible=1125 carriers=0075 avg_resistant_fraction=0.1148
day=1661 susceptible=1125 carriers=0075 avg_resistant_fraction=0.1231
day=1662 susceptible=1121 carriers=0079 avg_resistant_fraction=0.1504
day=1663 susceptible=1122 carriers=0078 avg_resistant_fraction=0.1572
day=1664 susceptible=1122 carriers=0078 avg_resistant_fraction=0.1287
day=1665 susceptible=1125 carriers=0075 avg_resistant_fraction=0.1685
day=1666 susceptible=1129 carriers=0071 avg_resistant_fraction=0.1486
day=1667 susceptible=1133 carriers=0067 avg_resistant_fraction=0.1719
day=1668 susceptible=1136 carriers=0064 avg_resistant_fraction=0.1991
day=1669 susceptible=1135 carriers=0065 avg_resistant_fraction=0.1831
day=1670 susceptible=1134 carriers=0066 avg_resistant_fraction=0.2024
day=1671 susceptible=1131 carriers=0069 avg_resistant_fraction=0.1802
day=1672 susceptible=1128 carriers=0072 avg_resistant_fraction=0.2069
day=1673 susceptible=1131 carriers=0069 avg_resistant_fraction=0.1750
day=1674 susceptible=1134 carriers=0066 avg_resistant_fraction=0.1216
day=1675 susceptible=1135 carriers=0065 avg_resistant_fraction=0.1449
day=1676 susceptible=1137 carriers=0063 avg_resistant_fraction=0.1793
day=1677 susceptible=1135 carriers=0065 avg_resistant_fraction=0.1415
day=1678 susceptible=1135 carriers=0065 avg_resistant_fraction=0.1511
day=1679 susceptible=1138 carriers=0062 avg_resistant_fraction=0.1152
day=1680 susceptible=1135 carriers=0065 avg_resistant_fraction=0.1392
day=1681 susceptible=1136 carriers=0064 avg_resistant_fraction=0.0588
day=1682 susceptible=1131 carriers=0069 avg_resistant_fraction=0.1383
day=1683 susceptible=1132 carriers=0068 avg_resistant_fraction=0.0925
day=1684 susceptible=1133 carriers=0067 avg_resistant_fraction=0.0974
day=1685 susceptible=1131 carriers=0069 avg_resistant_fraction=0.1572
day=1686 susceptible=1133 carriers=0067 avg_resistant_fraction=0.0831
day=1687 susceptible=1132 carriers=0068 avg_resistant_fraction=0.1358
day=1688 susceptible=1130 carriers=0070 avg_resistant_fraction=0.1401
day=1689 susceptible=1133 carriers=0067 avg_resistant_fraction=0.1077
day=1690 susceptible=1131 carriers=0069 avg_resistant_fraction=0.1556
day=1691 susceptible=1137 carriers=0063 avg_resistant_fraction=0.1432
day=1692 susceptible=1139 carriers=0061 avg_resistant_fraction=0.1212
day=1693 susceptible=1140 carriers=0060 avg_resistant_fraction=0.1529
day=1694 susceptible=1140 carriers=0060 avg_resistant_fraction=0.1920
day=1695 susceptible=1142 carriers=0058 avg_resistant_fraction=0.1586
day=1696 susceptible=1140 carriers=0060 avg_resistant_fraction=0.2029
day=1697 susceptible=1140 carriers=0060 avg_resistant_fraction=0.1986
day=1698 susceptible=1139 carriers=0061 avg_resistant_fraction=0.1687
day=1699 susceptible=1139 carriers=0061 avg_resistant_fraction=0.1752
day=1700 susceptible=1140 carriers=0060 avg_resistant_fraction=0.1934
day=1701 susceptible=1144 carriers=0056 avg_resistant_fraction=0.2110
day=1702 susceptible=1146 carriers=0054 avg_resistant_fraction=0.2253
day=1703 susceptible=1153 carriers=0047 avg_resistant_fraction=0.2124
day=1704 susceptible=1148 carriers=0052 avg_resistant_fraction=0.3055
day=1705 susceptible=1145 carriers=0055 avg_resistant_fraction=0.1932
day=1706 susceptible=1144 carriers=0056 avg_resistant_fraction=0.2105
day=1707 susceptible=1143 carriers=0057 avg_resistant_fraction=0.1832
day=1708 susceptible=1146 carriers=0054 avg_resistant_fraction=0.1978
day=1709 susceptible=1143 carriers=0057 avg_resistant_fraction=0.2184
day=1710 susceptible=1137 carriers=0063 avg_resistant_fraction=0.1982
day=1711 susceptible=1139 carriers=0061 avg_resistant_fraction=0.1277
day=1712 susceptible=1145 carriers=0055 avg_resistant_fraction=0.0942
day=1713 susceptible=1144 carriers=0056 avg_resistant_fraction=0.0836
day=1714 susceptible=1149 carriers=0051 avg_resistant_fraction=0.0753
day=1715 susceptible=1149 carriers=0051 avg_resistant_fraction=0.1389
day=1716 susceptible=1149 carriers=0051 avg_resistant_fraction=0.1088
day=1717 susceptible=1147 carriers=0053 avg_resistant_fraction=0.0919
day=1718 susceptible=1141 carriers=0059 avg_resistant_fraction=0.1330
day=1719 susceptible=1140 carriers=0060 avg_resistant_fraction=0.1114
day=1720 susceptible=1137 carriers=0063 avg_resistant_fraction=0.1062
day=1721 susceptible=1136 carriers=0064 avg_resistant_fraction=0.0649
day=1722 susceptible=1141 carriers=0059 avg_resistant_fraction=0.0589
day=1723 susceptible=1144 carriers=0056 avg_resistant_fraction=0.0474
day=1724 susceptible=1140 carriers=0060 avg_resistant_fraction=0.1374
day=1725 susceptible=1137 carriers=0063 avg_resistant_fraction=0.1015
day=1726 susceptible=1141 carriers=0059 avg_resistant_fraction=0.1170
day=1727 susceptible=1139 carriers=0061 avg_resistant_fraction=0.0771
day=1728 susceptible=1140 carriers=0060 avg_resistant_fraction=0.0678
day=1729 susceptible=1136 carriers=0064 avg_resistant_fraction=0.1306
day=1730 susceptible=1138 carriers=0062 avg_resistant_fraction=0.0849
day=1731 susceptible=1135 carriers=0065 avg_resistant_fraction=0.1511
day=1732 susceptible=1139 carriers=0061 avg_resistant_fraction=0.0757
day=1733 susceptible=1135 carriers=0065 avg_resistant_fraction=0.1065
day=1734 susceptible=1136 carriers=0064 avg_resistant_fraction=0.1361
day=1735 susceptible=1134 carriers=0066 avg_resistant_fraction=0.1292
day=1736 susceptible=1140 carriers=0060 avg_resistant_fraction=0.1376
day=1737 susceptible=1139 carriers=0061 avg_resistant_fraction=0.1899
day=1738 susceptible=1139 carriers=0061 avg_resistant_fraction=0.2556
day=1739 susceptible=1140 carriers=0060 avg_resistant_fraction=0.1987
day=1740 susceptible=1142 carriers=0058 avg_resistant_fraction=0.1776
day=1741 susceptible=1141 carriers=0059 avg_resistant_fraction=0.2443
day=1742 susceptible=1143 carriers=0057 avg_resistant_fraction=0.1586
day=1743 susceptible=1142 carriers=0058 avg_resistant_fraction=0.2382
day=1744 susceptible=1142 carriers=0058 avg_resistant_fraction=0.1545
day=1745 susceptible=1145 carriers=0055 avg_resistant_fraction=0.1641
day=1746 susceptible=1144 carriers=0056 avg_resistant_fraction=0.1633
day=1747 susceptible=1141 carriers=0059 avg_resistant_fraction=0.2103
day=1748 susceptible=1143 carriers=0057 avg_resistant_fraction=0.1829
day=1749 susceptible=1140 carriers=0060 avg_resistant_fraction=0.2240
day=1750 susceptible=1140 carriers=0060 avg_resistant_fraction=0.2073
day=1751 susceptible=1139 carriers=0061 avg_resistant_fraction=0.2043
day=1752 susceptible=1139 carriers=0061 avg_resistant_fraction=0.1675
day=1753 susceptible=1137 carriers=0063 avg_resistant_fraction=0.1874
day=1754 susceptible=1140 carriers=0060 avg_resistant_fraction=0.2125
day=1755 susceptible=1137 carriers=0063 avg_resistant_fraction=0.2200
day=1756 susceptible=1133 carriers=0067 avg_resistant_fraction=0.2135
day=1757 susceptible=1133 carriers=0067 avg_resistant_fraction=0.1986
day=1758 susceptible=1134 carriers=0066 avg_resistant_fraction=0.2176
day=1759 susceptible=1132 carriers=0068 avg_resistant_fraction=0.2171
day=1760 susceptible=1133 carriers=0067 avg_resistant_fraction=0.2388
day=1761 susceptible=1134 carriers=0066 avg_resistant_fraction=0.2762
day=1762 susceptible=1132 carriers=0068 avg_resistant_fraction=0.2929
day=1763 susceptible=1132 carriers=0068 avg_resistant_fraction=0.2797
day=1764 susceptible=1136 carriers=0064 avg_resistant_fraction=0.2635
day=1765 susceptible=1137 carriers=0063 avg_resistant_fraction=0.3455
day=1766 susceptible=1138 carriers=0062 avg_resistant_fraction=0.2464
day=1767 susceptible=1140 carriers=0060 avg_resistant_fraction=0.2553
day=1768 susceptible=1141 carriers=0059 avg_resistant_fraction=0.2689
day=1769 susceptible=1142 carriers=0058 avg_resistant_fraction=0.2665
day=1770 susceptible=1134 carriers=0066 avg_resistant_fraction=0.2749
day=1771 susceptible=1140 carriers=0060 avg_resistant_fraction=0.1942
day=1772 susceptible=1141 carriers=0059 avg_resistant_fraction=0.1911
day=1773 susceptible=1142 carriers=0058 avg_resistant_fraction=0.1876
day=1774 susceptible=1142 carriers=0058 avg_resistant_fraction=0.1967
day=1775 susceptible=1142 carriers=0058 avg_resistant_fraction=0.2138
day=1776 susceptible=1137 carriers=0063 avg_resistant_fraction=0.2424
day=1777 susceptible=1135 carriers=0065 avg_resistant_fraction=0.1469
day=1778 susceptible=1139 carriers=0061 avg_resistant_fraction=0.1174
day=1779 susceptible=1137 carriers=0063 avg_resistant_fraction=0.1369
day=1780 susceptible=1138 carriers=0062 avg_resistant_fraction=0.1433
day=1781 susceptible=1139 carriers=0061 avg_resistant_fraction=0.1407
day=1782 susceptible=1139 carriers=0061 avg_resistant_fraction=0.1835
day=1783 susceptible=1144 carriers=0056 avg_resistant_fraction=0.1425
day=1784 susceptible=1139 carriers=0061 avg_resistant_fraction=0.1738
day=1785 susceptible=1142 carriers=0058 avg_resistant_fraction=0.1334
day=1786 susceptible=1143 carriers=0057 avg_resistant_fraction=0.1378
day=1787 susceptible=1138 carriers=0062 avg_resistant_fraction=0.1813
day=1788 susceptible=1139 carriers=0061 avg_resistant_fraction=0.1382
day=1789 susceptible=1139 carriers=0061 avg_resistant_fraction=0.2183
day=1790 susceptible=1137 carriers=0063 avg_resistant_fraction=0.1910
day=1791 susceptible=1135 carriers=0065 avg_resistant_fraction=0.2010
day=1792 susceptible=1136 carriers=0064 avg_resistant_fraction=0.1919
day=1793 susceptible=1131 carriers=0069 avg_resistant_fraction=0.2266
day=1794 susceptible=1135 carriers=0065 avg_resistant_fraction=0.2185
day=1795 susceptible=1136 carriers=0064 avg_resistant_fraction=0.1955
day=1796 susceptible=1139 carriers=0061 avg_resistant_fraction=0.1893
day=1797 susceptible=1141 carriers=0059 avg_resistant_fraction=0.2388
day=1798 susceptible=1142 carriers=0058 avg_resistant_fraction=0.2493
day=1799 susceptible=1144 carriers=0056 avg_resistant_fraction=0.3223
day=1800 susceptible=1142 carriers=0058 avg_resistant_fraction=0.2809
day=1801 susceptible=1141 carriers=0059 avg_resistant_fraction=0.2696
day=1802 susceptible=1141 carriers=0059 avg_resistant_fraction=0.2096
day=1803 susceptible=1138 carriers=0062 avg_resistant_fraction=0.1892
day=1804 susceptible=1133 carriers=0067 avg_resistant_fraction=0.2361
day=1805 susceptible=1135 carriers=0065 avg_resistant_fraction=0.1960
day=1806 susceptible=1136 carriers=0064 avg_resistant_fraction=0.2289
day=1807 susceptible=1137 carriers=0063 avg_resistant_fraction=0.2442
day=1808 susceptible=1136 carriers=0064 avg_resistant_fraction=0.2216
day=1809 susceptible=1137 carriers=0063 avg_resistant_fraction=0.2430
day=1810 susceptible=1140 carriers=0060 avg_resistant_fraction=0.2121
day=1811 susceptible=1143 carriers=0057 avg_resistant_fraction=0.1755
day=1812 susceptible=1140 carriers=0060 avg_resistant_fraction=0.2125
day=1813 susceptible=1138 carriers=0062 avg_resistant_fraction=0.2104
day=1814 susceptible=1133 carriers=0067 avg_resistant_fraction=0.1849
day=1815 susceptible=1130 carriers=0070 avg_resistant_fraction=0.1716
day=1816 susceptible=1128 carriers=0072 avg_resistant_fraction=0.1449
day=1817 susceptible=1135 carriers=0065 avg_resistant_fraction=0.1574
day=1818 susceptible=1135 carriers=0065 avg_resistant_fraction=0.1997
day=1819 susceptible=1137 carriers=0063 avg_resistant_fraction=0.2222
day=1820 susceptible=1135 carriers=0065 avg_resistant_fraction=0.2124
day=1821 susceptible=1138 carriers=0062 avg_resistant_fraction=0.2237
day=1822 susceptible=1136 carriers=0064 avg_resistant_fraction=0.1900
day=1823 susceptible=1136 carriers=0064 avg_resistant_fraction=0.2266
day=1824 susceptible=1135 carriers=0065 avg_resistant_fraction=0.2046
day=1825 susceptible=1137 carriers=0063 avg_resistant_fraction=0.2010
day=1826 susceptible=1137 carriers=0063 avg_resistant_fraction=0.2006
day=1827 susceptible=1134 carriers=0066 avg_resistant_fraction=0.2946
day=1828 susceptible=1136 carriers=0064 avg_resistant_fraction=0.2240
day=1829 susceptible=1141 carriers=0059 avg_resistant_fraction=0.2751
day=1830 susceptible=1148 carriers=0052 avg_resistant_fraction=0.1537
day=1831 susceptible=1148 carriers=0052 avg_resistant_fraction=0.2129
day=1832 susceptible=1151 carriers=0049 avg_resistant_fraction=0.2158
day=1833 susceptible=1152 carriers=0048 avg_resistant_fraction=0.2099
day=1834 susceptible=1156 carriers=0044 avg_resistant_fraction=0.2654
day=1835 susceptible=1153 carriers=0047 avg_resistant_fraction=0.2532
day=1836 susceptible=1154 carriers=0046 avg_resistant_fraction=0.1797
day=1837 susceptible=1154 carriers=0046 avg_resistant_fraction=0.1145
day=1838 susceptible=1156 carriers=0044 avg_resistant_fraction=0.1305
day=1839 susceptible=1151 carriers=0049 avg_resistant_fraction=0.2093
day=1840 susceptible=1152 carriers=0048 avg_resistant_fraction=0.1507
day=1841 susceptible=1150 carriers=0050 avg_resistant_fraction=0.1302
day=1842 susceptible=1152 carriers=0048 avg_resistant_fraction=0.1154
day=1843 susceptible=1146 carriers=0054 avg_resistant_fraction=0.1867
day=1844 susceptible=1144 carriers=0056 avg_resistant_fraction=0.1042
day=1845 susceptible=1140 carriers=0060 avg_resistant_fraction=0.1435
day=1846 susceptible=1141 carriers=0059 avg_resistant_fraction=0.0768
day=1847 susceptible=1136 carriers=0064 avg_resistant_fraction=0.1411
day=1848 susceptible=1141 carriers=0059 avg_resistant_fraction=0.0743
day=1849 susceptible=1144 carriers=0056 avg_resistant_fraction=0.0840
day=1850 susceptible=1143 carriers=0057 avg_resistant_fraction=0.1368
day=1851 susceptible=1136 carriers=0064 avg_resistant_fraction=0.1753
day=1852 susceptible=1126 carriers=0074 avg_resistant_fraction=0.1905
day=1853 susceptible=1129 carriers=0071 avg_resistant_fraction=0.1142
day=1854 susceptible=1126 carriers=0074 avg_resistant_fraction=0.1446
day=1855 susceptible=1126 carriers=0074 avg_resistant_fraction=0.1044
day=1856 susceptible=1124 carriers=0076 avg_resistant_fraction=0.1296
day=1857 susceptible=1123 carriers=0077 avg_resistant_fraction=0.1531
day=1858 susceptible=1125 carriers=0075 avg_resistant_fraction=0.1694
day=1859 susceptible=1125 carriers=0075 avg_resistant_fraction=0.2091
day=1860 susceptible=1123 carriers=0077 avg_resistant_fraction=0.1863
day=1861 susceptible=1119 carriers=0081 avg_resistant_fraction=0.2153
day=1862 susceptible=1123 carriers=0077 avg_resistant_fraction=0.2159
day=1863 susceptible=1124 carriers=0076 avg_resistant_fraction=0.2316
day=1864 susceptible=1124 carriers=0076 avg_resistant_fraction=0.2341
day=1865 susceptible=1125 carriers=0075 avg_resistant_fraction=0.2650
day=1866 susceptible=1129 carriers=0071 avg_resistant_fraction=0.2739
day=1867 susceptible=1132 carriers=0068 avg_resistant_fraction=0.2790
day=1868 susceptible=1134 carriers=0066 avg_resistant_fraction=0.2613
day=1869 susceptible=1140 carriers=0060 avg_resistant_fraction=0.2946
day=1870 susceptible=1145 carriers=0055 avg_resistant_fraction=0.2713
day=1871 susceptible=1144 carriers=0056 avg_resistant_fraction=0.3475
day=1872 susceptible=1143 carriers=0057 avg_resistant_fraction=0.3447
day=1873 susceptible=1146 carriers=0054 avg_resistant_fraction=0.3559
day=1874 susceptible=1145 carriers=0055 avg_resistant_fraction=0.3446
day=1875 susceptible=1143 carriers=0057 avg_resistant_fraction=0.3189
day=1876 susceptible=1142 carriers=0058 avg_resistant_fraction=0.3059
day=1877 susceptible=1145 carriers=0055 avg_resistant_fraction=0.2955
day=1878 susceptible=1139 carriers=0061 avg_resistant_fraction=0.3168
day=1879 susceptible=1140 carriers=0060 avg_resistant_fraction=0.2431
day=1880 susceptible=1143 carriers=0057 avg_resistant_fraction=0.2613
day=1881 susceptible=1147 carriers=0053 avg_resistant_fraction=0.2591
day=1882 susceptible=1143 carriers=0057 avg_resistant_fraction=0.2460
day=1883 susceptible=1141 carriers=0059 avg_resistant_fraction=0.2559
day=1884 susceptible=1144 carriers=0056 avg_resistant_fraction=0.2001
day=1885 susceptible=1144 carriers=0056 avg_resistant_fraction=0.2044
day=1886 susceptible=1147 carriers=0053 avg_resistant_fraction=0.1850
day=1887 susceptible=1148 carriers=0052 avg_resistant_fraction=0.1800
day=1888 susceptible=1146 carriers=0054 avg_resistant_fraction=0.2435
day=1889 susceptible=1144 carriers=0056 avg_resistant_fraction=0.2471
day=1890 susceptible=1142 carriers=0058 avg_resistant_fraction=0.2118
day=1891 susceptible=1143 carriers=0057 avg_resistant_fraction=0.2127
day=1892 susceptible=1142 carriers=0058 avg_resistant_fraction=0.1858
day=1893 susceptible=1142 carriers=0058 avg_resistant_fraction=0.1807
day=1894 susceptible=1143 carriers=0057 avg_resistant_fraction=0.1744
day=1895 susceptible=1143 carriers=0057 avg_resistant_fraction=0.1605
day=1896 susceptible=1139 carriers=0061 avg_resistant_fraction=0.1565
day=1897 susceptible=1137 carriers=0063 avg_resistant_fraction=0.0773
day=1898 susceptible=1139 carriers=0061 avg_resistant_fraction=0.0690
day=1899 susceptible=1137 carriers=0063 avg_resistant_fraction=0.0709
day=1900 susceptible=1138 carriers=0062 avg_resistant_fraction=0.0820
day=1901 susceptible=1138 carriers=0062 avg_resistant_fraction=0.1110
day=1902 susceptible=1139 carriers=0061 avg_resistant_fraction=0.1223
day=1903 susceptible=1137 carriers=0063 avg_resistant_fraction=0.1455
day=1904 susceptible=1134 carriers=0066 avg_resistant_fraction=0.1633
day=1905 susceptible=1136 carriers=0064 avg_resistant_fraction=0.1084
day=1906 susceptible=1132 carriers=0068 avg_resistant_fraction=0.1114
day=1907 susceptible=1135 carriers=0065 avg_resistant_fraction=0.0752
day=1908 susceptible=1138 carriers=0062 avg_resistant_fraction=0.0516
day=1909 susceptible=1138 carriers=0062 avg_resistant_fraction=0.0713
day=1910 susceptible=1140 carriers=0060 avg_resistant_fraction=0.1024
day=1911 susceptible=1142 carriers=0058 avg_resistant_fraction=0.1215
day=1912 susceptible=1141 carriers=0059 avg_resistant_fraction=0.1870
day=1913 susceptible=1143 carriers=0057 avg_resistant_fraction=0.1730
day=1914 susceptible=1147 carriers=0053 avg_resistant_fraction=0.1436
day=1915 susceptible=1141 carriers=0059 avg_resistant_fraction=0.1430
day=1916 susceptible=1141 carriers=0059 avg_resistant_fraction=0.1219
day=1917 susceptible=1135 carriers=0065 avg_resistant_fraction=0.1430
day=1918 susceptible=1131 carriers=0069 avg_resistant_fraction=0.1530
day=1919 susceptible=1133 carriers=0067 avg_resistant_fraction=0.1473
day=1920 susceptible=1136 carriers=0064 avg_resistant_fraction=0.1420
day=1921 susceptible=1138 carriers=0062 avg_resistant_fraction=0.1039
day=1922 susceptible=1141 carriers=0059 avg_resistant_fraction=0.1094
day=1923 susceptible=1144 carriers=0056 avg_resistant_fraction=0.1323
day=1924 susceptible=1144 carriers=0056 avg_resistant_fraction=0.1487
day=1925 susceptible=1142 carriers=0058 avg_resistant_fraction=0.2006
day=1926 susceptible=1133 carriers=0067 avg_resistant_fraction=0.2122
day=1927 susceptible=1132 carriers=0068 avg_resistant_fraction=0.2059
day=1928 susceptible=1130 carriers=0070 avg_resistant_fraction=0.1977
day=1929 susceptible=1132 carriers=0068 avg_resistant_fraction=0.1889
day=1930 susceptible=1135 carriers=0065 avg_resistant_fraction=0.2065
day=1931 susceptible=1135 carriers=0065 avg_resistant_fraction=0.2153
day=1932 susceptible=1133 carriers=0067 avg_resistant_fraction=0.2393
day=1933 susceptible=1136 carriers=0064 avg_resistant_fraction=0.1882
day=1934 susceptible=1135 carriers=0065 avg_resistant_fraction=0.1775
day=1935 susceptible=1136 carriers=0064 avg_resistant_fraction=0.1482
day=1936 susceptible=1137 carriers=0063 avg_resistant_fraction=0.1873
day=1937 susceptible=1139 carriers=0061 avg_resistant_fraction=0.1823
day=1938 susceptible=1139 carriers=0061 avg_resistant_fraction=0.1541
day=1939 susceptible=1139 carriers=0061 avg_resistant_fraction=0.1318
day=1940 susceptible=1138 carriers=0062 avg_resistant_fraction=0.1147
day=1941 susceptible=1137 carriers=0063 avg_resistant_fraction=0.1415
day=1942 susceptible=1137 carriers=0063 avg_resistant_fraction=0.1424
day=1943 susceptible=1134 carriers=0066 avg_resistant_fraction=0.1080
day=1944 susceptible=1135 carriers=0065 avg_resistant_fraction=0.1038
day=1945 susceptible=1132 carriers=0068 avg_resistant_fraction=0.1179
day=1946 susceptible=1130 carriers=0070 avg_resistant_fraction=0.1357
day=1947 susceptible=1134 carriers=0066 avg_resistant_fraction=0.1718
day=1948 susceptible=1134 carriers=0066 avg_resistant_fraction=0.1774
day=1949 susceptible=1132 carriers=0068 avg_resistant_fraction=0.2431
day=1950 susceptible=1130 carriers=0070 avg_resistant_fraction=0.1874
day=1951 susceptible=1126 carriers=0074 avg_resistant_fraction=0.2389
day=1952 susceptible=1124 carriers=0076 avg_resistant_fraction=0.1881
day=1953 susceptible=1123 carriers=0077 avg_resistant_fraction=0.2110
day=1954 susceptible=1122 carriers=0078 avg_resistant_fraction=0.2423
day=1955 susceptible=1120 carriers=0080 avg_resistant_fraction=0.2163
day=1956 susceptible=1118 carriers=0082 avg_resistant_fraction=0.2201
day=1957 susceptible=1120 carriers=0080 avg_resistant_fraction=0.2464
day=1958 susceptible=1122 carriers=0078 avg_resistant_fraction=0.2300
day=1959 susceptible=1125 carriers=0075 avg_resistant_fraction=0.2297
day=1960 susceptible=1125 carriers=0075 avg_resistant_fraction=0.1959
day=1961 susceptible=1123 carriers=0077 avg_resistant_fraction=0.1958
day=1962 susceptible=1124 carriers=0076 avg_resistant_fraction=0.1538
day=1963 susceptible=1125 carriers=0075 avg_resistant_fraction=0.1787
day=1964 susceptible=1124 carriers=0076 avg_resistant_fraction=0.1895
day=1965 susceptible=1121 carriers=0079 avg_resistant_fraction=0.1918
day=1966 susceptible=1124 carriers=0076 avg_resistant_fraction=0.1188
day=1967 susceptible=1125 carriers=0075 avg_resistant_fraction=0.1427
day=1968 susceptible=1127 carriers=0073 avg_resistant_fraction=0.1502
day=1969 susceptible=1132 carriers=0068 avg_resistant_fraction=0.1108
day=1970 susceptible=1133 carriers=0067 avg_resistant_fraction=0.1781
day=1971 susceptible=1132 carriers=0068 avg_resistant_fraction=0.1724
day=1972 susceptible=1133 carriers=0067 avg_resistant_fraction=0.1482
day=1973 susceptible=1131 carriers=0069 avg_resistant_fraction=0.1156
day=1974 susceptible=1136 carriers=0064 avg_resistant_fraction=0.1095
day=1975 susceptible=1135 carriers=0065 avg_resistant_fraction=0.1091
day=1976 susceptible=1138 carriers=0062 avg_resistant_fraction=0.1093
day=1977 susceptible=1141 carriers=0059 avg_resistant_fraction=0.1029
day=1978 susceptible=1143 carriers=0057 avg_resistant_fraction=0.1518
day=1979 susceptible=1140 carriers=0060 avg_resistant_fraction=0.2170
day=1980 susceptible=1143 carriers=0057 avg_resistant_fraction=0.1184
day=1981 susceptible=1146 carriers=0054 avg_resistant_fraction=0.0843
day=1982 susceptible=1147 carriers=0053 avg_resistant_fraction=0.1451
day=1983 susceptible=1150 carriers=0050 avg_resistant_fraction=0.0903
day=1984 susceptible=1152 carriers=0048 avg_resistant_fraction=0.1352
day=1985 susceptible=1152 carriers=0048 avg_resistant_fraction=0.1381
day=1986 susceptible=1150 carriers=0050 avg_resistant_fraction=0.1125
day=1987 susceptible=1148 carriers=0052 avg_resistant_fraction=0.1561
day=1988 susceptible=1143 carriers=0057 avg_resistant_fraction=0.1661
day=1989 susceptible=1148 carriers=0052 avg_resistant_fraction=0.0985
day=1990 susceptible=1148 carriers=0052 avg_resistant_fraction=0.1330
day=1991 susceptible=1146 carriers=0054 avg_resistant_fraction=0.1053
day=1992 susceptible=1150 carriers=0050 avg_resistant_fraction=0.0861
day=1993 susceptible=1149 carriers=0051 avg_resistant_fraction=0.1249
day=1994 susceptible=1151 carriers=0049 avg_resistant_fraction=0.1315
day=1995 susceptible=1143 carriers=0057 avg_resistant_fraction=0.2285
day=1996 susceptible=1136 carriers=0064 avg_resistant_fraction=0.1723
day=1997 susceptible=1137 carriers=0063 avg_resistant_fraction=0.1528
day=1998 susceptible=1131 carriers=0069 avg_resistant_fraction=0.1518
day=1999 susceptible=1129 carriers=0071 avg_resistant_fraction=0.1643
day=2000 susceptible=1128 carriers=0072 avg_resistant_fraction=0.1670
day=2001 susceptible=1131 carriers=0069 avg_resistant_fraction=0.1609
day=2002 susceptible=1124 carriers=0076 avg_resistant_fraction=0.1884
day=2003 susceptible=1126 carriers=0074 avg_resistant_fraction=0.1339
day=2004 susceptible=1128 carriers=0072 avg_resistant_fraction=0.1128
day=2005 susceptible=1129 carriers=0071 avg_resistant_fraction=0.1450
day=2006 susceptible=1126 carriers=0074 avg_resistant_fraction=0.1649
day=2007 susceptible=1125 carriers=0075 avg_resistant_fraction=0.1390
day=2008 susceptible=1126 carriers=0074 avg_resistant_fraction=0.1191
day=2009 susceptible=1128 carriers=0072 avg_resistant_fraction=0.1093
day=2010 susceptible=1129 carriers=0071 avg_resistant_fraction=0.1098
day=2011 susceptible=1129 carriers=0071 avg_resistant_fraction=0.1426
day=2012 susceptible=1131 carriers=0069 avg_resistant_fraction=0.1413
day=2013 susceptible=1130 carriers=0070 avg_resistant_fraction=0.1766
day=2014 susceptible=1129 carriers=0071 avg_resistant_fraction=0.2564
day=2015 susceptible=1131 carriers=0069 avg_resistant_fraction=0.2154
day=2016 susceptible=1132 carriers=0068 avg_resistant_fraction=0.2065
day=2017 susceptible=1132 carriers=0068 avg_resistant_fraction=0.2007
day=2018 susceptible=1130 carriers=0070 avg_resistant_fraction=0.2113
day=2019 susceptible=1130 carriers=0070 avg_resistant_fraction=0.2258
day=2020 susceptible=1131 carriers=0069 avg_resistant_fraction=0.2241
day=2021 susceptible=1134 carriers=0066 avg_resistant_fraction=0.2369
day=2022 susceptible=1137 carriers=0063 avg_resistant_fraction=0.2336
day=2023 susceptible=1142 carriers=0058 avg_resistant_fraction=0.1817
day=2024 susceptible=1140 carriers=0060 avg_resistant_fraction=0.2161
day=2025 susceptible=1141 carriers=0059 avg_resistant_fraction=0.2093
day=2026 susceptible=1138 carriers=0062 avg_resistant_fraction=0.2382
day=2027 susceptible=1140 carriers=0060 avg_resistant_fraction=0.1641
day=2028 susceptible=1135 carriers=0065 avg_resistant_fraction=0.2465
day=2029 susceptible=1131 carriers=0069 avg_resistant_fraction=0.1910
day=2030 susceptible=1130 carriers=0070 avg_resistant_fraction=0.2029
day=2031 susceptible=1133 carriers=0067 avg_resistant_fraction=0.2022
day=2032 susceptible=1137 carriers=0063 avg_resistant_fraction=0.1796
day=2033 susceptible=1134 carriers=0066 avg_resistant_fraction=0.2047
day=2034 susceptible=1132 carriers=0068 avg_resistant_fraction=0.1781
day=2035 susceptible=1126 carriers=0074 avg_resistant_fraction=0.1925
day=2036 susceptible=1129 carriers=0071 avg_resistant_fraction=0.1756
day=2037 susceptible=1121 carriers=0079 avg_resistant_fraction=0.2163
day=2038 susceptible=1119 carriers=0081 avg_resistant_fraction=0.1993
day=2039 susceptible=1120 carriers=0080 avg_resistant_fraction=0.1797
day=2040 susceptible=1121 carriers=0079 avg_resistant_fraction=0.1834
day=2041 susceptible=1122 carriers=0078 avg_resistant_fraction=0.2078
day=2042 susceptible=1116 carriers=0084 avg_resistant_fraction=0.2484
day=2043 susceptible=1115 carriers=0085 avg_resistant_fraction=0.2070
day=2044 susceptible=1120 carriers=0080 avg_resistant_fraction=0.1644
day=2045 susceptible=1117 carriers=0083 avg_resistant_fraction=0.2006
day=2046 susceptible=1118 carriers=0082 avg_resistant_fraction=0.1740
day=2047 susceptible=1120 carriers=0080 avg_resistant_fraction=0.1983
day=2048 susceptible=1122 carriers=0078 avg_resistant_fraction=0.1841
day=2049 susceptible=1117 carriers=0083 avg_resistant_fraction=0.1968
day=2050 susceptible=1116 carriers=0084 avg_resistant_fraction=0.1657
day=2051 susceptible=1119 carriers=0081 avg_resistant_fraction=0.1520
day=2052 susceptible=1126 carriers=0074 avg_resistant_fraction=0.1423
day=2053 susceptible=1131 carriers=0069 avg_resistant_fraction=0.1580
day=2054 susceptible=1130 carriers=0070 avg_resistant_fraction=0.1459
day=2055 susceptible=1128 carriers=0072 avg_resistant_fraction=0.1612
day=2056 susceptible=1131 carriers=0069 avg_resistant_fraction=0.1162
day=2057 susceptible=1131 carriers=0069 avg_resistant_fraction=0.1503
day=2058 susceptible=1137 carriers=0063 avg_resistant_fraction=0.1372
day=2059 susceptible=1140 carriers=0060 avg_resistant_fraction=0.1578
day=2060 susceptible=1142 carriers=0058 avg_resistant_fraction=0.1539
day=2061 susceptible=1140 carriers=0060 avg_resistant_fraction=0.1798
day=2062 susceptible=1144 carriers=0056 avg_resistant_fraction=0.1541
day=2063 susceptible=1146 carriers=0054 avg_resistant_fraction=0.1413
day=2064 susceptible=1148 carriers=0052 avg_resistant_fraction=0.1414
day=2065 susceptible=1143 carriers=0057 avg_resistant_fraction=0.1619
day=2066 susceptible=1143 carriers=0057 avg_resistant_fraction=0.1051
day=2067 susceptible=1139 carriers=0061 avg_resistant_fraction=0.1347
day=2068 susceptible=1141 carriers=0059 avg_resistant_fraction=0.1799
day=2069 susceptible=1141 carriers=0059 avg_resistant_fraction=0.1406
day=2070 susceptible=1140 carriers=0060 avg_resistant_fraction=0.1932
day=2071 susceptible=1141 carriers=0059 avg_resistant_fraction=0.1321
day=2072 susceptible=1142 carriers=0058 avg_resistant_fraction=0.0958
day=2073 susceptible=1143 carriers=0057 avg_resistant_fraction=0.1325
day=2074 susceptible=1141 carriers=0059 avg_resistant_fraction=0.1149
day=2075 susceptible=1134 carriers=0066 avg_resistant_fraction=0.1939
day=2076 susceptible=1134 carriers=0066 avg_resistant_fraction=0.1413
day=2077 susceptible=1133 carriers=0067 avg_resistant_fraction=0.1442
day=2078 susceptible=1134 carriers=0066 avg_resistant_fraction=0.1018
day=2079 susceptible=1136 carriers=0064 avg_resistant_fraction=0.1070
day=2080 susceptible=1136 carriers=0064 avg_resistant_fraction=0.0976
day=2081 susceptible=1138 carriers=0062 avg_resistant_fraction=0.1300
day=2082 susceptible=1137 carriers=0063 avg_resistant_fraction=0.1443
day=2083 susceptible=1137 carriers=0063 avg_resistant_fraction=0.1648
day=2084 susceptible=1136 carriers=0064 avg_resistant_fraction=0.1495
day=2085 susceptible=1136 carriers=0064 avg_resistant_fraction=0.1970
day=2086 susceptible=1139 carriers=0061 avg_resistant_fraction=0.1935
day=2087 susceptible=1137 carriers=0063 avg_resistant_fraction=0.2099
day=2088 susceptible=1139 carriers=0061 avg_resistant_fraction=0.2159
day=2089 susceptible=1142 carriers=0058 avg_resistant_fraction=0.2220
day=2090 susceptible=1140 carriers=0060 avg_resistant_fraction=0.1912
day=2091 susceptible=1141 carriers=0059 avg_resistant_fraction=0.1757
day=2092 susceptible=1140 carriers=0060 avg_resistant_fraction=0.1895
day=2093 susceptible=1137 carriers=0063 avg_resistant_fraction=0.1706
day=2094 susceptible=1138 carriers=0062 avg_resistant_fraction=0.1565
day=2095 susceptible=1139 carriers=0061 avg_resistant_fraction=0.1234
day=2096 susceptible=1140 carriers=0060 avg_resistant_fraction=0.1509
day=2097 susceptible=1143 carriers=0057 avg_resistant_fraction=0.1395
day=2098 susceptible=1141 carriers=0059 avg_resistant_fraction=0.1409
day=2099 susceptible=1137 carriers=0063 avg_resistant_fraction=0.2341
day=2100 susceptible=1132 carriers=0068 avg_resistant_fraction=0.1767
day=2101 susceptible=1133 carriers=0067 avg_resistant_fraction=0.1706
day=2102 susceptible=1134 carriers=0066 avg_resistant_fraction=0.1424
day=2103 susceptible=1136 carriers=0064 avg_resistant_fraction=0.1306
day=2104 susceptible=1139 carriers=0061 avg_resistant_fraction=0.1786
day=2105 susceptible=1142 carriers=0058 avg_resistant_fraction=0.1883
day=2106 susceptible=1143 carriers=0057 avg_resistant_fraction=0.2174
day=2107 susceptible=1144 carriers=0056 avg_resistant_fraction=0.1955
day=2108 susceptible=1144 carriers=0056 avg_resistant_fraction=0.2367
day=2109 susceptible=1143 carriers=0057 avg_resistant_fraction=0.2018
day=2110 susceptible=1142 carriers=0058 avg_resistant_fraction=0.1769
day=2111 susceptible=1143 carriers=0057 avg_resistant_fraction=0.2071
day=2112 susceptible=1140 carriers=0060 avg_resistant_fraction=0.2541
day=2113 susceptible=1139 carriers=0061 avg_resistant_fraction=0.2872
day=2114 susceptible=1137 carriers=0063 avg_resistant_fraction=0.2512
day=2115 susceptible=1138 carriers=0062 avg_resistant_fraction=0.3118
day=2116 susceptible=1138 carriers=0062 avg_resistant_fraction=0.3020
day=2117 susceptible=1136 carriers=0064 avg_resistant_fraction=0.3154
day=2118 susceptible=1131 carriers=0069 avg_resistant_fraction=0.3287
day=2119 susceptible=1136 carriers=0064 avg_resistant_fraction=0.2735
day=2120 susceptible=1133 carriers=0067 avg_resistant_fraction=0.2940
day=2121 susceptible=1131 carriers=0069 avg_resistant_fraction=0.2420
day=2122 susceptible=1129 carriers=0071 avg_resistant_fraction=0.2758
day=2123 susceptible=1134 carriers=0066 avg_resistant_fraction=0.2204
day=2124 susceptible=1137 carriers=0063 avg_resistant_fraction=0.2076
day=2125 susceptible=1137 carriers=0063 avg_resistant_fraction=0.2369
day=2126 susceptible=1139 carriers=0061 avg_resistant_fraction=0.2656
day=2127 susceptible=1137 carriers=0063 avg_resistant_fraction=0.2655
day=2128 susceptible=1139 carriers=0061 avg_resistant_fraction=0.2251
day=2129 susceptible=1139 carriers=0061 avg_resistant_fraction=0.1992
day=2130 susceptible=1142 carriers=0058 avg_resistant_fraction=0.2157
day=2131 susceptible=1144 carriers=0056 avg_resistant_fraction=0.2424
day=2132 susceptible=1142 carriers=0058 avg_resistant_fraction=0.2061
day=2133 susceptible=1145 carriers=0055 avg_resistant_fraction=0.1949
day=2134 susceptible=1141 carriers=0059 avg_resistant_fraction=0.2520
day=2135 susceptible=1146 carriers=0054 avg_resistant_fraction=0.1972
day=2136 susceptible=1146 carriers=0054 avg_resistant_fraction=0.1819
day=2137 susceptible=1144 carriers=0056 avg_resistant_fraction=0.1973
day=2138 susceptible=1143 carriers=0057 avg_resistant_fraction=0.1787
day=2139 susceptible=1140 carriers=0060 avg_resistant_fraction=0.2120
day=2140 susceptible=1140 carriers=0060 avg_resistant_fraction=0.1339
day=2141 susceptible=1134 carriers=0066 avg_resistant_fraction=0.1951
day=2142 susceptible=1134 carriers=0066 avg_resistant_fraction=0.1741
day=2143 susceptible=1131 carriers=0069 avg_resistant_fraction=0.1817
day=2144 susceptible=1136 carriers=0064 avg_resistant_fraction=0.1768
day=2145 susceptible=1135 carriers=0065 avg_resistant_fraction=0.1839
day=2146 susceptible=1138 carriers=0062 avg_resistant_fraction=0.1792
day=2147 susceptible=1140 carriers=0060 avg_resistant_fraction=0.1506
day=2148 susceptible=1137 carriers=0063 avg_resistant_fraction=0.2076
day=2149 susceptible=1134 carriers=0066 avg_resistant_fraction=0.2172
day=2150 susceptible=1132 carriers=0068 avg_resistant_fraction=0.1767
day=2151 susceptible=1138 carriers=0062 avg_resistant_fraction=0.1839
day=2152 susceptible=1139 carriers=0061 avg_resistant_fraction=0.1754
day=2153 susceptible=1135 carriers=0065 avg_resistant_fraction=0.1563
day=2154 susceptible=1131 carriers=0069 avg_resistant_fraction=0.1772
day=2155 susceptible=1127 carriers=0073 avg_resistant_fraction=0.1255
day=2156 susceptible=1127 carriers=0073 avg_resistant_fraction=0.1313
day=2157 susceptible=1129 carriers=0071 avg_resistant_fraction=0.1472
day=2158 susceptible=1129 carriers=0071 avg_resistant_fraction=0.1407
day=2159 susceptible=1128 carriers=0072 avg_resistant_fraction=0.1693
day=2160 susceptible=1130 carriers=0070 avg_resistant_fraction=0.2022
day=2161 susceptible=1126 carriers=0074 avg_resistant_fraction=0.1918
day=2162 susceptible=1123 carriers=0077 avg_resistant_fraction=0.1933
day=2163 susceptible=1131 carriers=0069 avg_resistant_fraction=0.1414
day=2164 susceptible=1128 carriers=0072 avg_resistant_fraction=0.1770
day=2165 susceptible=1130 carriers=0070 avg_resistant_fraction=0.1446
day=2166 susceptible=1133 carriers=0067 avg_resistant_fraction=0.1355
day=2167 susceptible=1132 carriers=0068 avg_resistant_fraction=0.1498
day=2168 susceptible=1135 carriers=0065 avg_resistant_fraction=0.1007
day=2169 susceptible=1138 carriers=0062 avg_resistant_fraction=0.1253
day=2170 susceptible=1140 carriers=0060 avg_resistant_fraction=0.1426
day=2171 susceptible=1142 carriers=0058 avg_resistant_fraction=0.0863
day=2172 susceptible=1140 carriers=0060 avg_resistant_fraction=0.1067
day=2173 susceptible=1136 carriers=0064 avg_resistant_fraction=0.1369
day=2174 susceptible=1140 carriers=0060 avg_resistant_fraction=0.0780
day=2175 susceptible=1149 carriers=0051 avg_resistant_fraction=0.0874
day=2176 susceptible=1148 carriers=0052 avg_resistant_fraction=0.1452
day=2177 susceptible=1148 carriers=0052 avg_resistant_fraction=0.1201
day=2178 susceptible=1148 carriers=0052 avg_resistant_fraction=0.1562
day=2179 susceptible=1145 carriers=0055 avg_resistant_fraction=0.2378
day=2180 susceptible=1140 carriers=0060 avg_resistant_fraction=0.2486
day=2181 susceptible=1142 carriers=0058 avg_resistant_fraction=0.1814
day=2182 susceptible=1142 carriers=0058 avg_resistant_fraction=0.2381
day=2183 susceptible=1141 carriers=0059 avg_resistant_fraction=0.2226
day=2184 susceptible=1138 carriers=0062 avg_resistant_fraction=0.2361
day=2185 susceptible=1136 carriers=0064 avg_resistant_fraction=0.2319
day=2186 susceptible=1140 carriers=0060 avg_resistant_fraction=0.1424
day=2187 susceptible=1145 carriers=0055 avg_resistant_fraction=0.1329
day=2188 susceptible=1146 carriers=0054 avg_resistant_fraction=0.1794
day=2189 susceptible=1143 carriers=0057 avg_resistant_fraction=0.1742
day=2190 susceptible=1143 carriers=0057 avg_resistant_fraction=0.2168
day=2191 susceptible=1146 carriers=0054 avg_resistant_fraction=0.1535
day=2192 susceptible=1151 carriers=0049 avg_resistant_fraction=0.1239
day=2193 susceptible=1148 carriers=0052 avg_resistant_fraction=0.1784
day=2194 susceptible=1146 carriers=0054 avg_resistant_fraction=0.1649
day=2195 susceptible=1147 carriers=0053 avg_resistant_fraction=0.1876
day=2196 susceptible=1145 carriers=0055 avg_resistant_fraction=0.2376
day=2197 susceptible=1150 carriers=0050 avg_resistant_fraction=0.2055
day=2198 susceptible=1152 carriers=0048 avg_resistant_fraction=0.1965
day=2199 susceptible=1149 carriers=0051 avg_resistant_fraction=0.2319
day=2200 susceptible=1149 carriers=0051 avg_resistant_fraction=0.2671
day=2201 susceptible=1152 carriers=0048 avg_resistant_fraction=0.1608
day=2202 susceptible=1153 carriers=0047 avg_resistant_fraction=0.2106
day=2203 susceptible=1149 carriers=0051 avg_resistant_fraction=0.2582
day=2204 susceptible=1147 carriers=0053 avg_resistant_fraction=0.2039
day=2205 susceptible=1145 carriers=0055 avg_resistant_fraction=0.1865
day=2206 susceptible=1141 carriers=0059 avg_resistant_fraction=0.2859
day=2207 susceptible=1144 carriers=0056 avg_resistant_fraction=0.2097
day=2208 susceptible=1138 carriers=0062 avg_resistant_fraction=0.2107
day=2209 susceptible=1139 carriers=0061 avg_resistant_fraction=0.1551
day=2210 susceptible=1136 carriers=0064 avg_resistant_fraction=0.1522
day=2211 susceptible=1130 carriers=0070 avg_resistant_fraction=0.1670
day=2212 susceptible=1129 carriers=0071 avg_resistant_fraction=0.1203
day=2213 susceptible=1130 carriers=0070 avg_resistant_fraction=0.1049
day=2214 susceptible=1130 carriers=0070 avg_resistant_fraction=0.1079
day=2215 susceptible=1125 carriers=0075 avg_resistant_fraction=0.1253
day=2216 susceptible=1128 carriers=0072 avg_resistant_fraction=0.1101
day=2217 susceptible=1131 carriers=0069 avg_resistant_fraction=0.1163
day=2218 susceptible=1135 carriers=0065 avg_resistant_fraction=0.1177
day=2219 susceptible=1132 carriers=0068 avg_resistant_fraction=0.1762
day=2220 susceptible=1126 carriers=0074 avg_resistant_fraction=0.1797
day=2221 susceptible=1126 carriers=0074 avg_resistant_fraction=0.1004
day=2222 susceptible=1127 carriers=0073 avg_resistant_fraction=0.1332
day=2223 susceptible=1126 carriers=0074 avg_resistant_fraction=0.1308
day=2224 susceptible=1132 carriers=0068 avg_resistant_fraction=0.1631
day=2225 susceptible=1134 carriers=0066 avg_resistant_fraction=0.1908
day=2226 susceptible=1136 carriers=0064 avg_resistant_fraction=0.2128
day=2227 susceptible=1133 carriers=0067 avg_resistant_fraction=0.1875
day=2228 susceptible=1135 carriers=0065 avg_resistant_fraction=0.1986
day=2229 susceptible=1135 carriers=0065 avg_resistant_fraction=0.1667
day=2230 susceptible=1133 carriers=0067 avg_resistant_fraction=0.2033
day=2231 susceptible=1137 carriers=0063 avg_resistant_fraction=0.1696
day=2232 susceptible=1136 carriers=0064 avg_resistant_fraction=0.1916
day=2233 susceptible=1135 carriers=0065 avg_resistant_fraction=0.2071
day=2234 susceptible=1134 carriers=0066 avg_resistant_fraction=0.2445
day=2235 susceptible=1138 carriers=0062 avg_resistant_fraction=0.1457
day=2236 susceptible=1136 carriers=0064 avg_resistant_fraction=0.1993
day=2237 susceptible=1136 carriers=0064 avg_resistant_fraction=0.2156
day=2238 susceptible=1137 carriers=0063 avg_resistant_fraction=0.2162
day=2239 susceptible=1135 carriers=0065 avg_resistant_fraction=0.2154
day=2240 susceptible=1134 carriers=0066 avg_resistant_fraction=0.1997
day=2241 susceptible=1141 carriers=0059 avg_resistant_fraction=0.1837
day=2242 susceptible=1137 carriers=0063 avg_resistant_fraction=0.2544
day=2243 susceptible=1144 carriers=0056 avg_resistant_fraction=0.1667
day=2244 susceptible=1141 carriers=0059 avg_resistant_fraction=0.1988
day=2245 susceptible=1137 carriers=0063 avg_resistant_fraction=0.2111
day=2246 susceptible=1134 carriers=0066 avg_resistant_fraction=0.2074
day=2247 susceptible=1138 carriers=0062 avg_resistant_fraction=0.1425
day=2248 susceptible=1140 carriers=0060 avg_resistant_fraction=0.1613
day=2249 susceptible=1142 carriers=0058 avg_resistant_fraction=0.1440
day=2250 susceptible=1138 carriers=0062 avg_resistant_fraction=0.1772
day=2251 susceptible=1138 carriers=0062 avg_resistant_fraction=0.1753
day=2252 susceptible=1136 carriers=0064 avg_resistant_fraction=0.1476
day=2253 susceptible=1138 carriers=0062 avg_resistant_fraction=0.1383
day=2254 susceptible=1135 carriers=0065 avg_resistant_fraction=0.1533
day=2255 susceptible=1134 carriers=0066 avg_resistant_fraction=0.1000
day=2256 susceptible=1138 carriers=0062 avg_resistant_fraction=0.0721
day=2257 susceptible=1138 carriers=0062 avg_resistant_fraction=0.0969
day=2258 susceptible=1141 carriers=0059 avg_resistant_fraction=0.0888
day=2259 susceptible=1139 carriers=0061 avg_resistant_fraction=0.0955
day=2260 susceptible=1140 carriers=0060 avg_resistant_fraction=0.1108
day=2261 susceptible=1139 carriers=0061 avg_resistant_fraction=0.0928
day=2262 susceptible=1138 carriers=0062 avg_resistant_fraction=0.1369
day=2263 susceptible=1136 carriers=0064 avg_resistant_fraction=0.1385
day=2264 susceptible=1133 carriers=0067 avg_resistant_fraction=0.1981
day=2265 susceptible=1133 carriers=0067 avg_resistant_fraction=0.1085
day=2266 susceptible=1133 carriers=0067 avg_resistant_fraction=0.1089
day=2267 susceptible=1130 carriers=0070 avg_resistant_fraction=0.1238
day=2268 susceptible=1130 carriers=0070 avg_resistant_fraction=0.1200
day=2269 susceptible=1129 carriers=0071 avg_resistant_fraction=0.1318
day=2270 susceptible=1127 carriers=0073 avg_resistant_fraction=0.1609
day=2271 susceptible=1134 carriers=0066 avg_resistant_fraction=0.1253
day=2272 susceptible=1132 carriers=0068 avg_resistant_fraction=0.1639
day=2273 susceptible=1131 carriers=0069 avg_resistant_fraction=0.1696
day=2274 susceptible=1130 carriers=0070 avg_resistant_fraction=0.1789
day=2275 susceptible=1129 carriers=0071 avg_resistant_fraction=0.1773
day=2276 susceptible=1129 carriers=0071 avg_resistant_fraction=0.1589
day=2277 susceptible=1132 carriers=0068 avg_resistant_fraction=0.1961
day=2278 susceptible=1136 carriers=0064 avg_resistant_fraction=0.2153
day=2279 susceptible=1135 carriers=0065 avg_resistant_fraction=0.2029
day=2280 susceptible=1133 carriers=0067 avg_resistant_fraction=0.1578
day=2281 susceptible=1137 carriers=0063 avg_resistant_fraction=0.1247
day=2282 susceptible=1136 carriers=0064 avg_resistant_fraction=0.1388
day=2283 susceptible=1135 carriers=0065 avg_resistant_fraction=0.1959
day=2284 susceptible=1136 carriers=0064 avg_resistant_fraction=0.1081
day=2285 susceptible=1132 carriers=0068 avg_resistant_fraction=0.1230
day=2286 susceptible=1132 carriers=0068 avg_resistant_fraction=0.1217
day=2287 susceptible=1129 carriers=0071 avg_resistant_fraction=0.1708
day=2288 susceptible=1134 carriers=0066 avg_resistant_fraction=0.1348
day=2289 susceptible=1132 carriers=0068 avg_resistant_fraction=0.1450
day=2290 susceptible=1130 carriers=0070 avg_resistant_fraction=0.1450
day=2291 susceptible=1136 carriers=0064 avg_resistant_fraction=0.1345
day=2292 susceptible=1138 carriers=0062 avg_resistant_fraction=0.1085
day=2293 susceptible=1137 carriers=0063 avg_resistant_fraction=0.1409
day=2294 susceptible=1137 carriers=0063 avg_resistant_fraction=0.1080
day=2295 susceptible=1140 carriers=0060 avg_resistant_fraction=0.1604
day=2296 susceptible=1141 carriers=0059 avg_resistant_fraction=0.0926
day=2297 susceptible=1143 carriers=0057 avg_resistant_fraction=0.1180
day=2298 susceptible=1146 carriers=0054 avg_resistant_fraction=0.1339
day=2299 susceptible=1145 carriers=0055 avg_resistant_fraction=0.1964
day=2300 susceptible=1149 carriers=0051 avg_resistant_fraction=0.1217
day=2301 susceptible=1149 carriers=0051 avg_resistant_fraction=0.1916
day=2302 susceptible=1148 carriers=0052 avg_resistant_fraction=0.2183
day=2303 susceptible=1151 carriers=0049 avg_resistant_fraction=0.1932
day=2304 susceptible=1151 carriers=0049 avg_resistant_fraction=0.2647
day=2305 susceptible=1153 carriers=0047 avg_resistant_fraction=0.2405
day=2306 susceptible=1152 carriers=0048 avg_resistant_fraction=0.2727
day=2307 susceptible=1155 carriers=0045 avg_resistant_fraction=0.1666
day=2308 susceptible=1153 carriers=0047 avg_resistant_fraction=0.1966
day=2309 susceptible=1155 carriers=0045 avg_resistant_fraction=0.1287
day=2310 susceptible=1155 carriers=0045 avg_resistant_fraction=0.1573
day=2311 susceptible=1152 carriers=0048 avg_resistant_fraction=0.2035
day=2312 susceptible=1144 carriers=0056 avg_resistant_fraction=0.2020
day=2313 susceptible=1143 carriers=0057 avg_resistant_fraction=0.1059
day=2314 susceptible=1138 carriers=0062 avg_resistant_fraction=0.1135
day=2315 susceptible=1144 carriers=0056 avg_resistant_fraction=0.0768
day=2316 susceptible=1144 carriers=0056 avg_resistant_fraction=0.0841
day=2317 susceptible=1140 carriers=0060 avg_resistant_fraction=0.1169
day=2318 susceptible=1143 carriers=0057 avg_resistant_fraction=0.0860
day=2319 susceptible=1138 carriers=0062 avg_resistant_fraction=0.1426
day=2320 susceptible=1138 carriers=0062 avg_resistant_fraction=0.1441
day=2321 susceptible=1140 carriers=0060 avg_resistant_fraction=0.1203
day=2322 susceptible=1138 carriers=0062 avg_resistant_fraction=0.1590
day=2323 susceptible=1136 carriers=0064 avg_resistant_fraction=0.2257
day=2324 susceptible=1134 carriers=0066 avg_resistant_fraction=0.1688
day=2325 susceptible=1134 carriers=0066 avg_resistant_fraction=0.1624
day=2326 susceptible=1138 carriers=0062 avg_resistant_fraction=0.1297
day=2327 susceptible=1142 carriers=0058 avg_resistant_fraction=0.1758
day=2328 susceptible=1140 carriers=0060 avg_resistant_fraction=0.2325
day=2329 susceptible=1142 carriers=0058 avg_resistant_fraction=0.1881
day=2330 susceptible=1139 carriers=0061 avg_resistant_fraction=0.1794
day=2331 susceptible=1137 carriers=0063 avg_resistant_fraction=0.1669
day=2332 susceptible=1133 carriers=0067 avg_resistant_fraction=0.1461
day=2333 susceptible=1129 carriers=0071 avg_resistant_fraction=0.1715
day=2334 susceptible=1127 carriers=0073 avg_resistant_fraction=0.1119
day=2335 susceptible=1130 carriers=0070 avg_resistant_fraction=0.1135
day=2336 susceptible=1131 carriers=0069 avg_resistant_fraction=0.0986
day=2337 susceptible=1126 carriers=0074 avg_resistant_fraction=0.1596
day=2338 susceptible=1125 carriers=0075 avg_resistant_fraction=0.0825
day=2339 susceptible=1123 carriers=0077 avg_resistant_fraction=0.0964
day=2340 susceptible=1119 carriers=0081 avg_resistant_fraction=0.1338
day=2341 susceptible=1127 carriers=0073 avg_resistant_fraction=0.1036
day=2342 susceptible=1126 carriers=0074 avg_resistant_fraction=0.0831
day=2343 susceptible=1125 carriers=0075 avg_resistant_fraction=0.1226
day=2344 susceptible=1127 carriers=0073 avg_resistant_fraction=0.1146
day=2345 susceptible=1127 carriers=0073 avg_resistant_fraction=0.1037
day=2346 susceptible=1128 carriers=0072 avg_resistant_fraction=0.1676
day=2347 susceptible=1132 carriers=0068 avg_resistant_fraction=0.1078
day=2348 susceptible=1129 carriers=0071 avg_resistant_fraction=0.1258
day=2349 susceptible=1129 carriers=0071 avg_resistant_fraction=0.1381
day=2350 susceptible=1133 carriers=0067 avg_resistant_fraction=0.1151
day=2351 susceptible=1135 carriers=0065 avg_resistant_fraction=0.1345
day=2352 susceptible=1141 carriers=0059 avg_resistant_fraction=0.1420
day=2353 susceptible=1143 carriers=0057 avg_resistant_fraction=0.1983
day=2354 susceptible=1150 carriers=0050 avg_resistant_fraction=0.1221
day=2355 susceptible=1148 carriers=0052 avg_resistant_fraction=0.1618
day=2356 susceptible=1147 carriers=0053 avg_resistant_fraction=0.1773
day=2357 susceptible=1151 carriers=0049 avg_resistant_fraction=0.1271
day=2358 susceptible=1154 carriers=0046 avg_resistant_fraction=0.1766
day=2359 susceptible=1153 carriers=0047 avg_resistant_fraction=0.1980
day=2360 susceptible=1154 carriers=0046 avg_resistant_fraction=0.1945
day=2361 susceptible=1154 carriers=0046 avg_resistant_fraction=0.2311
day=2362 susceptible=1154 carriers=0046 avg_resistant_fraction=0.1579
day=2363 susceptible=1157 carriers=0043 avg_resistant_fraction=0.1429
day=2364 susceptible=1154 carriers=0046 avg_resistant_fraction=0.1785
day=2365 susceptible=1153 carriers=0047 avg_resistant_fraction=0.1977
day=2366 susceptible=1150 carriers=0050 avg_resistant_fraction=0.1558
day=2367 susceptible=1148 carriers=0052 avg_resistant_fraction=0.2085
day=2368 susceptible=1146 carriers=0054 avg_resistant_fraction=0.1688
day=2369 susceptible=1145 carriers=0055 avg_resistant_fraction=0.1923
day=2370 susceptible=1142 carriers=0058 avg_resistant_fraction=0.2151
day=2371 susceptible=1140 carriers=0060 avg_resistant_fraction=0.1931
day=2372 susceptible=1139 carriers=0061 avg_resistant_fraction=0.2100
day=2373 susceptible=1136 carriers=0064 avg_resistant_fraction=0.1960
day=2374 susceptible=1133 carriers=0067 avg_resistant_fraction=0.2256
day=2375 susceptible=1133 carriers=0067 avg_resistant_fraction=0.1728
day=2376 susceptible=1136 carriers=0064 avg_resistant_fraction=0.1562
day=2377 susceptible=1140 carriers=0060 avg_resistant_fraction=0.1057
day=2378 susceptible=1143 carriers=0057 avg_resistant_fraction=0.1182
day=2379 susceptible=1139 carriers=0061 avg_resistant_fraction=0.1707
day=2380 susceptible=1138 carriers=0062 avg_resistant_fraction=0.1185
day=2381 susceptible=1138 carriers=0062 avg_resistant_fraction=0.1252
day=2382 susceptible=1140 carriers=0060 avg_resistant_fraction=0.1374
day=2383 susceptible=1139 carriers=0061 avg_resistant_fraction=0.1873
day=2384 susceptible=1140 carriers=0060 avg_resistant_fraction=0.1509
day=2385 susceptible=1133 carriers=0067 avg_resistant_fraction=0.1662
day=2386 susceptible=1134 carriers=0066 avg_resistant_fraction=0.1146
day=2387 susceptible=1130 carriers=0070 avg_resistant_fraction=0.1466
day=2388 susceptible=1131 carriers=0069 avg_resistant_fraction=0.0591
day=2389 susceptible=1131 carriers=0069 avg_resistant_fraction=0.0572
day=2390 susceptible=1130 carriers=0070 avg_resistant_fraction=0.0857
day=2391 susceptible=1129 carriers=0071 avg_resistant_fraction=0.1237
day=2392 susceptible=1132 carriers=0068 avg_resistant_fraction=0.0688
day=2393 susceptible=1136 carriers=0064 avg_resistant_fraction=0.0763
day=2394 susceptible=1132 carriers=0068 avg_resistant_fraction=0.0920
day=2395 susceptible=1136 carriers=0064 avg_resistant_fraction=0.0569
day=2396 susceptible=1134 carriers=0066 avg_resistant_fraction=0.1619
day=2397 susceptible=1133 carriers=0067 avg_resistant_fraction=0.1054
day=2398 susceptible=1133 carriers=0067 avg_resistant_fraction=0.1207
day=2399 susceptible=1133 carriers=0067 avg_resistant_fraction=0.1120
day=2400 susceptible=1131 carriers=0069 avg_resistant_fraction=0.1290
day=2401 susceptible=1130 carriers=0070 avg_resistant_fraction=0.1752
day=2402 susceptible=1135 carriers=0065 avg_resistant_fraction=0.1595
day=2403 susceptible=1130 carriers=0070 avg_resistant_fraction=0.2131
day=2404 susceptible=1132 carriers=0068 avg_resistant_fraction=0.1705
day=2405 susceptible=1131 carriers=0069 avg_resistant_fraction=0.1768
day=2406 susceptible=1134 carriers=0066 avg_resistant_fraction=0.1777
day=2407 susceptible=1134 carriers=0066 avg_resistant_fraction=0.1526
day=2408 susceptible=1135 carriers=0065 avg_resistant_fraction=0.1642
day=2409 susceptible=1134 carriers=0066 avg_resistant_fraction=0.1778
day=2410 susceptible=1132 carriers=0068 avg_resistant_fraction=0.1860
day=2411 susceptible=1137 carriers=0063 avg_resistant_fraction=0.1878
day=2412 susceptible=1138 carriers=0062 avg_resistant_fraction=0.1777
day=2413 susceptible=1134 carriers=0066 avg_resistant_fraction=0.2118
day=2414 susceptible=1138 carriers=0062 avg_resistant_fraction=0.1331
day=2415 susceptible=1138 carriers=0062 avg_resistant_fraction=0.1404
day=2416 susceptible=1130 carriers=0070 avg_resistant_fraction=0.2110
day=2417 susceptible=1126 carriers=0074 avg_resistant_fraction=0.1884
day=2418 susceptible=1129 carriers=0071 avg_resistant_fraction=0.1545
day=2419 susceptible=1129 carriers=0071 avg_resistant_fraction=0.1611
day=2420 susceptible=1130 carriers=0070 avg_resistant_fraction=0.1668
day=2421 susceptible=1130 carriers=0070 avg_resistant_fraction=0.1262
day=2422 susceptible=1127 carriers=0073 avg_resistant_fraction=0.1635
day=2423 susceptible=1131 carriers=0069 avg_resistant_fraction=0.1389
day=2424 susceptible=1128 carriers=0072 avg_resistant_fraction=0.1716
day=2425 susceptible=1126 carriers=0074 avg_resistant_fraction=0.2090
day=2426 susceptible=1131 carriers=0069 avg_resistant_fraction=0.1741
day=2427 susceptible=1131 carriers=0069 avg_resistant_fraction=0.1997
day=2428 susceptible=1136 carriers=0064 avg_resistant_fraction=0.1746
day=2429 susceptible=1137 carriers=0063 avg_resistant_fraction=0.1549
day=2430 susceptible=1136 carriers=0064 avg_resistant_fraction=0.1418
day=2431 susceptible=1134 carriers=0066 avg_resistant_fraction=0.1122
day=2432 susceptible=1133 carriers=0067 avg_resistant_fraction=0.1303
day=2433 susceptible=1129 carriers=0071 avg_resistant_fraction=0.1200
day=2434 susceptible=1128 carriers=0072 avg_resistant_fraction=0.0820
day=2435 susceptible=1125 carriers=0075 avg_resistant_fraction=0.1324
day=2436 susceptible=1129 carriers=0071 avg_resistant_fraction=0.0897
day=2437 susceptible=1130 carriers=0070 avg_resistant_fraction=0.1350
day=2438 susceptible=1128 carriers=0072 avg_resistant_fraction=0.1436
day=2439 susceptible=1131 carriers=0069 avg_resistant_fraction=0.1153
day=2440 susceptible=1130 carriers=0070 avg_resistant_fraction=0.1161
day=2441 susceptible=1129 carriers=0071 avg_resistant_fraction=0.1659
day=2442 susceptible=1130 carriers=0070 avg_resistant_fraction=0.1694
day=2443 susceptible=1139 carriers=0061 avg_resistant_fraction=0.1534
day=2444 susceptible=1141 carriers=0059 avg_resistant_fraction=0.1353
day=2445 susceptible=1145 carriers=0055 avg_resistant_fraction=0.1455
day=2446 susceptible=1146 carriers=0054 avg_resistant_fraction=0.1243
day=2447 susceptible=1153 carriers=0047 avg_resistant_fraction=0.0891
day=2448 susceptible=1155 carriers=0045 avg_resistant_fraction=0.1102
day=2449 susceptible=1156 carriers=0044 avg_resistant_fraction=0.1086
day=2450 susceptible=1155 carriers=0045 avg_resistant_fraction=0.0942
day=2451 susceptible=1156 carriers=0044 avg_resistant_fraction=0.0793
day=2452 susceptible=1157 carriers=0043 avg_resistant_fraction=0.1004
day=2453 susceptible=1157 carriers=0043 avg_resistant_fraction=0.1014
day=2454 susceptible=1152 carriers=0048 avg_resistant_fraction=0.1603
day=2455 susceptible=1155 carriers=0045 avg_resistant_fraction=0.0905
day=2456 susceptible=1153 carriers=0047 avg_resistant_fraction=0.1676
day=2457 susceptible=1153 carriers=0047 avg_resistant_fraction=0.1312
day=2458 susceptible=1151 carriers=0049 avg_resistant_fraction=0.0987
day=2459 susceptible=1151 carriers=0049 avg_resistant_fraction=0.1383
day=2460 susceptible=1153 carriers=0047 avg_resistant_fraction=0.1093
day=2461 susceptible=1154 carriers=0046 avg_resistant_fraction=0.0404
day=2462 susceptible=1154 carriers=0046 avg_resistant_fraction=0.0862
day=2463 susceptible=1152 carriers=0048 avg_resistant_fraction=0.1082
day=2464 susceptible=1145 carriers=0055 avg_resistant_fraction=0.1332
day=2465 susceptible=1145 carriers=0055 avg_resistant_fraction=0.0868
day=2466 susceptible=1148 carriers=0052 avg_resistant_fraction=0.1324
day=2467 susceptible=1142 carriers=0058 avg_resistant_fraction=0.1958
day=2468 susceptible=1137 carriers=0063 avg_resistant_fraction=0.1429
day=2469 susceptible=1136 carriers=0064 avg_resistant_fraction=0.0953
day=2470 susceptible=1136 carriers=0064 avg_resistant_fraction=0.1204
day=2471 susceptible=1135 carriers=0065 avg_resistant_fraction=0.1365
day=2472 susceptible=1131 carriers=0069 avg_resistant_fraction=0.1686
day=2473 susceptible=1130 carriers=0070 avg_resistant_fraction=0.1653
day=2474 susceptible=1130 carriers=0070 avg_resistant_fraction=0.1275
day=2475 susceptible=1132 carriers=0068 avg_resistant_fraction=0.1442
day=2476 susceptible=1131 carriers=0069 avg_resistant_fraction=0.1751
day=2477 susceptible=1129 carriers=0071 avg_resistant_fraction=0.1534
day=2478 susceptible=1130 carriers=0070 avg_resistant_fraction=0.1599
day=2479 susceptible=1130 carriers=0070 avg_resistant_fraction=0.1792
day=2480 susceptible=1128 carriers=0072 avg_resistant_fraction=0.1624
day=2481 susceptible=1128 carriers=0072 avg_resistant_fraction=0.1961
day=2482 susceptible=1126 carriers=0074 avg_resistant_fraction=0.2057
day=2483 susceptible=1128 carriers=0072 avg_resistant_fraction=0.1543
day=2484 susceptible=1131 carriers=0069 avg_resistant_fraction=0.1839
day=2485 susceptible=1137 carriers=0063 avg_resistant_fraction=0.1977
day=2486 susceptible=1136 carriers=0064 avg_resistant_fraction=0.1669
day=2487 susceptible=1133 carriers=0067 avg_resistant_fraction=0.1515
day=2488 susceptible=1133 carriers=0067 avg_resistant_fraction=0.1592
day=2489 susceptible=1136 carriers=0064 avg_resistant_fraction=0.1662
day=2490 susceptible=1139 carriers=0061 avg_resistant_fraction=0.1327
day=2491 susceptible=1138 carriers=0062 avg_resistant_fraction=0.1558
day=2492 susceptible=1134 carriers=0066 avg_resistant_fraction=0.1750
day=2493 susceptible=1134 carriers=0066 avg_resistant_fraction=0.1673
day=2494 susceptible=1132 carriers=0068 avg_resistant_fraction=0.1534
day=2495 susceptible=1131 carriers=0069 avg_resistant_fraction=0.1745
day=2496 susceptible=1133 carriers=0067 avg_resistant_fraction=0.1505
day=2497 susceptible=1136 carriers=0064 avg_resistant_fraction=0.1680
day=2498 susceptible=1136 carriers=0064 avg_resistant_fraction=0.1908
day=2499 susceptible=1137 carriers=0063 avg_resistant_fraction=0.1498
day=2500 susceptible=1138 carriers=0062 avg_resistant_fraction=0.1378
day=2501 susceptible=1138 carriers=0062 avg_resistant_fraction=0.1210
day=2502 susceptible=1136 carriers=0064 avg_resistant_fraction=0.1958
day=2503 susceptible=1136 carriers=0064 avg_resistant_fraction=0.1896
day=2504 susceptible=1137 carriers=0063 avg_resistant_fraction=0.1343
day=2505 susceptible=1137 carriers=0063 avg_resistant_fraction=0.1738
day=2506 susceptible=1139 carriers=0061 avg_resistant_fraction=0.1450
day=2507 susceptible=1143 carriers=0057 avg_resistant_fraction=0.1300
day=2508 susceptible=1140 carriers=0060 avg_resistant_fraction=0.1308
day=2509 susceptible=1140 carriers=0060 avg_resistant_fraction=0.1557
day=2510 susceptible=1138 carriers=0062 avg_resistant_fraction=0.2018
day=2511 susceptible=1141 carriers=0059 avg_resistant_fraction=0.1920
day=2512 susceptible=1138 carriers=0062 avg_resistant_fraction=0.2139
day=2513 susceptible=1137 carriers=0063 avg_resistant_fraction=0.1888
day=2514 susceptible=1137 carriers=0063 avg_resistant_fraction=0.1907
day=2515 susceptible=1141 carriers=0059 avg_resistant_fraction=0.2183
day=2516 susceptible=1137 carriers=0063 avg_resistant_fraction=0.2209
day=2517 susceptible=1139 carriers=0061 avg_resistant_fraction=0.2158
day=2518 susceptible=1137 carriers=0063 avg_resistant_fraction=0.2191
day=2519 susceptible=1133 carriers=0067 avg_resistant_fraction=0.2372
day=2520 susceptible=1140 carriers=0060 avg_resistant_fraction=0.2151
day=2521 susceptible=1140 carriers=0060 avg_resistant_fraction=0.2449
day=2522 susceptible=1142 carriers=0058 avg_resistant_fraction=0.2220
day=2523 susceptible=1144 carriers=0056 avg_resistant_fraction=0.2132
day=2524 susceptible=1144 carriers=0056 avg_resistant_fraction=0.1829
day=2525 susceptible=1143 carriers=0057 avg_resistant_fraction=0.2046
day=2526 susceptible=1148 carriers=0052 avg_resistant_fraction=0.2252
day=2527 susceptible=1146 carriers=0054 avg_resistant_fraction=0.2804
day=2528 susceptible=1147 carriers=0053 avg_resistant_fraction=0.2788
day=2529 susceptible=1148 carriers=0052 avg_resistant_fraction=0.3168
day=2530 susceptible=1147 carriers=0053 avg_resistant_fraction=0.2933
day=2531 susceptible=1151 carriers=0049 avg_resistant_fraction=0.2335
day=2532 susceptible=1150 carriers=0050 avg_resistant_fraction=0.2158
day=2533 susceptible=1149 carriers=0051 avg_resistant_fraction=0.2481
day=2534 susceptible=1150 carriers=0050 avg_resistant_fraction=0.1736
day=2535 susceptible=1152 carriers=0048 avg_resistant_fraction=0.1879
day=2536 susceptible=1152 carriers=0048 avg_resistant_fraction=0.1991
day=2537 susceptible=1150 carriers=0050 avg_resistant_fraction=0.1774
day=2538 susceptible=1151 carriers=0049 avg_resistant_fraction=0.2188
day=2539 susceptible=1154 carriers=0046 avg_resistant_fraction=0.1415
day=2540 susceptible=1154 carriers=0046 avg_resistant_fraction=0.1686
day=2541 susceptible=1155 carriers=0045 avg_resistant_fraction=0.1335
day=2542 susceptible=1155 carriers=0045 avg_resistant_fraction=0.1518
day=2543 susceptible=1157 carriers=0043 avg_resistant_fraction=0.1620
day=2544 susceptible=1153 carriers=0047 avg_resistant_fraction=0.1685
day=2545 susceptible=1148 carriers=0052 avg_resistant_fraction=0.1895
day=2546 susceptible=1148 carriers=0052 avg_resistant_fraction=0.1457
day=2547 susceptible=1152 carriers=0048 avg_resistant_fraction=0.1381
day=2548 susceptible=1151 carriers=0049 avg_resistant_fraction=0.1493
day=2549 susceptible=1155 carriers=0045 avg_resistant_fraction=0.1557
day=2550 susceptible=1153 carriers=0047 avg_resistant_fraction=0.1863
day=2551 susceptible=1152 carriers=0048 avg_resistant_fraction=0.1761
day=2552 susceptible=1152 carriers=0048 avg_resistant_fraction=0.1408
day=2553 susceptible=1152 carriers=0048 avg_resistant_fraction=0.0879
day=2554 susceptible=1149 carriers=0051 avg_resistant_fraction=0.1083
day=2555 susceptible=1147 carriers=0053 avg_resistant_fraction=0.1306
day=2556 susceptible=1148 carriers=0052 avg_resistant_fraction=0.0851
day=2557 susceptible=1146 carriers=0054 avg_resistant_fraction=0.1249
day=2558 susceptible=1145 carriers=0055 avg_resistant_fraction=0.1293
day=2559 susceptible=1147 carriers=0053 avg_resistant_fraction=0.1173
day=2560 susceptible=1144 carriers=0056 avg_resistant_fraction=0.1323
day=2561 susceptible=1149 carriers=0051 avg_resistant_fraction=0.1434
day=2562 susceptible=1147 carriers=0053 avg_resistant_fraction=0.1897
day=2563 susceptible=1152 carriers=0048 avg_resistant_fraction=0.1313
day=2564 susceptible=1153 carriers=0047 avg_resistant_fraction=0.1761
day=2565 susceptible=1151 carriers=0049 avg_resistant_fraction=0.2150
day=2566 susceptible=1148 carriers=0052 avg_resistant_fraction=0.1087
day=2567 susceptible=1149 carriers=0051 avg_resistant_fraction=0.1673
day=2568 susceptible=1145 carriers=0055 avg_resistant_fraction=0.2185
day=2569 susceptible=1148 carriers=0052 avg_resistant_fraction=0.1448
day=2570 susceptible=1149 carriers=0051 avg_resistant_fraction=0.0744
day=2571 susceptible=1146 carriers=0054 avg_resistant_fraction=0.0887
day=2572 susceptible=1145 carriers=0055 avg_resistant_fraction=0.1220
day=2573 susceptible=1139 carriers=0061 avg_resistant_fraction=0.1246
day=2574 susceptible=1138 carriers=0062 avg_resistant_fraction=0.0915
day=2575 susceptible=1136 carriers=0064 avg_resistant_fraction=0.0911
day=2576 susceptible=1129 carriers=0071 avg_resistant_fraction=0.0984
day=2577 susceptible=1125 carriers=0075 avg_resistant_fraction=0.1515
day=2578 susceptible=1130 carriers=0070 avg_resistant_fraction=0.1737
day=2579 susceptible=1129 carriers=0071 avg_resistant_fraction=0.1330
day=2580 susceptible=1128 carriers=0072 avg_resistant_fraction=0.1513
day=2581 susceptible=1129 carriers=0071 avg_resistant_fraction=0.1716
day=2582 susceptible=1130 carriers=0070 avg_resistant_fraction=0.1521
day=2583 susceptible=1129 carriers=0071 avg_resistant_fraction=0.1621
day=2584 susceptible=1132 carriers=0068 avg_resistant_fraction=0.1339
day=2585 susceptible=1131 carriers=0069 avg_resistant_fraction=0.1653
day=2586 susceptible=1129 carriers=0071 avg_resistant_fraction=0.1619
day=2587 susceptible=1128 carriers=0072 avg_resistant_fraction=0.1199
day=2588 susceptible=1123 carriers=0077 avg_resistant_fraction=0.2092
day=2589 susceptible=1121 carriers=0079 avg_resistant_fraction=0.1636
day=2590 susceptible=1124 carriers=0076 avg_resistant_fraction=0.1469
day=2591 susceptible=1123 carriers=0077 avg_resistant_fraction=0.1977
day=2592 susceptible=1119 carriers=0081 avg_resistant_fraction=0.1895
day=2593 susceptible=1126 carriers=0074 avg_resistant_fraction=0.1592
day=2594 susceptible=1130 carriers=0070 avg_resistant_fraction=0.0987
day=2595 susceptible=1131 carriers=0069 avg_resistant_fraction=0.1328
day=2596 susceptible=1127 carriers=0073 avg_resistant_fraction=0.1828
day=2597 susceptible=1127 carriers=0073 avg_resistant_fraction=0.1790
day=2598 susceptible=1127 carriers=0073 avg_resistant_fraction=0.1640
day=2599 susceptible=1132 carriers=0068 avg_resistant_fraction=0.1285
day=2600 susceptible=1136 carriers=0064 avg_resistant_fraction=0.1487
day=2601 susceptible=1136 carriers=0064 avg_resistant_fraction=0.1504
day=2602 susceptible=1139 carriers=0061 avg_resistant_fraction=0.1024
day=2603 susceptible=1139 carriers=0061 avg_resistant_fraction=0.1179
day=2604 susceptible=1143 carriers=0057 avg_resistant_fraction=0.0916
day=2605 susceptible=1144 carriers=0056 avg_resistant_fraction=0.1002
day=2606 susceptible=1147 carriers=0053 avg_resistant_fraction=0.1315
day=2607 susceptible=1150 carriers=0050 avg_resistant_fraction=0.0907
day=2608 susceptible=1152 carriers=0048 avg_resistant_fraction=0.0353
day=2609 susceptible=1146 carriers=0054 avg_resistant_fraction=0.1570
day=2610 susceptible=1143 carriers=0057 avg_resistant_fraction=0.1193
day=2611 susceptible=1147 carriers=0053 avg_resistant_fraction=0.0433
day=2612 susceptible=1141 carriers=0059 avg_resistant_fraction=0.1335
day=2613 susceptible=1140 carriers=0060 avg_resistant_fraction=0.1292
day=2614 susceptible=1138 carriers=0062 avg_resistant_fraction=0.1517
day=2615 susceptible=1137 carriers=0063 avg_resistant_fraction=0.1336
day=2616 susceptible=1136 carriers=0064 avg_resistant_fraction=0.0835
day=2617 susceptible=1136 carriers=0064 avg_resistant_fraction=0.0861
day=2618 susceptible=1136 carriers=0064 avg_resistant_fraction=0.0931
day=2619 susceptible=1136 carriers=0064 avg_resistant_fraction=0.0797
day=2620 susceptible=1131 carriers=0069 avg_resistant_fraction=0.1322
day=2621 susceptible=1132 carriers=0068 avg_resistant_fraction=0.0994
day=2622 susceptible=1134 carriers=0066 avg_resistant_fraction=0.1349
day=2623 susceptible=1134 carriers=0066 avg_resistant_fraction=0.0977
day=2624 susceptible=1135 carriers=0065 avg_resistant_fraction=0.1307
day=2625 susceptible=1132 carriers=0068 avg_resistant_fraction=0.1311
day=2626 susceptible=1124 carriers=0076 avg_resistant_fraction=0.1637
day=2627 susceptible=1126 carriers=0074 avg_resistant_fraction=0.1221
day=2628 susceptible=1126 carriers=0074 avg_resistant_fraction=0.1427
day=2629 susceptible=1124 carriers=0076 avg_resistant_fraction=0.1428
day=2630 susceptible=1124 carriers=0076 avg_resistant_fraction=0.1265
day=2631 susceptible=1128 carriers=0072 avg_resistant_fraction=0.1102
day=2632 susceptible=1137 carriers=0063 avg_resistant_fraction=0.0793
day=2633 susceptible=1138 carriers=0062 avg_resistant_fraction=0.1588
day=2634 susceptible=1137 carriers=0063 avg_resistant_fraction=0.1528
day=2635 susceptible=1135 carriers=0065 avg_resistant_fraction=0.1590
day=2636 susceptible=1136 carriers=0064 avg_resistant_fraction=0.1635
day=2637 susceptible=1134 carriers=0066 avg_resistant_fraction=0.1697
day=2638 susceptible=1138 carriers=0062 avg_resistant_fraction=0.1583
day=2639 susceptible=1140 carriers=0060 avg_resistant_fraction=0.1622
day=2640 susceptible=1138 carriers=0062 avg_resistant_fraction=0.1774
day=2641 susceptible=1136 carriers=0064 avg_resistant_fraction=0.2370
day=2642 susceptible=1136 carriers=0064 avg_resistant_fraction=0.2447
day=2643 susceptible=1141 carriers=0059 avg_resistant_fraction=0.2458
day=2644 susceptible=1142 carriers=0058 avg_resistant_fraction=0.2463
day=2645 susceptible=1146 carriers=0054 avg_resistant_fraction=0.2195
day=2646 susceptible=1142 carriers=0058 avg_resistant_fraction=0.2294
day=2647 susceptible=1146 carriers=0054 avg_resistant_fraction=0.2176
day=2648 susceptible=1140 carriers=0060 avg_resistant_fraction=0.2858
day=2649 susceptible=1139 carriers=0061 avg_resistant_fraction=0.2373
day=2650 susceptible=1136 carriers=0064 avg_resistant_fraction=0.2617
day=2651 susceptible=1139 carriers=0061 avg_resistant_fraction=0.1948
day=2652 susceptible=1142 carriers=0058 avg_resistant_fraction=0.2078
day=2653 susceptible=1142 carriers=0058 avg_resistant_fraction=0.2293
day=2654 susceptible=1136 carriers=0064 avg_resistant_fraction=0.2146
day=2655 susceptible=1138 carriers=0062 avg_resistant_fraction=0.1603
day=2656 susceptible=1141 carriers=0059 avg_resistant_fraction=0.1705
day=2657 susceptible=1139 carriers=0061 avg_resistant_fraction=0.1205
day=2658 susceptible=1135 carriers=0065 avg_resistant_fraction=0.1439
day=2659 susceptible=1137 carriers=0063 avg_resistant_fraction=0.1067
day=2660 susceptible=1138 carriers=0062 avg_resistant_fraction=0.1356
day=2661 susceptible=1134 carriers=0066 avg_resistant_fraction=0.1272
day=2662 susceptible=1135 carriers=0065 avg_resistant_fraction=0.0986
day=2663 susceptible=1134 carriers=0066 avg_resistant_fraction=0.1258
day=2664 susceptible=1131 carriers=0069 avg_resistant_fraction=0.1360
day=2665 susceptible=1132 carriers=0068 avg_resistant_fraction=0.1784
day=2666 susceptible=1133 carriers=0067 avg_resistant_fraction=0.1504
day=2667 susceptible=1135 carriers=0065 avg_resistant_fraction=0.1562
day=2668 susceptible=1135 carriers=0065 avg_resistant_fraction=0.2059
day=2669 susceptible=1135 carriers=0065 avg_resistant_fraction=0.2262
day=2670 susceptible=1135 carriers=0065 avg_resistant_fraction=0.2581
day=2671 susceptible=1137 carriers=0063 avg_resistant_fraction=0.2087
day=2672 susceptible=1140 carriers=0060 avg_resistant_fraction=0.2311
day=2673 susceptible=1140 carriers=0060 avg_resistant_fraction=0.2072
day=2674 susceptible=1139 carriers=0061 avg_resistant_fraction=0.2120
day=2675 susceptible=1135 carriers=0065 avg_resistant_fraction=0.2431
day=2676 susceptible=1137 carriers=0063 avg_resistant_fraction=0.2289
day=2677 susceptible=1140 carriers=0060 avg_resistant_fraction=0.2346
day=2678 susceptible=1140 carriers=0060 avg_resistant_fraction=0.2242
day=2679 susceptible=1139 carriers=0061 avg_resistant_fraction=0.2651
day=2680 susceptible=1145 carriers=0055 avg_resistant_fraction=0.1933
day=2681 susceptible=1146 carriers=0054 avg_resistant_fraction=0.1773
day=2682 susceptible=1148 carriers=0052 avg_resistant_fraction=0.1858
day=2683 susceptible=1151 carriers=0049 avg_resistant_fraction=0.1817
day=2684 susceptible=1150 carriers=0050 avg_resistant_fraction=0.1591
day=2685 susceptible=1151 carriers=0049 avg_resistant_fraction=0.1578
day=2686 susceptible=1150 carriers=0050 avg_resistant_fraction=0.1503
day=2687 susceptible=1148 carriers=0052 avg_resistant_fraction=0.1652
day=2688 susceptible=1149 carriers=0051 avg_resistant_fraction=0.1363
day=2689 susceptible=1153 carriers=0047 avg_resistant_fraction=0.0930
day=2690 susceptible=1150 carriers=0050 avg_resistant_fraction=0.1017
day=2691 susceptible=1148 carriers=0052 avg_resistant_fraction=0.1081
day=2692 susceptible=1144 carriers=0056 avg_resistant_fraction=0.1294
day=2693 susceptible=1144 carriers=0056 avg_resistant_fraction=0.1020
day=2694 susceptible=1143 carriers=0057 avg_resistant_fraction=0.1334
day=2695 susceptible=1140 carriers=0060 avg_resistant_fraction=0.1225
day=2696 susceptible=1143 carriers=0057 avg_resistant_fraction=0.0927
day=2697 susceptible=1140 carriers=0060 avg_resistant_fraction=0.0944
day=2698 susceptible=1142 carriers=0058 avg_resistant_fraction=0.0888
day=2699 susceptible=1140 carriers=0060 avg_resistant_fraction=0.1231
day=2700 susceptible=1140 carriers=0060 avg_resistant_fraction=0.0674
day=2701 susceptible=1142 carriers=0058 avg_resistant_fraction=0.0369
day=2702 susceptible=1145 carriers=0055 avg_resistant_fraction=0.0607
day=2703 susceptible=1147 carriers=0053 avg_resistant_fraction=0.1006
day=2704 susceptible=1150 carriers=0050 avg_resistant_fraction=0.1162
day=2705 susceptible=1156 carriers=0044 avg_resistant_fraction=0.1314
day=2706 susceptible=1152 carriers=0048 avg_resistant_fraction=0.1650
day=2707 susceptible=1153 carriers=0047 avg_resistant_fraction=0.1181
day=2708 susceptible=1153 carriers=0047 avg_resistant_fraction=0.0866
day=2709 susceptible=1152 carriers=0048 avg_resistant_fraction=0.1425
day=2710 susceptible=1152 carriers=0048 avg_resistant_fraction=0.1308
day=2711 susceptible=1144 carriers=0056 avg_resistant_fraction=0.2027
day=2712 susceptible=1151 carriers=0049 avg_resistant_fraction=0.0504
day=2713 susceptible=1151 carriers=0049 avg_resistant_fraction=0.0789
day=2714 susceptible=1148 carriers=0052 avg_resistant_fraction=0.1867
day=2715 susceptible=1144 carriers=0056 avg_resistant_fraction=0.1276
day=2716 susceptible=1142 carriers=0058 avg_resistant_fraction=0.1130
day=2717 susceptible=1138 carriers=0062 avg_resistant_fraction=0.1168
day=2718 susceptible=1134 carriers=0066 avg_resistant_fraction=0.1123
day=2719 susceptible=1132 carriers=0068 avg_resistant_fraction=0.1544
day=2720 susceptible=1129 carriers=0071 avg_resistant_fraction=0.1333
day=2721 susceptible=1125 carriers=0075 avg_resistant_fraction=0.1431
day=2722 susceptible=1122 carriers=0078 avg_resistant_fraction=0.1375
day=2723 susceptible=1119 carriers=0081 avg_resistant_fraction=0.1295
day=2724 susceptible=1121 carriers=0079 avg_resistant_fraction=0.1297
day=2725 susceptible=1120 carriers=0080 avg_resistant_fraction=0.1347
day=2726 susceptible=1118 carriers=0082 avg_resistant_fraction=0.1512
day=2727 susceptible=1122 carriers=0078 avg_resistant_fraction=0.1320
day=2728 susceptible=1119 carriers=0081 avg_resistant_fraction=0.1666
day=2729 susceptible=1123 carriers=0077 avg_resistant_fraction=0.1307
day=2730 susceptible=1122 carriers=0078 avg_resistant_fraction=0.1231
day=2731 susceptible=1124 carriers=0076 avg_resistant_fraction=0.1389
day=2732 susceptible=1124 carriers=0076 avg_resistant_fraction=0.1563
day=2733 susceptible=1127 carriers=0073 avg_resistant_fraction=0.1564
day=2734 susceptible=1132 carriers=0068 avg_resistant_fraction=0.1248
day=2735 susceptible=1132 carriers=0068 avg_resistant_fraction=0.1749
day=2736 susceptible=1132 carriers=0068 avg_resistant_fraction=0.1245
day=2737 susceptible=1136 carriers=0064 avg_resistant_fraction=0.1420
day=2738 susceptible=1140 carriers=0060 avg_resistant_fraction=0.1114
day=2739 susceptible=1142 carriers=0058 avg_resistant_fraction=0.1413
day=2740 susceptible=1147 carriers=0053 avg_resistant_fraction=0.1276
day=2741 susceptible=1147 carriers=0053 avg_resistant_fraction=0.1976
day=2742 susceptible=1144 carriers=0056 avg_resistant_fraction=0.1765
day=2743 susceptible=1143 carriers=0057 avg_resistant_fraction=0.1270
day=2744 susceptible=1146 carriers=0054 avg_resistant_fraction=0.1371
day=2745 susceptible=1140 carriers=0060 avg_resistant_fraction=0.1483
day=2746 susceptible=1140 carriers=0060 avg_resistant_fraction=0.1063
day=2747 susceptible=1136 carriers=0064 avg_resistant_fraction=0.1529
day=2748 susceptible=1131 carriers=0069 avg_resistant_fraction=0.2053
day=2749 susceptible=1131 carriers=0069 avg_resistant_fraction=0.1612
day=2750 susceptible=1138 carriers=0062 avg_resistant_fraction=0.1344
day=2751 susceptible=1143 carriers=0057 avg_resistant_fraction=0.0918
day=2752 susceptible=1140 carriers=0060 avg_resistant_fraction=0.1197
day=2753 susceptible=1143 carriers=0057 avg_resistant_fraction=0.1037
day=2754 susceptible=1142 carriers=0058 avg_resistant_fraction=0.1392
day=2755 susceptible=1143 carriers=0057 avg_resistant_fraction=0.0818
day=2756 susceptible=1140 carriers=0060 avg_resistant_fraction=0.1650
day=2757 susceptible=1140 carriers=0060 avg_resistant_fraction=0.1520
day=2758 susceptible=1141 carriers=0059 avg_resistant_fraction=0.1321
day=2759 susceptible=1144 carriers=0056 avg_resistant_fraction=0.1151
day=2760 susceptible=1141 carriers=0059 avg_resistant_fraction=0.1505
day=2761 susceptible=1138 carriers=0062 avg_resistant_fraction=0.1476
day=2762 susceptible=1139 carriers=0061 avg_resistant_fraction=0.1963
day=2763 susceptible=1137 carriers=0063 avg_resistant_fraction=0.2247
day=2764 susceptible=1140 carriers=0060 avg_resistant_fraction=0.2875
day=2765 susceptible=1141 carriers=0059 avg_resistant_fraction=0.2620
day=2766 susceptible=1144 carriers=0056 avg_resistant_fraction=0.2721
day=2767 susceptible=1141 carriers=0059 avg_resistant_fraction=0.2021
day=2768 susceptible=1140 carriers=0060 avg_resistant_fraction=0.2186
day=2769 susceptible=1140 carriers=0060 avg_resistant_fraction=0.2090
day=2770 susceptible=1144 carriers=0056 avg_resistant_fraction=0.2402
day=2771 susceptible=1145 carriers=0055 avg_resistant_fraction=0.2622
day=2772 susceptible=1145 carriers=0055 avg_resistant_fraction=0.2971
day=2773 susceptible=1146 carriers=0054 avg_resistant_fraction=0.2537
day=2774 susceptible=1149 carriers=0051 avg_resistant_fraction=0.2872
day=2775 susceptible=1153 carriers=0047 avg_resistant_fraction=0.2545
day=2776 susceptible=1149 carriers=0051 avg_resistant_fraction=0.3334
day=2777 susceptible=1152 carriers=0048 avg_resistant_fraction=0.2985
day=2778 susceptible=1156 carriers=0044 avg_resistant_fraction=0.2389
day=2779 susceptible=1154 carriers=0046 avg_resistant_fraction=0.2478
day=2780 susceptible=1151 carriers=0049 avg_resistant_fraction=0.2203
day=2781 susceptible=1151 carriers=0049 avg_resistant_fraction=0.2363
day=2782 susceptible=1153 carriers=0047 avg_resistant_fraction=0.1710
day=2783 susceptible=1154 carriers=0046 avg_resistant_fraction=0.1563
day=2784 susceptible=1159 carriers=0041 avg_resistant_fraction=0.1184
day=2785 susceptible=1153 carriers=0047 avg_resistant_fraction=0.1859
day=2786 susceptible=1151 carriers=0049 avg_resistant_fraction=0.1653
day=2787 susceptible=1149 carriers=0051 avg_resistant_fraction=0.1262
day=2788 susceptible=1150 carriers=0050 avg_resistant_fraction=0.2098
day=2789 susceptible=1147 carriers=0053 avg_resistant_fraction=0.1350
day=2790 susceptible=1147 carriers=0053 avg_resistant_fraction=0.1271
day=2791 susceptible=1148 carriers=0052 avg_resistant_fraction=0.1175
day=2792 susceptible=1147 carriers=0053 avg_resistant_fraction=0.1432
day=2793 susceptible=1149 carriers=0051 avg_resistant_fraction=0.1422
day=2794 susceptible=1144 carriers=0056 avg_resistant_fraction=0.2038
day=2795 susceptible=1149 carriers=0051 avg_resistant_fraction=0.1438
day=2796 susceptible=1149 carriers=0051 avg_resistant_fraction=0.2077
day=2797 susceptible=1149 carriers=0051 avg_resistant_fraction=0.1676
day=2798 susceptible=1147 carriers=0053 avg_resistant_fraction=0.1929
day=2799 susceptible=1147 carriers=0053 avg_resistant_fraction=0.1709
day=2800 susceptible=1145 carriers=0055 avg_resistant_fraction=0.2143
day=2801 susceptible=1145 carriers=0055 avg_resistant_fraction=0.1597
day=2802 susceptible=1143 carriers=0057 avg_resistant_fraction=0.1516
day=2803 susceptible=1145 carriers=0055 avg_resistant_fraction=0.1146
day=2804 susceptible=1139 carriers=0061 avg_resistant_fraction=0.2008
day=2805 susceptible=1141 carriers=0059 avg_resistant_fraction=0.1351
day=2806 susceptible=1139 carriers=0061 avg_resistant_fraction=0.1541
day=2807 susceptible=1138 carriers=0062 avg_resistant_fraction=0.1006
day=2808 susceptible=1138 carriers=0062 avg_resistant_fraction=0.1507
day=2809 susceptible=1142 carriers=0058 avg_resistant_fraction=0.1204
day=2810 susceptible=1140 carriers=0060 avg_resistant_fraction=0.1241
day=2811 susceptible=1140 carriers=0060 avg_resistant_fraction=0.1257
day=2812 susceptible=1143 carriers=0057 avg_resistant_fraction=0.1193
day=2813 susceptible=1140 carriers=0060 avg_resistant_fraction=0.1585
day=2814 susceptible=1135 carriers=0065 avg_resistant_fraction=0.2319
day=2815 susceptible=1140 carriers=0060 avg_resistant_fraction=0.1523
day=2816 susceptible=1140 carriers=0060 avg_resistant_fraction=0.1794
day=2817 susceptible=1142 carriers=0058 avg_resistant_fraction=0.1677
day=2818 susceptible=1146 carriers=0054 avg_resistant_fraction=0.1423
day=2819 susceptible=1147 carriers=0053 avg_resistant_fraction=0.1896
day=2820 susceptible=1148 carriers=0052 avg_resistant_fraction=0.1899
day=2821 susceptible=1148 carriers=0052 avg_resistant_fraction=0.1460
day=2822 susceptible=1150 carriers=0050 avg_resistant_fraction=0.2343
day=2823 susceptible=1148 carriers=0052 avg_resistant_fraction=0.2055
day=2824 susceptible=1144 carriers=0056 avg_resistant_fraction=0.2309
day=2825 susceptible=1138 carriers=0062 avg_resistant_fraction=0.2719
day=2826 susceptible=1134 carriers=0066 avg_resistant_fraction=0.2308
day=2827 susceptible=1138 carriers=0062 avg_resistant_fraction=0.1844
day=2828 susceptible=1142 carriers=0058 avg_resistant_fraction=0.1749
day=2829 susceptible=1135 carriers=0065 avg_resistant_fraction=0.2445
day=2830 susceptible=1133 carriers=0067 avg_resistant_fraction=0.1887
day=2831 susceptible=1131 carriers=0069 avg_resistant_fraction=0.1862
day=2832 susceptible=1136 carriers=0064 avg_resistant_fraction=0.1618
day=2833 susceptible=1133 carriers=0067 avg_resistant_fraction=0.2526
day=2834 susceptible=1131 carriers=0069 avg_resistant_fraction=0.2314
day=2835 susceptible=1132 carriers=0068 avg_resistant_fraction=0.1897
day=2836 susceptible=1136 carriers=0064 avg_resistant_fraction=0.1993
day=2837 susceptible=1137 carriers=0063 avg_resistant_fraction=0.1970
day=2838 susceptible=1138 carriers=0062 avg_resistant_fraction=0.2423
day=2839 susceptible=1138 carriers=0062 avg_resistant_fraction=0.2567
day=2840 susceptible=1140 carriers=0060 avg_resistant_fraction=0.2489
day=2841 susceptible=1142 carriers=0058 avg_resistant_fraction=0.2585
day=2842 susceptible=1142 carriers=0058 avg_resistant_fraction=0.2642
day=2843 susceptible=1147 carriers=0053 avg_resistant_fraction=0.2198
day=2844 susceptible=1144 carriers=0056 avg_resistant_fraction=0.2489
day=2845 susceptible=1144 carriers=0056 avg_resistant_fraction=0.2539
day=2846 susceptible=1144 carriers=0056 avg_resistant_fraction=0.2967
day=2847 susceptible=1143 carriers=0057 avg_resistant_fraction=0.2362
day=2848 susceptible=1140 carriers=0060 avg_resistant_fraction=0.2144
day=2849 susceptible=1138 carriers=0062 avg_resistant_fraction=0.2113
day=2850 susceptible=1134 carriers=0066 avg_resistant_fraction=0.1851
day=2851 susceptible=1138 carriers=0062 avg_resistant_fraction=0.1347
day=2852 susceptible=1137 carriers=0063 avg_resistant_fraction=0.1465
day=2853 susceptible=1136 carriers=0064 avg_resistant_fraction=0.1104
day=2854 susceptible=1133 carriers=0067 avg_resistant_fraction=0.1552
day=2855 susceptible=1133 carriers=0067 avg_resistant_fraction=0.1442
day=2856 susceptible=1134 carriers=0066 avg_resistant_fraction=0.1760
day=2857 susceptible=1130 carriers=0070 avg_resistant_fraction=0.2248
day=2858 susceptible=1132 carriers=0068 avg_resistant_fraction=0.1374
day=2859 susceptible=1136 carriers=0064 avg_resistant_fraction=0.1600
day=2860 susceptible=1131 carriers=0069 avg_resistant_fraction=0.2212
day=2861 susceptible=1135 carriers=0065 avg_resistant_fraction=0.1898
day=2862 susceptible=1138 carriers=0062 avg_resistant_fraction=0.1794
day=2863 susceptible=1135 carriers=0065 avg_resistant_fraction=0.2106
day=2864 susceptible=1139 carriers=0061 avg_resistant_fraction=0.2041
day=2865 susceptible=1144 carriers=0056 avg_resistant_fraction=0.3105
day=2866 susceptible=1147 carriers=0053 avg_resistant_fraction=0.2837
day=2867 susceptible=1143 carriers=0057 avg_resistant_fraction=0.2981
day=2868 susceptible=1146 carriers=0054 avg_resistant_fraction=0.2770
day=2869 susceptible=1148 carriers=0052 avg_resistant_fraction=0.2477
day=2870 susceptible=1151 carriers=0049 avg_resistant_fraction=0.2316
day=2871 susceptible=1150 carriers=0050 avg_resistant_fraction=0.2730
day=2872 susceptible=1151 carriers=0049 avg_resistant_fraction=0.2400
day=2873 susceptible=1151 carriers=0049 avg_resistant_fraction=0.3041
day=2874 susceptible=1153 carriers=0047 avg_resistant_fraction=0.2675
day=2875 susceptible=1156 carriers=0044 avg_resistant_fraction=0.2762
day=2876 susceptible=1153 carriers=0047 avg_resistant_fraction=0.2298
day=2877 susceptible=1150 carriers=0050 avg_resistant_fraction=0.2442
day=2878 susceptible=1150 carriers=0050 avg_resistant_fraction=0.2681
day=2879 susceptible=1148 carriers=0052 avg_resistant_fraction=0.2544
day=2880 susceptible=1148 carriers=0052 avg_resistant_fraction=0.2080
day=2881 susceptible=1148 carriers=0052 avg_resistant_fraction=0.1943
day=2882 susceptible=1148 carriers=0052 avg_resistant_fraction=0.2115
day=2883 susceptible=1146 carriers=0054 avg_resistant_fraction=0.2070
day=2884 susceptible=1146 carriers=0054 avg_resistant_fraction=0.1966
day=2885 susceptible=1147 carriers=0053 avg_resistant_fraction=0.1854
day=2886 susceptible=1146 carriers=0054 avg_resistant_fraction=0.1785
day=2887 susceptible=1143 carriers=0057 avg_resistant_fraction=0.1938
day=2888 susceptible=1148 carriers=0052 avg_resistant_fraction=0.1481
day=2889 susceptible=1144 carriers=0056 avg_resistant_fraction=0.1742
day=2890 susceptible=1144 carriers=0056 avg_resistant_fraction=0.1631
day=2891 susceptible=1142 carriers=0058 avg_resistant_fraction=0.1617
day=2892 susceptible=1144 carriers=0056 avg_resistant_fraction=0.1396
day=2893 susceptible=1146 carriers=0054 avg_resistant_fraction=0.1163
day=2894 susceptible=1146 carriers=0054 avg_resistant_fraction=0.2003
day=2895 susceptible=1144 carriers=0056 avg_resistant_fraction=0.1536
day=2896 susceptible=1146 carriers=0054 avg_resistant_fraction=0.1553
day=2897 susceptible=1148 carriers=0052 avg_resistant_fraction=0.1569
day=2898 susceptible=1146 carriers=0054 avg_resistant_fraction=0.1713
day=2899 susceptible=1146 carriers=0054 avg_resistant_fraction=0.1416
day=2900 susceptible=1149 carriers=0051 avg_resistant_fraction=0.1720
day=2901 susceptible=1152 carriers=0048 avg_resistant_fraction=0.1409
day=2902 susceptible=1154 carriers=0046 avg_resistant_fraction=0.1838
day=2903 susceptible=1155 carriers=0045 avg_resistant_fraction=0.2355
day=2904 susceptible=1154 carriers=0046 avg_resistant_fraction=0.2820
day=2905 susceptible=1151 carriers=0049 avg_resistant_fraction=0.2756
day=2906 susceptible=1147 carriers=0053 avg_resistant_fraction=0.2512
day=2907 susceptible=1144 carriers=0056 avg_resistant_fraction=0.2291
day=2908 susceptible=1142 carriers=0058 avg_resistant_fraction=0.1908
day=2909 susceptible=1143 carriers=0057 avg_resistant_fraction=0.1649
day=2910 susceptible=1143 carriers=0057 avg_resistant_fraction=0.1731
day=2911 susceptible=1143 carriers=0057 avg_resistant_fraction=0.1625
day=2912 susceptible=1143 carriers=0057 avg_resistant_fraction=0.1731
day=2913 susceptible=1144 carriers=0056 avg_resistant_fraction=0.1694
day=2914 susceptible=1145 carriers=0055 avg_resistant_fraction=0.1420
day=2915 susceptible=1148 carriers=0052 avg_resistant_fraction=0.1999
day=2916 susceptible=1143 carriers=0057 avg_resistant_fraction=0.1938
day=2917 susceptible=1144 carriers=0056 avg_resistant_fraction=0.1448
day=2918 susceptible=1148 carriers=0052 avg_resistant_fraction=0.1327
day=2919 susceptible=1150 carriers=0050 avg_resistant_fraction=0.1677
day=2920 susceptible=1154 carriers=0046 avg_resistant_fraction=0.1647
day=2921 susceptible=1151 carriers=0049 avg_resistant_fraction=0.2018
day=2922 susceptible=1154 carriers=0046 avg_resistant_fraction=0.2146
day=2923 susceptible=1154 carriers=0046 avg_resistant_fraction=0.2338
day=2924 susceptible=1151 carriers=0049 avg_resistant_fraction=0.1657
day=2925 susceptible=1152 carriers=0048 avg_resistant_fraction=0.2083
day=2926 susceptible=1152 carriers=0048 avg_resistant_fraction=0.2357
day=2927 susceptible=1151 carriers=0049 avg_resistant_fraction=0.2353
day=2928 susceptible=1150 carriers=0050 avg_resistant_fraction=0.2946
day=2929 susceptible=1149 carriers=0051 avg_resistant_fraction=0.2098
day=2930 susceptible=1151 carriers=0049 avg_resistant_fraction=0.1996
day=2931 susceptible=1153 carriers=0047 avg_resistant_fraction=0.2086
day=2932 susceptible=1154 carriers=0046 avg_resistant_fraction=0.1803
day=2933 susceptible=1151 carriers=0049 avg_resistant_fraction=0.2300
day=2934 susceptible=1147 carriers=0053 avg_resistant_fraction=0.2050
day=2935 susceptible=1143 carriers=0057 avg_resistant_fraction=0.1466
day=2936 susceptible=1144 carriers=0056 avg_resistant_fraction=0.1463
day=2937 susceptible=1142 carriers=0058 avg_resistant_fraction=0.2040
day=2938 susceptible=1142 carriers=0058 avg_resistant_fraction=0.1948
day=2939 susceptible=1144 carriers=0056 avg_resistant_fraction=0.1586
day=2940 susceptible=1143 carriers=0057 avg_resistant_fraction=0.1700
day=2941 susceptible=1144 carriers=0056 avg_resistant_fraction=0.2075
day=2942 susceptible=1141 carriers=0059 avg_resistant_fraction=0.1608
day=2943 susceptible=1139 carriers=0061 avg_resistant_fraction=0.1661
day=2944 susceptible=1134 carriers=0066 avg_resistant_fraction=0.2164
day=2945 susceptible=1131 carriers=0069 avg_resistant_fraction=0.1634
day=2946 susceptible=1125 carriers=0075 avg_resistant_fraction=0.1511
day=2947 susceptible=1126 carriers=0074 avg_resistant_fraction=0.1095
day=2948 susceptible=1126 carriers=0074 avg_resistant_fraction=0.1158
day=2949 susceptible=1129 carriers=0071 avg_resistant_fraction=0.1557
day=2950 susceptible=1129 carriers=0071 avg_resistant_fraction=0.1896
day=2951 susceptible=1126 carriers=0074 avg_resistant_fraction=0.1645
day=2952 susceptible=1129 carriers=0071 avg_resistant_fraction=0.1530
day=2953 susceptible=1126 carriers=0074 avg_resistant_fraction=0.1798
day=2954 susceptible=1122 carriers=0078 avg_resistant_fraction=0.2117
day=2955 susceptible=1119 carriers=0081 avg_resistant_fraction=0.2180
day=2956 susceptible=1115 carriers=0085 avg_resistant_fraction=0.2314
day=2957 susceptible=1114 carriers=0086 avg_resistant_fraction=0.2218
day=2958 susceptible=1120 carriers=0080 avg_resistant_fraction=0.2170
day=2959 susceptible=1121 carriers=0079 avg_resistant_fraction=0.2307
day=2960 susceptible=1116 carriers=0084 avg_resistant_fraction=0.2406
day=2961 susceptible=1116 carriers=0084 avg_resistant_fraction=0.2049
day=2962 susceptible=1115 carriers=0085 avg_resistant_fraction=0.2381
day=2963 susceptible=1116 carriers=0084 avg_resistant_fraction=0.2124
day=2964 susceptible=1127 carriers=0073 avg_resistant_fraction=0.1602
day=2965 susceptible=1126 carriers=0074 avg_resistant_fraction=0.1951
day=2966 susceptible=1128 carriers=0072 avg_resistant_fraction=0.1693
day=2967 susceptible=1129 carriers=0071 avg_resistant_fraction=0.2108
day=2968 susceptible=1134 carriers=0066 avg_resistant_fraction=0.2073
day=2969 susceptible=1140 carriers=0060 avg_resistant_fraction=0.1760
day=2970 susceptible=1143 carriers=0057 avg_resistant_fraction=0.1614
day=2971 susceptible=1146 carriers=0054 avg_resistant_fraction=0.1409
day=2972 susceptible=1149 carriers=0051 avg_resistant_fraction=0.1866
day=2973 susceptible=1147 carriers=0053 avg_resistant_fraction=0.2420
day=2974 susceptible=1152 carriers=0048 avg_resistant_fraction=0.1684
day=2975 susceptible=1154 carriers=0046 avg_resistant_fraction=0.1301
day=2976 susceptible=1157 carriers=0043 avg_resistant_fraction=0.1337
day=2977 susceptible=1159 carriers=0041 avg_resistant_fraction=0.1551
day=2978 susceptible=1158 carriers=0042 avg_resistant_fraction=0.1845
day=2979 susceptible=1156 carriers=0044 avg_resistant_fraction=0.1856
day=2980 susceptible=1160 carriers=0040 avg_resistant_fraction=0.1628
day=2981 susceptible=1162 carriers=0038 avg_resistant_fraction=0.1435
day=2982 susceptible=1157 carriers=0043 avg_resistant_fraction=0.2375
day=2983 susceptible=1159 carriers=0041 avg_resistant_fraction=0.1291
day=2984 susceptible=1161 carriers=0039 avg_resistant_fraction=0.1883
day=2985 susceptible=1158 carriers=0042 avg_resistant_fraction=0.2201
day=2986 susceptible=1156 carriers=0044 avg_resistant_fraction=0.1957
day=2987 susceptible=1155 carriers=0045 avg_resistant_fraction=0.1827
day=2988 susceptible=1155 carriers=0045 avg_resistant_fraction=0.1613
day=2989 susceptible=1154 carriers=0046 avg_resistant_fraction=0.1767
day=2990 susceptible=1154 carriers=0046 avg_resistant_fraction=0.0957
day=2991 susceptible=1153 carriers=0047 avg_resistant_fraction=0.0975
day=2992 susceptible=1148 carriers=0052 avg_resistant_fraction=0.1396
day=2993 susceptible=1146 carriers=0054 avg_resistant_fraction=0.0805
day=2994 susceptible=1146 carriers=0054 avg_resistant_fraction=0.0778
day=2995 susceptible=1148 carriers=0052 avg_resistant_fraction=0.1092
day=2996 susceptible=1150 carriers=0050 avg_resistant_fraction=0.0965
day=2997 susceptible=1145 carriers=0055 avg_resistant_fraction=0.1855
day=2998 susceptible=1144 carriers=0056 avg_resistant_fraction=0.1083
day=2999 susceptible=1142 carriers=0058 avg_resistant_fraction=0.1249
day=3000 susceptible=1141 carriers=0059 avg_resistant_fraction=0.1424
day=3001 susceptible=1149 carriers=0051 avg_resistant_fraction=0.0956
day=3002 susceptible=1147 carriers=0053 avg_resistant_fraction=0.1499
day=3003 susceptible=1146 carriers=0054 avg_resistant_fraction=0.1324
day=3004 susceptible=1147 carriers=0053 avg_resistant_fraction=0.1067
day=3005 susceptible=1147 carriers=0053 avg_resistant_fraction=0.1021
day=3006 susceptible=1150 carriers=0050 avg_resistant_fraction=0.1274
day=3007 susceptible=1149 carriers=0051 avg_resistant_fraction=0.1873
day=3008 susceptible=1149 carriers=0051 avg_resistant_fraction=0.1310
day=3009 susceptible=1151 carriers=0049 avg_resistant_fraction=0.1213
day=3010 susceptible=1151 carriers=0049 avg_resistant_fraction=0.1691
day=3011 susceptible=1151 carriers=0049 avg_resistant_fraction=0.2155
day=3012 susceptible=1150 carriers=0050 avg_resistant_fraction=0.1952
day=3013 susceptible=1149 carriers=0051 avg_resistant_fraction=0.1487
day=3014 susceptible=1146 carriers=0054 avg_resistant_fraction=0.1942
day=3015 susceptible=1147 carriers=0053 avg_resistant_fraction=0.1073
day=3016 susceptible=1149 carriers=0051 avg_resistant_fraction=0.0877
day=3017 susceptible=1150 carriers=0050 avg_resistant_fraction=0.0479
day=3018 susceptible=1149 carriers=0051 avg_resistant_fraction=0.0841
day=3019 susceptible=1151 carriers=0049 avg_resistant_fraction=0.0708
day=3020 susceptible=1150 carriers=0050 avg_resistant_fraction=0.0738
day=3021 susceptible=1147 carriers=0053 avg_resistant_fraction=0.0699
day=3022 susceptible=1146 carriers=0054 avg_resistant_fraction=0.0617
day=3023 susceptible=1149 carriers=0051 avg_resistant_fraction=0.0373
day=3024 susceptible=1147 carriers=0053 avg_resistant_fraction=0.0793
day=3025 susceptible=1145 carriers=0055 avg_resistant_fraction=0.0867
day=3026 susceptible=1144 carriers=0056 avg_resistant_fraction=0.1335
day=3027 susceptible=1139 carriers=0061 avg_resistant_fraction=0.1996
day=3028 susceptible=1138 carriers=0062 avg_resistant_fraction=0.1766
day=3029 susceptible=1137 carriers=0063 avg_resistant_fraction=0.1417
day=3030 susceptible=1133 carriers=0067 avg_resistant_fraction=0.1504
day=3031 susceptible=1131 carriers=0069 avg_resistant_fraction=0.1507
day=3032 susceptible=1129 carriers=0071 avg_resistant_fraction=0.1748
day=3033 susceptible=1128 carriers=0072 avg_resistant_fraction=0.1574
day=3034 susceptible=1120 carriers=0080 avg_resistant_fraction=0.1747
day=3035 susceptible=1123 carriers=0077 avg_resistant_fraction=0.1250
day=3036 susceptible=1122 carriers=0078 avg_resistant_fraction=0.1488
day=3037 susceptible=1119 carriers=0081 avg_resistant_fraction=0.1630
day=3038 susceptible=1120 carriers=0080 avg_resistant_fraction=0.1761
day=3039 susceptible=1118 carriers=0082 avg_resistant_fraction=0.2079
day=3040 susceptible=1116 carriers=0084 avg_resistant_fraction=0.1881
day=3041 susceptible=1117 carriers=0083 avg_resistant_fraction=0.1946
day=3042 susceptible=1116 carriers=0084 avg_resistant_fraction=0.2169
day=3043 susceptible=1118 carriers=0082 avg_resistant_fraction=0.1985
day=3044 susceptible=1120 carriers=0080 avg_resistant_fraction=0.2380
day=3045 susceptible=1119 carriers=0081 avg_resistant_fraction=0.1687
day=3046 susceptible=1125 carriers=0075 avg_resistant_fraction=0.1924
day=3047 susceptible=1126 carriers=0074 avg_resistant_fraction=0.1894
day=3048 susceptible=1126 carriers=0074 avg_resistant_fraction=0.2126
day=3049 susceptible=1124 carriers=0076 avg_resistant_fraction=0.1669
day=3050 susceptible=1126 carriers=0074 avg_resistant_fraction=0.1573
day=3051 susceptible=1132 carriers=0068 avg_resistant_fraction=0.1419
day=3052 susceptible=1131 carriers=0069 avg_resistant_fraction=0.1600
day=3053 susceptible=1127 carriers=0073 avg_resistant_fraction=0.1718
day=3054 susceptible=1130 carriers=0070 avg_resistant_fraction=0.1297
day=3055 susceptible=1131 carriers=0069 avg_resistant_fraction=0.1030
day=3056 susceptible=1135 carriers=0065 avg_resistant_fraction=0.1017
day=3057 susceptible=1135 carriers=0065 avg_resistant_fraction=0.1141
day=3058 susceptible=1135 carriers=0065 avg_resistant_fraction=0.1509
day=3059 susceptible=1134 carriers=0066 avg_resistant_fraction=0.1995
day=3060 susceptible=1133 carriers=0067 avg_resistant_fraction=0.2408
day=3061 susceptible=1131 carriers=0069 avg_resistant_fraction=0.2327
day=3062 susceptible=1135 carriers=0065 avg_resistant_fraction=0.2326
day=3063 susceptible=1139 carriers=0061 avg_resistant_fraction=0.2271
day=3064 susceptible=1140 carriers=0060 avg_resistant_fraction=0.2044
day=3065 susceptible=1139 carriers=0061 avg_resistant_fraction=0.2552
day=3066 susceptible=1145 carriers=0055 avg_resistant_fraction=0.1769
day=3067 susceptible=1145 carriers=0055 avg_resistant_fraction=0.2038
day=3068 susceptible=1146 carriers=0054 avg_resistant_fraction=0.2046
day=3069 susceptible=1145 carriers=0055 avg_resistant_fraction=0.2170
day=3070 susceptible=1145 carriers=0055 avg_resistant_fraction=0.2453
day=3071 susceptible=1145 carriers=0055 avg_resistant_fraction=0.2254
day=3072 susceptible=1148 carriers=0052 avg_resistant_fraction=0.1933
day=3073 susceptible=1141 carriers=0059 avg_resistant_fraction=0.3059
day=3074 susceptible=1142 carriers=0058 avg_resistant_fraction=0.1905
day=3075 susceptible=1142 carriers=0058 avg_resistant_fraction=0.2035
day=3076 susceptible=1145 carriers=0055 avg_resistant_fraction=0.1701
day=3077 susceptible=1150 carriers=0050 avg_resistant_fraction=0.1819
day=3078 susceptible=1146 carriers=0054 avg_resistant_fraction=0.2114
day=3079 susceptible=1143 carriers=0057 avg_resistant_fraction=0.1769
day=3080 susceptible=1148 carriers=0052 avg_resistant_fraction=0.1619
day=3081 susceptible=1148 carriers=0052 avg_resistant_fraction=0.1696
day=3082 susceptible=1145 carriers=0055 avg_resistant_fraction=0.1976
day=3083 susceptible=1145 carriers=0055 avg_resistant_fraction=0.1292
day=3084 susceptible=1148 carriers=0052 avg_resistant_fraction=0.1587
day=3085 susceptible=1147 carriers=0053 avg_resistant_fraction=0.1400
day=3086 susceptible=1150 carriers=0050 avg_resistant_fraction=0.0776
day=3087 susceptible=1147 carriers=0053 avg_resistant_fraction=0.1193
day=3088 susceptible=1148 carriers=0052 avg_resistant_fraction=0.0938
day=3089 susceptible=1144 carriers=0056 avg_resistant_fraction=0.1561
day=3090 susceptible=1146 carriers=0054 avg_resistant_fraction=0.0611
day=3091 susceptible=1148 carriers=0052 avg_resistant_fraction=0.0952
day=3092 susceptible=1149 carriers=0051 avg_resistant_fraction=0.0474
day=3093 susceptible=1150 carriers=0050 avg_resistant_fraction=0.0892
day=3094 susceptible=1151 carriers=0049 avg_resistant_fraction=0.0935
day=3095 susceptible=1148 carriers=0052 avg_resistant_fraction=0.1385
day=3096 susceptible=1144 carriers=0056 avg_resistant_fraction=0.1575
day=3097 susceptible=1140 carriers=0060 avg_resistant_fraction=0.1443
day=3098 susceptible=1141 carriers=0059 avg_resistant_fraction=0.1342
day=3099 susceptible=1142 carriers=0058 avg_resistant_fraction=0.1320
day=3100 susceptible=1140 carriers=0060 avg_resistant_fraction=0.1376
day=3101 susceptible=1134 carriers=0066 avg_resistant_fraction=0.2085
day=3102 susceptible=1134 carriers=0066 avg_resistant_fraction=0.1466
day=3103 susceptible=1136 carriers=0064 avg_resistant_fraction=0.1857
day=3104 susceptible=1139 carriers=0061 avg_resistant_fraction=0.1915
day=3105 susceptible=1138 carriers=0062 avg_resistant_fraction=0.1892
day=3106 susceptible=1137 carriers=0063 avg_resistant_fraction=0.1800
day=3107 susceptible=1137 carriers=0063 avg_resistant_fraction=0.1877
day=3108 susceptible=1137 carriers=0063 avg_resistant_fraction=0.1835
day=3109 susceptible=1140 carriers=0060 avg_resistant_fraction=0.1729
day=3110 susceptible=1138 carriers=0062 avg_resistant_fraction=0.1936
day=3111 susceptible=1136 carriers=0064 avg_resistant_fraction=0.1960
day=3112 susceptible=1132 carriers=0068 avg_resistant_fraction=0.2437
day=3113 susceptible=1134 carriers=0066 avg_resistant_fraction=0.1771
day=3114 susceptible=1134 carriers=0066 avg_resistant_fraction=0.1918
day=3115 susceptible=1136 carriers=0064 avg_resistant_fraction=0.1844
day=3116 susceptible=1137 carriers=0063 avg_resistant_fraction=0.1937
day=3117 susceptible=1138 carriers=0062 avg_resistant_fraction=0.1893
day=3118 susceptible=1137 carriers=0063 avg_resistant_fraction=0.1767
day=3119 susceptible=1136 carriers=0064 avg_resistant_fraction=0.2159
day=3120 susceptible=1132 carriers=0068 avg_resistant_fraction=0.1845
day=3121 susceptible=1132 carriers=0068 avg_resistant_fraction=0.1700
day=3122 susceptible=1135 carriers=0065 avg_resistant_fraction=0.1724
day=3123 susceptible=1139 carriers=0061 avg_resistant_fraction=0.1884
day=3124 susceptible=1135 carriers=0065 avg_resistant_fraction=0.2571
day=3125 susceptible=1137 carriers=0063 avg_resistant_fraction=0.2245
day=3126 susceptible=1140 carriers=0060 avg_resistant_fraction=0.2448
day=3127 susceptible=1137 carriers=0063 avg_resistant_fraction=0.2831
day=3128 susceptible=1136 carriers=0064 avg_resistant_fraction=0.1667
day=3129 susceptible=1134 carriers=0066 avg_resistant_fraction=0.1590
day=3130 susceptible=1140 carriers=0060 avg_resistant_fraction=0.1887
day=3131 susceptible=1141 carriers=0059 avg_resistant_fraction=0.1980
day=3132 susceptible=1138 carriers=0062 avg_resistant_fraction=0.2174
day=3133 susceptible=1138 carriers=0062 avg_resistant_fraction=0.2021
day=3134 susceptible=1138 carriers=0062 avg_resistant_fraction=0.2170
day=3135 susceptible=1143 carriers=0057 avg_resistant_fraction=0.1729
day=3136 susceptible=1146 carriers=0054 avg_resistant_fraction=0.1631
day=3137 susceptible=1142 carriers=0058 avg_resistant_fraction=0.1545
day=3138 susceptible=1143 carriers=0057 avg_resistant_fraction=0.1629
day=3139 susceptible=1143 carriers=0057 avg_resistant_fraction=0.1625
day=3140 susceptible=1141 carriers=0059 avg_resistant_fraction=0.2082
day=3141 susceptible=1138 carriers=0062 avg_resistant_fraction=0.2028
day=3142 susceptible=1139 carriers=0061 avg_resistant_fraction=0.1670
day=3143 susceptible=1141 carriers=0059 avg_resistant_fraction=0.1773
day=3144 susceptible=1139 carriers=0061 avg_resistant_fraction=0.2413
day=3145 susceptible=1143 carriers=0057 avg_resistant_fraction=0.1566
day=3146 susceptible=1142 carriers=0058 avg_resistant_fraction=0.1604
day=3147 susceptible=1141 carriers=0059 avg_resistant_fraction=0.1727
day=3148 susceptible=1138 carriers=0062 avg_resistant_fraction=0.2077
day=3149 susceptible=1145 carriers=0055 avg_resistant_fraction=0.1635
day=3150 susceptible=1142 carriers=0058 avg_resistant_fraction=0.2580
day=3151 susceptible=1147 carriers=0053 avg_resistant_fraction=0.1947
day=3152 susceptible=1152 carriers=0048 avg_resistant_fraction=0.1703
day=3153 susceptible=1150 carriers=0050 avg_resistant_fraction=0.1852
day=3154 susceptible=1148 carriers=0052 avg_resistant_fraction=0.1515
day=3155 susceptible=1146 carriers=0054 avg_resistant_fraction=0.1673
day=3156 susceptible=1135 carriers=0065 avg_resistant_fraction=0.2355
day=3157 susceptible=1138 carriers=0062 avg_resistant_fraction=0.1149
day=3158 susceptible=1142 carriers=0058 avg_resistant_fraction=0.1053
day=3159 susceptible=1135 carriers=0065 avg_resistant_fraction=0.1928
day=3160 susceptible=1141 carriers=0059 avg_resistant_fraction=0.0983
day=3161 susceptible=1140 carriers=0060 avg_resistant_fraction=0.0765
day=3162 susceptible=1137 carriers=0063 avg_resistant_fraction=0.0957
day=3163 susceptible=1135 carriers=0065 avg_resistant_fraction=0.1398
day=3164 susceptible=1137 carriers=0063 avg_resistant_fraction=0.0588
day=3165 susceptible=1138 carriers=0062 avg_resistant_fraction=0.0885
day=3166 susceptible=1133 carriers=0067 avg_resistant_fraction=0.1387
day=3167 susceptible=1137 carriers=0063 avg_resistant_fraction=0.0934
day=3168 susceptible=1135 carriers=0065 avg_resistant_fraction=0.1138
day=3169 susceptible=1136 carriers=0064 avg_resistant_fraction=0.1336
day=3170 susceptible=1133 carriers=0067 avg_resistant_fraction=0.1552
day=3171 susceptible=1136 carriers=0064 avg_resistant_fraction=0.1335
day=3172 susceptible=1139 carriers=0061 avg_resistant_fraction=0.1320
day=3173 susceptible=1136 carriers=0064 avg_resistant_fraction=0.1915
day=3174 susceptible=1133 carriers=0067 avg_resistant_fraction=0.2043
day=3175 susceptible=1136 carriers=0064 avg_resistant_fraction=0.1729
day=3176 susceptible=1138 carriers=0062 avg_resistant_fraction=0.1849
day=3177 susceptible=1143 carriers=0057 avg_resistant_fraction=0.1890
day=3178 susceptible=1144 carriers=0056 avg_resistant_fraction=0.1819
day=3179 susceptible=1140 carriers=0060 avg_resistant_fraction=0.2181
day=3180 susceptible=1139 carriers=0061 avg_resistant_fraction=0.2356
day=3181 susceptible=1135 carriers=0065 avg_resistant_fraction=0.2142
day=3182 susceptible=1133 carriers=0067 avg_resistant_fraction=0.2046
day=3183 susceptible=1134 carriers=0066 avg_resistant_fraction=0.2025
day=3184 susceptible=1133 carriers=0067 avg_resistant_fraction=0.1995
day=3185 susceptible=1131 carriers=0069 avg_resistant_fraction=0.1961
day=3186 susceptible=1131 carriers=0069 avg_resistant_fraction=0.1765
day=3187 susceptible=1125 carriers=0075 avg_resistant_fraction=0.2038
day=3188 susceptible=1128 carriers=0072 avg_resistant_fraction=0.1272
day=3189 susceptible=1123 carriers=0077 avg_resistant_fraction=0.1769
day=3190 susceptible=1120 carriers=0080 avg_resistant_fraction=0.1669
day=3191 susceptible=1123 carriers=0077 avg_resistant_fraction=0.1255
day=3192 susceptible=1124 carriers=0076 avg_resistant_fraction=0.1567
day=3193 susceptible=1127 carriers=0073 avg_resistant_fraction=0.1683
day=3194 susceptible=1130 carriers=0070 avg_resistant_fraction=0.1948
day=3195 susceptible=1133 carriers=0067 avg_resistant_fraction=0.2108
day=3196 susceptible=1133 carriers=0067 avg_resistant_fraction=0.1963
day=3197 susceptible=1137 carriers=0063 avg_resistant_fraction=0.1624
day=3198 susceptible=1141 carriers=0059 avg_resistant_fraction=0.1860
day=3199 susceptible=1141 carriers=0059 avg_resistant_fraction=0.1787
day=3200 susceptible=1142 carriers=0058 avg_resistant_fraction=0.2385
day=3201 susceptible=1147 carriers=0053 avg_resistant_fraction=0.2046
day=3202 susceptible=1151 carriers=0049 avg_resistant_fraction=0.2193
day=3203 susceptible=1152 carriers=0048 avg_resistant_fraction=0.2180
day=3204 susceptible=1154 carriers=0046 avg_resistant_fraction=0.2490
day=3205 susceptible=1153 carriers=0047 avg_resistant_fraction=0.2656
day=3206 susceptible=1154 carriers=0046 avg_resistant_fraction=0.2719
day=3207 susceptible=1148 carriers=0052 avg_resistant_fraction=0.3065
day=3208 susceptible=1149 carriers=0051 avg_resistant_fraction=0.2327
day=3209 susceptible=1145 carriers=0055 avg_resistant_fraction=0.3105
day=3210 susceptible=1142 carriers=0058 avg_resistant_fraction=0.1926
day=3211 susceptible=1140 carriers=0060 avg_resistant_fraction=0.1827
day=3212 susceptible=1140 carriers=0060 avg_resistant_fraction=0.1466
day=3213 susceptible=1141 carriers=0059 avg_resistant_fraction=0.1314
day=3214 susceptible=1140 carriers=0060 avg_resistant_fraction=0.1583
day=3215 susceptible=1141 carriers=0059 avg_resistant_fraction=0.1727
day=3216 susceptible=1141 carriers=0059 avg_resistant_fraction=0.1966
day=3217 susceptible=1140 carriers=0060 avg_resistant_fraction=0.1932
day=3218 susceptible=1141 carriers=0059 avg_resistant_fraction=0.1325
day=3219 susceptible=1133 carriers=0067 avg_resistant_fraction=0.2034
day=3220 susceptible=1128 carriers=0072 avg_resistant_fraction=0.1940
day=3221 susceptible=1121 carriers=0079 avg_resistant_fraction=0.1517
day=3222 susceptible=1118 carriers=0082 avg_resistant_fraction=0.1565
day=3223 susceptible=1120 carriers=0080 avg_resistant_fraction=0.1033
day=3224 susceptible=1122 carriers=0078 avg_resistant_fraction=0.1142
day=3225 susceptible=1120 carriers=0080 avg_resistant_fraction=0.1561
day=3226 susceptible=1117 carriers=0083 avg_resistant_fraction=0.1088
day=3227 susceptible=1117 carriers=0083 avg_resistant_fraction=0.1280
day=3228 susceptible=1121 carriers=0079 avg_resistant_fraction=0.0931
day=3229 susceptible=1127 carriers=0073 avg_resistant_fraction=0.0934
day=3230 susceptible=1127 carriers=0073 avg_resistant_fraction=0.1477
day=3231 susceptible=1124 carriers=0076 avg_resistant_fraction=0.2024
day=3232 susceptible=1124 carriers=0076 avg_resistant_fraction=0.1917
day=3233 susceptible=1127 carriers=0073 avg_resistant_fraction=0.1711
day=3234 susceptible=1130 carriers=0070 avg_resistant_fraction=0.2201
day=3235 susceptible=1128 carriers=0072 avg_resistant_fraction=0.1999
day=3236 susceptible=1130 carriers=0070 avg_resistant_fraction=0.2120
day=3237 susceptible=1134 carriers=0066 avg_resistant_fraction=0.1592
day=3238 susceptible=1136 carriers=0064 avg_resistant_fraction=0.2091
day=3239 susceptible=1142 carriers=0058 avg_resistant_fraction=0.2395
day=3240 susceptible=1144 carriers=0056 avg_resistant_fraction=0.2530
day=3241 susceptible=1143 carriers=0057 avg_resistant_fraction=0.2521
day=3242 susceptible=1143 carriers=0057 avg_resistant_fraction=0.2360
day=3243 susceptible=1143 carriers=0057 avg_resistant_fraction=0.1788
day=3244 susceptible=1140 carriers=0060 avg_resistant_fraction=0.1580
day=3245 susceptible=1137 carriers=0063 avg_resistant_fraction=0.2089
day=3246 susceptible=1136 carriers=0064 avg_resistant_fraction=0.1464
day=3247 susceptible=1135 carriers=0065 avg_resistant_fraction=0.1822
day=3248 susceptible=1138 carriers=0062 avg_resistant_fraction=0.1670
day=3249 susceptible=1136 carriers=0064 avg_resistant_fraction=0.2034
day=3250 susceptible=1137 carriers=0063 avg_resistant_fraction=0.1717
day=3251 susceptible=1141 carriers=0059 avg_resistant_fraction=0.1602
day=3252 susceptible=1145 carriers=0055 avg_resistant_fraction=0.2069
day=3253 susceptible=1149 carriers=0051 avg_resistant_fraction=0.1768
day=3254 susceptible=1147 carriers=0053 avg_resistant_fraction=0.1669
day=3255 susceptible=1143 carriers=0057 avg_resistant_fraction=0.2118
day=3256 susceptible=1145 carriers=0055 avg_resistant_fraction=0.1558
day=3257 susceptible=1144 carriers=0056 avg_resistant_fraction=0.1906
day=3258 susceptible=1148 carriers=0052 avg_resistant_fraction=0.1461
day=3259 susceptible=1153 carriers=0047 avg_resistant_fraction=0.1357
day=3260 susceptible=1150 carriers=0050 avg_resistant_fraction=0.0967
day=3261 susceptible=1147 carriers=0053 avg_resistant_fraction=0.1589
day=3262 susceptible=1148 carriers=0052 avg_resistant_fraction=0.1449
day=3263 susceptible=1145 carriers=0055 avg_resistant_fraction=0.1315
day=3264 susceptible=1144 carriers=0056 avg_resistant_fraction=0.1326
day=3265 susceptible=1142 carriers=0058 avg_resistant_fraction=0.1188
day=3266 susceptible=1143 carriers=0057 avg_resistant_fraction=0.1186
day=3267 susceptible=1143 carriers=0057 avg_resistant_fraction=0.1576
day=3268 susceptible=1148 carriers=0052 avg_resistant_fraction=0.1437
day=3269 susceptible=1148 carriers=0052 avg_resistant_fraction=0.1837
day=3270 susceptible=1151 carriers=0049 avg_resistant_fraction=0.1700
day=3271 susceptible=1152 carriers=0048 avg_resistant_fraction=0.1815
day=3272 susceptible=1152 carriers=0048 avg_resistant_fraction=0.2245
day=3273 susceptible=1150 carriers=0050 avg_resistant_fraction=0.2019
day=3274 susceptible=1154 carriers=0046 avg_resistant_fraction=0.2078
day=3275 susceptible=1151 carriers=0049 avg_resistant_fraction=0.2596
day=3276 susceptible=1154 carriers=0046 avg_resistant_fraction=0.2364
day=3277 susceptible=1152 carriers=0048 avg_resistant_fraction=0.2498
day=3278 susceptible=1147 carriers=0053 avg_resistant_fraction=0.2852
day=3279 susceptible=1146 carriers=0054 avg_resistant_fraction=0.1681
day=3280 susceptible=1143 carriers=0057 avg_resistant_fraction=0.2096
day=3281 susceptible=1139 carriers=0061 avg_resistant_fraction=0.1856
day=3282 susceptible=1142 carriers=0058 avg_resistant_fraction=0.1230
day=3283 susceptible=1137 carriers=0063 avg_resistant_fraction=0.1495
day=3284 susceptible=1138 carriers=0062 avg_resistant_fraction=0.0991
day=3285 susceptible=1137 carriers=0063 avg_resistant_fraction=0.1277
day=3286 susceptible=1135 carriers=0065 avg_resistant_fraction=0.1342
day=3287 susceptible=1134 carriers=0066 avg_resistant_fraction=0.1507
day=3288 susceptible=1137 carriers=0063 avg_resistant_fraction=0.1596
day=3289 susceptible=1139 carriers=0061 avg_resistant_fraction=0.1590
day=3290 susceptible=1141 carriers=0059 avg_resistant_fraction=0.1759
day=3291 susceptible=1136 carriers=0064 avg_resistant_fraction=0.2127
day=3292 susceptible=1134 carriers=0066 avg_resistant_fraction=0.2082
day=3293 susceptible=1137 carriers=0063 avg_resistant_fraction=0.1694
day=3294 susceptible=1140 carriers=0060 avg_resistant_fraction=0.1332
day=3295 susceptible=1144 carriers=0056 avg_resistant_fraction=0.1386
day=3296 susceptible=1144 carriers=0056 avg_resistant_fraction=0.1519
day=3297 susceptible=1144 carriers=0056 avg_resistant_fraction=0.1640
day=3298 susceptible=1143 carriers=0057 avg_resistant_fraction=0.1544
day=3299 susceptible=1142 carriers=0058 avg_resistant_fraction=0.1794
day=3300 susceptible=1142 carriers=0058 avg_resistant_fraction=0.1749
day=3301 susceptible=1145 carriers=0055 avg_resistant_fraction=0.1876
day=3302 susceptible=1144 carriers=0056 avg_resistant_fraction=0.1665
day=3303 susceptible=1144 carriers=0056 avg_resistant_fraction=0.1763
day=3304 susceptible=1143 carriers=0057 avg_resistant_fraction=0.1698
day=3305 susceptible=1145 carriers=0055 avg_resistant_fraction=0.2047
day=3306 susceptible=1147 carriers=0053 avg_resistant_fraction=0.2454
day=3307 susceptible=1147 carriers=0053 avg_resistant_fraction=0.2338
day=3308 susceptible=1147 carriers=0053 avg_resistant_fraction=0.2310
day=3309 susceptible=1149 carriers=0051 avg_resistant_fraction=0.2272
day=3310 susceptible=1143 carriers=0057 avg_resistant_fraction=0.2986
day=3311 susceptible=1144 carriers=0056 avg_resistant_fraction=0.3003
day=3312 susceptible=1145 carriers=0055 avg_resistant_fraction=0.3280
day=3313 susceptible=1143 carriers=0057 avg_resistant_fraction=0.3037
day=3314 susceptible=1143 carriers=0057 avg_resistant_fraction=0.2623
day=3315 susceptible=1143 carriers=0057 avg_resistant_fraction=0.2548
day=3316 susceptible=1145 carriers=0055 avg_resistant_fraction=0.1576
day=3317 susceptible=1144 carriers=0056 avg_resistant_fraction=0.1635
day=3318 susceptible=1144 carriers=0056 avg_resistant_fraction=0.1727
day=3319 susceptible=1143 carriers=0057 avg_resistant_fraction=0.1855
day=3320 susceptible=1144 carriers=0056 avg_resistant_fraction=0.2061
day=3321 susceptible=1143 carriers=0057 avg_resistant_fraction=0.1681
day=3322 susceptible=1141 carriers=0059 avg_resistant_fraction=0.1519
day=3323 susceptible=1140 carriers=0060 avg_resistant_fraction=0.1256
day=3324 susceptible=1136 carriers=0064 avg_resistant_fraction=0.1397
day=3325 susceptible=1139 carriers=0061 avg_resistant_fraction=0.1365
day=3326 susceptible=1142 carriers=0058 avg_resistant_fraction=0.1468
day=3327 susceptible=1140 carriers=0060 avg_resistant_fraction=0.1890
day=3328 susceptible=1142 carriers=0058 avg_resistant_fraction=0.1965
day=3329 susceptible=1139 carriers=0061 avg_resistant_fraction=0.2129
day=3330 susceptible=1139 carriers=0061 avg_resistant_fraction=0.2010
day=3331 susceptible=1137 carriers=0063 avg_resistant_fraction=0.1783
day=3332 susceptible=1138 carriers=0062 avg_resistant_fraction=0.1742
day=3333 susceptible=1141 carriers=0059 avg_resistant_fraction=0.1613
day=3334 susceptible=1138 carriers=0062 avg_resistant_fraction=0.2337
day=3335 susceptible=1135 carriers=0065 avg_resistant_fraction=0.2164
day=3336 susceptible=1142 carriers=0058 avg_resistant_fraction=0.1991
day=3337 susceptible=1141 carriers=0059 avg_resistant_fraction=0.2466
day=3338 susceptible=1142 carriers=0058 avg_resistant_fraction=0.2040
day=3339 susceptible=1146 carriers=0054 avg_resistant_fraction=0.1565
day=3340 susceptible=1149 carriers=0051 avg_resistant_fraction=0.1350
day=3341 susceptible=1147 carriers=0053 avg_resistant_fraction=0.2115
day=3342 susceptible=1147 carriers=0053 avg_resistant_fraction=0.1739
day=3343 susceptible=1149 carriers=0051 avg_resistant_fraction=0.1117
day=3344 susceptible=1151 carriers=0049 avg_resistant_fraction=0.1090
day=3345 susceptible=1148 carriers=0052 avg_resistant_fraction=0.1453
day=3346 susceptible=1151 carriers=0049 avg_resistant_fraction=0.1395
day=3347 susceptible=1148 carriers=0052 avg_resistant_fraction=0.1725
day=3348 susceptible=1149 carriers=0051 avg_resistant_fraction=0.1183
day=3349 susceptible=1144 carriers=0056 avg_resistant_fraction=0.1471
day=3350 susceptible=1145 carriers=0055 avg_resistant_fraction=0.1398
day=3351 susceptible=1146 carriers=0054 avg_resistant_fraction=0.1727
day=3352 susceptible=1146 carriers=0054 avg_resistant_fraction=0.1432
day=3353 susceptible=1149 carriers=0051 avg_resistant_fraction=0.1516
day=3354 susceptible=1148 carriers=0052 avg_resistant_fraction=0.1772
day=3355 susceptible=1154 carriers=0046 avg_resistant_fraction=0.0927
day=3356 susceptible=1154 carriers=0046 avg_resistant_fraction=0.1013
day=3357 susceptible=1151 carriers=0049 avg_resistant_fraction=0.1356
day=3358 susceptible=1146 carriers=0054 avg_resistant_fraction=0.1867
day=3359 susceptible=1144 carriers=0056 avg_resistant_fraction=0.1406
day=3360 susceptible=1139 carriers=0061 avg_resistant_fraction=0.1470
day=3361 susceptible=1139 carriers=0061 avg_resistant_fraction=0.1240
day=3362 susceptible=1143 carriers=0057 avg_resistant_fraction=0.1289
day=3363 susceptible=1140 carriers=0060 avg_resistant_fraction=0.1710
day=3364 susceptible=1141 carriers=0059 avg_resistant_fraction=0.1336
day=3365 susceptible=1139 carriers=0061 avg_resistant_fraction=0.1209
day=3366 susceptible=1141 carriers=0059 avg_resistant_fraction=0.1124
day=3367 susceptible=1143 carriers=0057 avg_resistant_fraction=0.0810
day=3368 susceptible=1143 carriers=0057 avg_resistant_fraction=0.1388
day=3369 susceptible=1142 carriers=0058 avg_resistant_fraction=0.1790
day=3370 susceptible=1137 carriers=0063 avg_resistant_fraction=0.2047
day=3371 susceptible=1139 carriers=0061 avg_resistant_fraction=0.1968
day=3372 susceptible=1140 carriers=0060 avg_resistant_fraction=0.1420
day=3373 susceptible=1136 carriers=0064 avg_resistant_fraction=0.2108
day=3374 susceptible=1134 carriers=0066 avg_resistant_fraction=0.2218
day=3375 susceptible=1132 carriers=0068 avg_resistant_fraction=0.2065
day=3376 susceptible=1133 carriers=0067 avg_resistant_fraction=0.2014
day=3377 susceptible=1134 carriers=0066 avg_resistant_fraction=0.1928
day=3378 susceptible=1138 carriers=0062 avg_resistant_fraction=0.1820
day=3379 susceptible=1141 carriers=0059 avg_resistant_fraction=0.1570
day=3380 susceptible=1143 carriers=0057 avg_resistant_fraction=0.2044
day=3381 susceptible=1138 carriers=0062 avg_resistant_fraction=0.2302
day=3382 susceptible=1137 carriers=0063 avg_resistant_fraction=0.1877
day=3383 susceptible=1135 carriers=0065 avg_resistant_fraction=0.1969
day=3384 susceptible=1133 carriers=0067 avg_resistant_fraction=0.1878
day=3385 susceptible=1133 carriers=0067 avg_resistant_fraction=0.1742
day=3386 susceptible=1134 carriers=0066 avg_resistant_fraction=0.1414
day=3387 susceptible=1133 carriers=0067 avg_resistant_fraction=0.1644
day=3388 susceptible=1134 carriers=0066 avg_resistant_fraction=0.1546
day=3389 susceptible=1132 carriers=0068 avg_resistant_fraction=0.1957
day=3390 susceptible=1132 carriers=0068 avg_resistant_fraction=0.1568
day=3391 susceptible=1132 carriers=0068 avg_resistant_fraction=0.1614
day=3392 susceptible=1133 carriers=0067 avg_resistant_fraction=0.1710
day=3393 susceptible=1134 carriers=0066 avg_resistant_fraction=0.1704
day=3394 susceptible=1133 carriers=0067 avg_resistant_fraction=0.1626
day=3395 susceptible=1129 carriers=0071 avg_resistant_fraction=0.1918
day=3396 susceptible=1129 carriers=0071 avg_resistant_fraction=0.1867
day=3397 susceptible=1131 carriers=0069 avg_resistant_fraction=0.1620
day=3398 susceptible=1130 carriers=0070 avg_resistant_fraction=0.1701
day=3399 susceptible=1132 carriers=0068 avg_resistant_fraction=0.1404
day=3400 susceptible=1130 carriers=0070 avg_resistant_fraction=0.1577
day=3401 susceptible=1131 carriers=0069 avg_resistant_fraction=0.1738
day=3402 susceptible=1137 carriers=0063 avg_resistant_fraction=0.1401
day=3403 susceptible=1135 carriers=0065 avg_resistant_fraction=0.2124
day=3404 susceptible=1138 carriers=0062 avg_resistant_fraction=0.1719
day=3405 susceptible=1137 carriers=0063 avg_resistant_fraction=0.1554
day=3406 susceptible=1139 carriers=0061 avg_resistant_fraction=0.1635
day=3407 susceptible=1140 carriers=0060 avg_resistant_fraction=0.2118
day=3408 susceptible=1138 carriers=0062 avg_resistant_fraction=0.1806
day=3409 susceptible=1138 carriers=0062 avg_resistant_fraction=0.1907
day=3410 susceptible=1135 carriers=0065 avg_resistant_fraction=0.1818
day=3411 susceptible=1136 carriers=0064 avg_resistant_fraction=0.1724
day=3412 susceptible=1139 carriers=0061 avg_resistant_fraction=0.1906
day=3413 susceptible=1139 carriers=0061 avg_resistant_fraction=0.2313
day=3414 susceptible=1139 carriers=0061 avg_resistant_fraction=0.1802
day=3415 susceptible=1140 carriers=0060 avg_resistant_fraction=0.2041
day=3416 susceptible=1139 carriers=0061 avg_resistant_fraction=0.1915
day=3417 susceptible=1135 carriers=0065 avg_resistant_fraction=0.1862
day=3418 susceptible=1135 carriers=0065 avg_resistant_fraction=0.1483
day=3419 susceptible=1135 carriers=0065 avg_resistant_fraction=0.1017
day=3420 susceptible=1136 carriers=0064 avg_resistant_fraction=0.1034
day=3421 susceptible=1134 carriers=0066 avg_resistant_fraction=0.1696
day=3422 susceptible=1135 carriers=0065 avg_resistant_fraction=0.1378
day=3423 susceptible=1136 carriers=0064 avg_resistant_fraction=0.1585
day=3424 susceptible=1137 carriers=0063 avg_resistant_fraction=0.1322
day=3425 susceptible=1137 carriers=0063 avg_resistant_fraction=0.1747
day=3426 susceptible=1135 carriers=0065 avg_resistant_fraction=0.2465
day=3427 susceptible=1132 carriers=0068 avg_resistant_fraction=0.2334
day=3428 susceptible=1134 carriers=0066 avg_resistant_fraction=0.1680
day=3429 susceptible=1129 carriers=0071 avg_resistant_fraction=0.2239
day=3430 susceptible=1132 carriers=0068 avg_resistant_fraction=0.1930
day=3431 susceptible=1135 carriers=0065 avg_resistant_fraction=0.1839
day=3432 susceptible=1138 carriers=0062 avg_resistant_fraction=0.2197
day=3433 susceptible=1143 carriers=0057 avg_resistant_fraction=0.2214
day=3434 susceptible=1141 carriers=0059 avg_resistant_fraction=0.2334
day=3435 susceptible=1139 carriers=0061 avg_resistant_fraction=0.2178
day=3436 susceptible=1145 carriers=0055 avg_resistant_fraction=0.1314
day=3437 susceptible=1143 carriers=0057 avg_resistant_fraction=0.1585
day=3438 susceptible=1134 carriers=0066 avg_resistant_fraction=0.2607
day=3439 susceptible=1134 carriers=0066 avg_resistant_fraction=0.1390
day=3440 susceptible=1131 carriers=0069 avg_resistant_fraction=0.1602
day=3441 susceptible=1126 carriers=0074 avg_resistant_fraction=0.1705
day=3442 susceptible=1131 carriers=0069 avg_resistant_fraction=0.0892
day=3443 susceptible=1133 carriers=0067 avg_resistant_fraction=0.1057
day=3444 susceptible=1134 carriers=0066 avg_resistant_fraction=0.1617
day=3445 susceptible=1133 carriers=0067 avg_resistant_fraction=0.1550
day=3446 susceptible=1133 carriers=0067 avg_resistant_fraction=0.1275
day=3447 susceptible=1134 carriers=0066 avg_resistant_fraction=0.1060
day=3448 susceptible=1136 carriers=0064 avg_resistant_fraction=0.1134
day=3449 susceptible=1135 carriers=0065 avg_resistant_fraction=0.1254
day=3450 susceptible=1134 carriers=0066 avg_resistant_fraction=0.1409
day=3451 susceptible=1128 carriers=0072 avg_resistant_fraction=0.1953
day=3452 susceptible=1129 carriers=0071 avg_resistant_fraction=0.1515
day=3453 susceptible=1125 carriers=0075 avg_resistant_fraction=0.1442
day=3454 susceptible=1128 carriers=0072 avg_resistant_fraction=0.1125
day=3455 susceptible=1129 carriers=0071 avg_resistant_fraction=0.1063
day=3456 susceptible=1131 carriers=0069 avg_resistant_fraction=0.1371
day=3457 susceptible=1132 carriers=0068 avg_resistant_fraction=0.1225
day=3458 susceptible=1136 carriers=0064 avg_resistant_fraction=0.1299
day=3459 susceptible=1140 carriers=0060 avg_resistant_fraction=0.1283
day=3460 susceptible=1140 carriers=0060 avg_resistant_fraction=0.1391
day=3461 susceptible=1140 carriers=0060 avg_resistant_fraction=0.1228
day=3462 susceptible=1140 carriers=0060 avg_resistant_fraction=0.0981
day=3463 susceptible=1137 carriers=0063 avg_resistant_fraction=0.1014
day=3464 susceptible=1140 carriers=0060 avg_resistant_fraction=0.1252
day=3465 susceptible=1140 carriers=0060 avg_resistant_fraction=0.1488
day=3466 susceptible=1143 carriers=0057 avg_resistant_fraction=0.1038
day=3467 susceptible=1143 carriers=0057 avg_resistant_fraction=0.1188
day=3468 susceptible=1143 carriers=0057 avg_resistant_fraction=0.1213
day=3469 susceptible=1146 carriers=0054 avg_resistant_fraction=0.2018
day=3470 susceptible=1141 carriers=0059 avg_resistant_fraction=0.2568
day=3471 susceptible=1141 carriers=0059 avg_resistant_fraction=0.1846
day=3472 susceptible=1138 carriers=0062 avg_resistant_fraction=0.1628
day=3473 susceptible=1134 carriers=0066 avg_resistant_fraction=0.1890
day=3474 susceptible=1133 carriers=0067 avg_resistant_fraction=0.1419
day=3475 susceptible=1134 carriers=0066 avg_resistant_fraction=0.1952
day=3476 susceptible=1136 carriers=0064 avg_resistant_fraction=0.1930
day=3477 susceptible=1133 carriers=0067 avg_resistant_fraction=0.2474
day=3478 susceptible=1136 carriers=0064 avg_resistant_fraction=0.1656
day=3479 susceptible=1138 carriers=0062 avg_resistant_fraction=0.2006
day=3480 susceptible=1134 carriers=0066 avg_resistant_fraction=0.2031
day=3481 susceptible=1133 carriers=0067 avg_resistant_fraction=0.2005
day=3482 susceptible=1133 carriers=0067 avg_resistant_fraction=0.1730
day=3483 susceptible=1132 carriers=0068 avg_resistant_fraction=0.1706
day=3484 susceptible=1130 carriers=0070 avg_resistant_fraction=0.2060
day=3485 susceptible=1137 carriers=0063 avg_resistant_fraction=0.1469
day=3486 susceptible=1136 carriers=0064 avg_resistant_fraction=0.2119
day=3487 susceptible=1133 carriers=0067 avg_resistant_fraction=0.1864
day=3488 susceptible=1137 carriers=0063 avg_resistant_fraction=0.1934
day=3489 susceptible=1134 carriers=0066 avg_resistant_fraction=0.1791
day=3490 susceptible=1135 carriers=0065 avg_resistant_fraction=0.1462
day=3491 susceptible=1134 carriers=0066 avg_resistant_fraction=0.1931
day=3492 susceptible=1134 carriers=0066 avg_resistant_fraction=0.1760
day=3493 susceptible=1133 carriers=0067 avg_resistant_fraction=0.1901
day=3494 susceptible=1133 carriers=0067 avg_resistant_fraction=0.1714
day=3495 susceptible=1132 carriers=0068 avg_resistant_fraction=0.1402
day=3496 susceptible=1133 carriers=0067 avg_resistant_fraction=0.2049
day=3497 susceptible=1136 carriers=0064 avg_resistant_fraction=0.1939
day=3498 susceptible=1135 carriers=0065 avg_resistant_fraction=0.2244
day=3499 susceptible=1134 carriers=0066 avg_resistant_fraction=0.2152
day=3500 susceptible=1137 carriers=0063 avg_resistant_fraction=0.1860
day=3501 susceptible=1135 carriers=0065 avg_resistant_fraction=0.2310
day=3502 susceptible=1134 carriers=0066 avg_resistant_fraction=0.2372
day=3503 susceptible=1131 carriers=0069 avg_resistant_fraction=0.2530
day=3504 susceptible=1135 carriers=0065 avg_resistant_fraction=0.2039
day=3505 susceptible=1140 carriers=0060 avg_resistant_fraction=0.1754
day=3506 susceptible=1140 carriers=0060 avg_resistant_fraction=0.1961
day=3507 susceptible=1143 carriers=0057 avg_resistant_fraction=0.1719
day=3508 susceptible=1145 carriers=0055 avg_resistant_fraction=0.1615
day=3509 susceptible=1146 carriers=0054 avg_resistant_fraction=0.1689
day=3510 susceptible=1144 carriers=0056 avg_resistant_fraction=0.1740
day=3511 susceptible=1141 carriers=0059 avg_resistant_fraction=0.1866
day=3512 susceptible=1139 carriers=0061 avg_resistant_fraction=0.1746
day=3513 susceptible=1135 carriers=0065 avg_resistant_fraction=0.1990
day=3514 susceptible=1134 carriers=0066 avg_resistant_fraction=0.1349
day=3515 susceptible=1136 carriers=0064 avg_resistant_fraction=0.0891
day=3516 susceptible=1132 carriers=0068 avg_resistant_fraction=0.1228
day=3517 susceptible=1133 carriers=0067 avg_resistant_fraction=0.1051
day=3518 susceptible=1131 carriers=0069 avg_resistant_fraction=0.1728
day=3519 susceptible=1134 carriers=0066 avg_resistant_fraction=0.1328
day=3520 susceptible=1132 carriers=0068 avg_resistant_fraction=0.1746
day=3521 susceptible=1133 carriers=0067 avg_resistant_fraction=0.1266
day=3522 susceptible=1132 carriers=0068 avg_resistant_fraction=0.1676
day=3523 susceptible=1135 carriers=0065 avg_resistant_fraction=0.1654
day=3524 susceptible=1134 carriers=0066 avg_resistant_fraction=0.1394
day=3525 susceptible=1134 carriers=0066 avg_resistant_fraction=0.1708
day=3526 susceptible=1133 carriers=0067 avg_resistant_fraction=0.1703
day=3527 susceptible=1136 carriers=0064 avg_resistant_fraction=0.1592
day=3528 susceptible=1138 carriers=0062 avg_resistant_fraction=0.1651
day=3529 susceptible=1141 carriers=0059 avg_resistant_fraction=0.1928
day=3530 susceptible=1148 carriers=0052 avg_resistant_fraction=0.1803
day=3531 susceptible=1147 carriers=0053 avg_resistant_fraction=0.2068
day=3532 susceptible=1149 carriers=0051 avg_resistant_fraction=0.2236
day=3533 susceptible=1151 carriers=0049 avg_resistant_fraction=0.2248
day=3534 susceptible=1149 carriers=0051 avg_resistant_fraction=0.2773
day=3535 susceptible=1153 carriers=0047 avg_resistant_fraction=0.1982
day=3536 susceptible=1153 carriers=0047 avg_resistant_fraction=0.2291
day=3537 susceptible=1150 carriers=0050 avg_resistant_fraction=0.2227
day=3538 susceptible=1148 carriers=0052 avg_resistant_fraction=0.2194
day=3539 susceptible=1148 carriers=0052 avg_resistant_fraction=0.1491
day=3540 susceptible=1149 carriers=0051 avg_resistant_fraction=0.1310
day=3541 susceptible=1150 carriers=0050 avg_resistant_fraction=0.1374
day=3542 susceptible=1145 carriers=0055 avg_resistant_fraction=0.1754
day=3543 susceptible=1139 carriers=0061 avg_resistant_fraction=0.1679
day=3544 susceptible=1135 carriers=0065 avg_resistant_fraction=0.1544
day=3545 susceptible=1139 carriers=0061 avg_resistant_fraction=0.1306
day=3546 susceptible=1135 carriers=0065 avg_resistant_fraction=0.1370
day=3547 susceptible=1136 carriers=0064 avg_resistant_fraction=0.1547
day=3548 susceptible=1135 carriers=0065 avg_resistant_fraction=0.1286
day=3549 susceptible=1134 carriers=0066 avg_resistant_fraction=0.1525
day=3550 susceptible=1136 carriers=0064 avg_resistant_fraction=0.1407
day=3551 susceptible=1132 carriers=0068 avg_resistant_fraction=0.1523
day=3552 susceptible=1129 carriers=0071 avg_resistant_fraction=0.1820
day=3553 susceptible=1126 carriers=0074 avg_resistant_fraction=0.1607
day=3554 susceptible=1122 carriers=0078 avg_resistant_fraction=0.1689
day=3555 susceptible=1126 carriers=0074 avg_resistant_fraction=0.1332
day=3556 susceptible=1129 carriers=0071 avg_resistant_fraction=0.1224
day=3557 susceptible=1134 carriers=0066 avg_resistant_fraction=0.1428
day=3558 susceptible=1130 carriers=0070 avg_resistant_fraction=0.1844
day=3559 susceptible=1132 carriers=0068 avg_resistant_fraction=0.1527
day=3560 susceptible=1140 carriers=0060 avg_resistant_fraction=0.1569
day=3561 susceptible=1137 carriers=0063 avg_resistant_fraction=0.2195
day=3562 susceptible=1131 carriers=0069 avg_resistant_fraction=0.2075
day=3563 susceptible=1131 carriers=0069 avg_resistant_fraction=0.1654
day=3564 susceptible=1133 carriers=0067 avg_resistant_fraction=0.1446
day=3565 susceptible=1133 carriers=0067 avg_resistant_fraction=0.1740
day=3566 susceptible=1139 carriers=0061 avg_resistant_fraction=0.1244
day=3567 susceptible=1138 carriers=0062 avg_resistant_fraction=0.1459
day=3568 susceptible=1137 carriers=0063 avg_resistant_fraction=0.1314
day=3569 susceptible=1137 carriers=0063 avg_resistant_fraction=0.1201
day=3570 susceptible=1130 carriers=0070 avg_resistant_fraction=0.1531
day=3571 susceptible=1124 carriers=0076 avg_resistant_fraction=0.1202
day=3572 susceptible=1122 carriers=0078 avg_resistant_fraction=0.0890
day=3573 susceptible=1119 carriers=0081 avg_resistant_fraction=0.1798
day=3574 susceptible=1122 carriers=0078 avg_resistant_fraction=0.1194
day=3575 susceptible=1123 carriers=0077 avg_resistant_fraction=0.1259
day=3576 susceptible=1124 carriers=0076 avg_resistant_fraction=0.1422
day=3577 susceptible=1129 carriers=0071 avg_resistant_fraction=0.1347
day=3578 susceptible=1130 carriers=0070 avg_resistant_fraction=0.1494
day=3579 susceptible=1129 carriers=0071 avg_resistant_fraction=0.1750
day=3580 susceptible=1128 carriers=0072 avg_resistant_fraction=0.1693
day=3581 susceptible=1129 carriers=0071 avg_resistant_fraction=0.1694
day=3582 susceptible=1126 carriers=0074 avg_resistant_fraction=0.1833
day=3583 susceptible=1124 carriers=0076 avg_resistant_fraction=0.2073
day=3584 susceptible=1120 carriers=0080 avg_resistant_fraction=0.2041
day=3585 susceptible=1122 carriers=0078 avg_resistant_fraction=0.1840
day=3586 susceptible=1123 carriers=0077 avg_resistant_fraction=0.2078
day=3587 susceptible=1128 carriers=0072 avg_resistant_fraction=0.1953
day=3588 susceptible=1126 carriers=0074 avg_resistant_fraction=0.1954
day=3589 susceptible=1118 carriers=0082 avg_resistant_fraction=0.2153
day=3590 susceptible=1121 carriers=0079 avg_resistant_fraction=0.1997
day=3591 susceptible=1124 carriers=0076 avg_resistant_fraction=0.2036
day=3592 susceptible=1124 carriers=0076 avg_resistant_fraction=0.1949
day=3593 susceptible=1122 carriers=0078 avg_resistant_fraction=0.2176
day=3594 susceptible=1127 carriers=0073 avg_resistant_fraction=0.1574
day=3595 susceptible=1127 carriers=0073 avg_resistant_fraction=0.2126
day=3596 susceptible=1127 carriers=0073 avg_resistant_fraction=0.1966
day=3597 susceptible=1125 carriers=0075 avg_resistant_fraction=0.1983
day=3598 susceptible=1128 carriers=0072 avg_resistant_fraction=0.1958
day=3599 susceptible=1129 carriers=0071 avg_resistant_fraction=0.2071
day=3600 susceptible=1128 carriers=0072 avg_resistant_fraction=0.1678
day=3601 susceptible=1129 carriers=0071 avg_resistant_fraction=0.1728
day=3602 susceptible=1134 carriers=0066 avg_resistant_fraction=0.1332
day=3603 susceptible=1137 carriers=0063 avg_resistant_fraction=0.1241
day=3604 susceptible=1140 carriers=0060 avg_resistant_fraction=0.1606
day=3605 susceptible=1141 carriers=0059 avg_resistant_fraction=0.1366
day=3606 susceptible=1141 carriers=0059 avg_resistant_fraction=0.1291
day=3607 susceptible=1142 carriers=0058 avg_resistant_fraction=0.1851
day=3608 susceptible=1144 carriers=0056 avg_resistant_fraction=0.1850
day=3609 susceptible=1141 carriers=0059 avg_resistant_fraction=0.2039
day=3610 susceptible=1143 carriers=0057 avg_resistant_fraction=0.1769
day=3611 susceptible=1145 carriers=0055 avg_resistant_fraction=0.1868
day=3612 susceptible=1142 carriers=0058 avg_resistant_fraction=0.1753
day=3613 susceptible=1140 carriers=0060 avg_resistant_fraction=0.2112
day=3614 susceptible=1138 carriers=0062 avg_resistant_fraction=0.1868
day=3615 susceptible=1134 carriers=0066 avg_resistant_fraction=0.2169
day=3616 susceptible=1129 carriers=0071 avg_resistant_fraction=0.2290
day=3617 susceptible=1128 carriers=0072 avg_resistant_fraction=0.2060
day=3618 susceptible=1131 carriers=0069 avg_resistant_fraction=0.2138
day=3619 susceptible=1134 carriers=0066 avg_resistant_fraction=0.2405
day=3620 susceptible=1137 carriers=0063 avg_resistant_fraction=0.2651
day=3621 susceptible=1133 carriers=0067 avg_resistant_fraction=0.2749
day=3622 susceptible=1131 carriers=0069 avg_resistant_fraction=0.2429
day=3623 susceptible=1130 carriers=0070 avg_resistant_fraction=0.2273
day=3624 susceptible=1128 carriers=0072 avg_resistant_fraction=0.2216
day=3625 susceptible=1128 carriers=0072 avg_resistant_fraction=0.2753
day=3626 susceptible=1132 carriers=0068 avg_resistant_fraction=0.2338
day=3627 susceptible=1133 carriers=0067 avg_resistant_fraction=0.2155
day=3628 susceptible=1132 carriers=0068 avg_resistant_fraction=0.1898
day=3629 susceptible=1135 carriers=0065 avg_resistant_fraction=0.2272
day=3630 susceptible=1131 carriers=0069 avg_resistant_fraction=0.2692
day=3631 susceptible=1127 carriers=0073 avg_resistant_fraction=0.2540
day=3632 susceptible=1124 carriers=0076 avg_resistant_fraction=0.2105
day=3633 susceptible=1124 carriers=0076 avg_resistant_fraction=0.1689
day=3634 susceptible=1126 carriers=0074 avg_resistant_fraction=0.1622
day=3635 susceptible=1127 carriers=0073 avg_resistant_fraction=0.1835
day=3636 susceptible=1134 carriers=0066 avg_resistant_fraction=0.1702
day=3637 susceptible=1135 carriers=0065 avg_resistant_fraction=0.1685
day=3638 susceptible=1133 carriers=0067 avg_resistant_fraction=0.1978
day=3639 susceptible=1135 carriers=0065 avg_resistant_fraction=0.1286
day=3640 susceptible=1137 carriers=0063 avg_resistant_fraction=0.1193
day=3641 susceptible=1136 carriers=0064 avg_resistant_fraction=0.1418
day=3642 susceptible=1137 carriers=0063 avg_resistant_fraction=0.1274
day=3643 susceptible=1141 carriers=0059 avg_resistant_fraction=0.1716
day=3644 susceptible=1138 carriers=0062 avg_resistant_fraction=0.1725
day=3645 susceptible=1137 carriers=0063 avg_resistant_fraction=0.1816
day=3646 susceptible=1137 carriers=0063 avg_resistant_fraction=0.1016
day=3647 susceptible=1141 carriers=0059 avg_resistant_fraction=0.0740
day=3648 susceptible=1141 carriers=0059 avg_resistant_fraction=0.1342
day=3649 susceptible=1138 carriers=0062 avg_resistant_fraction=0.1204
day=3650 susceptible=1140 carriers=0060 avg_resistant_fraction=0.0905
run_end day=3650 susceptible=1140 carriers=60 avg_resistant_fraction=0.0905 active_micro_episodes=58
run_dir=/workspace/outputs/LongTermConvergence
macro_log_written daily=/workspace/outputs/LongTermConvergence/data/macro_daily.parquet by_hospital=/workspace/outputs/LongTermConvergence/data/macro_daily_by_hospital.parquet
micro_log_written daily=/workspace/outputs/LongTermConvergence/data/micro_daily.parquet by_hospital=/workspace/outputs/LongTermConvergence/data/micro_daily_by_hospital.parquet patient_daily=/workspace/outputs/LongTermConvergence/data/micro_patient_daily.parquet genotype=/workspace/outputs/LongTermConvergence/data/micro_daily_genotype.parquet hospital_population=/workspace/outputs/LongTermConvergence/data/micro_hospital_population.parquet strain_daily=/workspace/outputs/LongTermConvergence/data/micro_strain_daily.parquet episode_gene_daily=/workspace/outputs/LongTermConvergence/data/micro_episode_gene_daily.parquet
plots_written to=/workspace/outputs/LongTermConvergence/plots
